git_commit,machine,cpu_model,compiler,compile_flags,dataset,dataset_path,query_path,N,d,k,RF,method,query_id,repeat_id,T_query_sketch_ms,T_binary_scan_ms,T_candidate_selection_ms,T_rescore_ms,T_final_topk_ms,T_total_ms,ndcg100,jaccard,num_survivors
0bbeb0653a569e5394ac94a502549b079f7a055c,meow1,AMD Ryzen 9 9950X 16-Core Processor,c++ (Ubuntu 15.2.0-4ubuntu4) 15.2.0,CMAKE_CXX_FLAGS:STRING= CMAKE_CXX_FLAGS_RELEASE:STRING=-O3 -DNDEBUG,wikimedia_wikipedia_mxbai,/home/yunchih/code/simsearch/python/out/local_query_embeddings_1024.parquet,/home/yunchih/code/simsearch/python/query_embeddings/combined.jsonl,313,1024,100,0,float32_avx2,0,0,0.0,0.0,0.0,0.0,0.0,0.035,1.0000000000000004,1.0,100
0bbeb0653a569e5394ac94a502549b079f7a055c,meow1,AMD Ryzen 9 9950X 16-Core Processor,c++ (Ubuntu 15.2.0-4ubuntu4) 15.2.0,CMAKE_CXX_FLAGS:STRING= CMAKE_CXX_FLAGS_RELEASE:STRING=-O3 -DNDEBUG,wikimedia_wikipedia_mxbai,/home/yunchih/code/simsearch/python/out/local_query_embeddings_1024.parquet,/home/yunchih/code/simsearch/python/query_embeddings/combined.jsonl,313,1024,100,0,binary,0,0,0.003877,0.001452,0.001563,0.0,0.0,0.008136,1.0000000000000004,1.0,100
0bbeb0653a569e5394ac94a502549b079f7a055c,meow1,AMD Ryzen 9 9950X 16-Core Processor,c++ (Ubuntu 15.2.0-4ubuntu4) 15.2.0,CMAKE_CXX_FLAGS:STRING= CMAKE_CXX_FLAGS_RELEASE:STRING=-O3 -DNDEBUG,wikimedia_wikipedia_mxbai,/home/yunchih/code/simsearch/python/out/local_query_embeddings_1024.parquet,/home/yunchih/code/simsearch/python/query_embeddings/combined.jsonl,313,1024,100,10,two_step_RF10,0,0,0.003677,0.000621,0.004097,0.013776,0.002044,0.026229,0.25111553767168043,0.19047619047619047,313
0bbeb0653a569e5394ac94a502549b079f7a055c,meow1,AMD Ryzen 9 9950X 16-Core Processor,c++ (Ubuntu 15.2.0-4ubuntu4) 15.2.0,CMAKE_CXX_FLAGS:STRING= CMAKE_CXX_FLAGS_RELEASE:STRING=-O3 -DNDEBUG,wikimedia_wikipedia_mxbai,/home/yunchih/code/simsearch/python/out/local_query_embeddings_1024.parquet,/home/yunchih/code/simsearch/python/query_embeddings/combined.jsonl,313,1024,100,50,two_step_RF50,0,0,0.001452,0.000691,0.003837,0.012413,0.001713,0.02123,0.25111553767168043,0.19047619047619047,313
0bbeb0653a569e5394ac94a502549b079f7a055c,meow1,AMD Ryzen 9 9950X 16-Core Processor,c++ (Ubuntu 15.2.0-4ubuntu4) 15.2.0,CMAKE_CXX_FLAGS:STRING= CMAKE_CXX_FLAGS_RELEASE:STRING=-O3 -DNDEBUG,wikimedia_wikipedia_mxbai,/home/yunchih/code/simsearch/python/out/local_query_embeddings_1024.parquet,/home/yunchih/code/simsearch/python/query_embeddings/combined.jsonl,313,1024,100,10,two_step_mf_RF10,0,0,0.003537,0.000661,0.003677,0.101721,0.001984,0.112912,0.25111553767168043,0.19047619047619047,313
0bbeb0653a569e5394ac94a502549b079f7a055c,meow1,AMD Ryzen 9 9950X 16-Core Processor,c++ (Ubuntu 15.2.0-4ubuntu4) 15.2.0,CMAKE_CXX_FLAGS:STRING= CMAKE_CXX_FLAGS_RELEASE:STRING=-O3 -DNDEBUG,wikimedia_wikipedia_mxbai,/home/yunchih/code/simsearch/python/out/local_query_embeddings_1024.parquet,/home/yunchih/code/simsearch/python/query_embeddings/combined.jsonl,313,1024,100,50,two_step_mf_RF50,0,0,0.001382,0.000641,0.003677,0.0906,0.001734,0.099006,0.25111553767168043,0.19047619047619047,313
0bbeb0653a569e5394ac94a502549b079f7a055c,meow1,AMD Ryzen 9 9950X 16-Core Processor,c++ (Ubuntu 15.2.0-4ubuntu4) 15.2.0,CMAKE_CXX_FLAGS:STRING= CMAKE_CXX_FLAGS_RELEASE:STRING=-O3 -DNDEBUG,wikimedia_wikipedia_mxbai,/home/yunchih/code/simsearch/python/out/local_query_embeddings_1024.parquet,/home/yunchih/code/simsearch/python/query_embeddings/combined.jsonl,313,1024,100,0,float32_avx2,1,0,0.0,0.0,0.0,0.0,0.0,0.011,1.0000000000000004,1.0,100
0bbeb0653a569e5394ac94a502549b079f7a055c,meow1,AMD Ryzen 9 9950X 16-Core Processor,c++ (Ubuntu 15.2.0-4ubuntu4) 15.2.0,CMAKE_CXX_FLAGS:STRING= CMAKE_CXX_FLAGS_RELEASE:STRING=-O3 -DNDEBUG,wikimedia_wikipedia_mxbai,/home/yunchih/code/simsearch/python/out/local_query_embeddings_1024.parquet,/home/yunchih/code/simsearch/python/query_embeddings/combined.jsonl,313,1024,100,0,binary,1,0,0.003737,0.000671,0.001172,0.0,0.0,0.006452,1.0000000000000004,1.0,100
0bbeb0653a569e5394ac94a502549b079f7a055c,meow1,AMD Ryzen 9 9950X 16-Core Processor,c++ (Ubuntu 15.2.0-4ubuntu4) 15.2.0,CMAKE_CXX_FLAGS:STRING= CMAKE_CXX_FLAGS_RELEASE:STRING=-O3 -DNDEBUG,wikimedia_wikipedia_mxbai,/home/yunchih/code/simsearch/python/out/local_query_embeddings_1024.parquet,/home/yunchih/code/simsearch/python/query_embeddings/combined.jsonl,313,1024,100,10,two_step_RF10,1,0,0.003557,0.000611,0.003637,0.016942,0.001713,0.027572,0.25111553767168043,0.19047619047619047,313
0bbeb0653a569e5394ac94a502549b079f7a055c,meow1,AMD Ryzen 9 9950X 16-Core Processor,c++ (Ubuntu 15.2.0-4ubuntu4) 15.2.0,CMAKE_CXX_FLAGS:STRING= CMAKE_CXX_FLAGS_RELEASE:STRING=-O3 -DNDEBUG,wikimedia_wikipedia_mxbai,/home/yunchih/code/simsearch/python/out/local_query_embeddings_1024.parquet,/home/yunchih/code/simsearch/python/query_embeddings/combined.jsonl,313,1024,100,50,two_step_RF50,1,0,0.003707,0.000722,0.004147,0.016602,0.001923,0.030176,0.25111553767168043,0.19047619047619047,313
0bbeb0653a569e5394ac94a502549b079f7a055c,meow1,AMD Ryzen 9 9950X 16-Core Processor,c++ (Ubuntu 15.2.0-4ubuntu4) 15.2.0,CMAKE_CXX_FLAGS:STRING= CMAKE_CXX_FLAGS_RELEASE:STRING=-O3 -DNDEBUG,wikimedia_wikipedia_mxbai,/home/yunchih/code/simsearch/python/out/local_query_embeddings_1024.parquet,/home/yunchih/code/simsearch/python/query_embeddings/combined.jsonl,313,1024,100,10,two_step_mf_RF10,1,0,0.003587,0.000661,0.003927,0.091662,0.001924,0.103224,0.25111553767168043,0.19047619047619047,313
0bbeb0653a569e5394ac94a502549b079f7a055c,meow1,AMD Ryzen 9 9950X 16-Core Processor,c++ (Ubuntu 15.2.0-4ubuntu4) 15.2.0,CMAKE_CXX_FLAGS:STRING= CMAKE_CXX_FLAGS_RELEASE:STRING=-O3 -DNDEBUG,wikimedia_wikipedia_mxbai,/home/yunchih/code/simsearch/python/out/local_query_embeddings_1024.parquet,/home/yunchih/code/simsearch/python/query_embeddings/combined.jsonl,313,1024,100,50,two_step_mf_RF50,1,0,0.002535,0.000641,0.003757,0.09053,0.001794,0.100318,0.25111553767168043,0.19047619047619047,313
0bbeb0653a569e5394ac94a502549b079f7a055c,meow1,AMD Ryzen 9 9950X 16-Core Processor,c++ (Ubuntu 15.2.0-4ubuntu4) 15.2.0,CMAKE_CXX_FLAGS:STRING= CMAKE_CXX_FLAGS_RELEASE:STRING=-O3 -DNDEBUG,wikimedia_wikipedia_mxbai,/home/yunchih/code/simsearch/python/out/local_query_embeddings_1024.parquet,/home/yunchih/code/simsearch/python/query_embeddings/combined.jsonl,313,1024,100,0,float32_avx2,2,0,0.0,0.0,0.0,0.0,0.0,0.011,1.0000000000000004,1.0,100
0bbeb0653a569e5394ac94a502549b079f7a055c,meow1,AMD Ryzen 9 9950X 16-Core Processor,c++ (Ubuntu 15.2.0-4ubuntu4) 15.2.0,CMAKE_CXX_FLAGS:STRING= CMAKE_CXX_FLAGS_RELEASE:STRING=-O3 -DNDEBUG,wikimedia_wikipedia_mxbai,/home/yunchih/code/simsearch/python/out/local_query_embeddings_1024.parquet,/home/yunchih/code/simsearch/python/query_embeddings/combined.jsonl,313,1024,100,0,binary,2,0,0.003907,0.000661,0.001323,0.0,0.0,0.006813,1.0000000000000004,1.0,100
0bbeb0653a569e5394ac94a502549b079f7a055c,meow1,AMD Ryzen 9 9950X 16-Core Processor,c++ (Ubuntu 15.2.0-4ubuntu4) 15.2.0,CMAKE_CXX_FLAGS:STRING= CMAKE_CXX_FLAGS_RELEASE:STRING=-O3 -DNDEBUG,wikimedia_wikipedia_mxbai,/home/yunchih/code/simsearch/python/out/local_query_embeddings_1024.parquet,/home/yunchih/code/simsearch/python/query_embeddings/combined.jsonl,313,1024,100,10,two_step_RF10,2,0,0.003307,0.000611,0.003737,0.012413,0.001774,0.023134,0.25111553767168043,0.19047619047619047,313
0bbeb0653a569e5394ac94a502549b079f7a055c,meow1,AMD Ryzen 9 9950X 16-Core Processor,c++ (Ubuntu 15.2.0-4ubuntu4) 15.2.0,CMAKE_CXX_FLAGS:STRING= CMAKE_CXX_FLAGS_RELEASE:STRING=-O3 -DNDEBUG,wikimedia_wikipedia_mxbai,/home/yunchih/code/simsearch/python/out/local_query_embeddings_1024.parquet,/home/yunchih/code/simsearch/python/query_embeddings/combined.jsonl,313,1024,100,50,two_step_RF50,2,0,0.001363,0.000661,0.003577,0.012192,0.001623,0.020619,0.25111553767168043,0.19047619047619047,313
0bbeb0653a569e5394ac94a502549b079f7a055c,meow1,AMD Ryzen 9 9950X 16-Core Processor,c++ (Ubuntu 15.2.0-4ubuntu4) 15.2.0,CMAKE_CXX_FLAGS:STRING= CMAKE_CXX_FLAGS_RELEASE:STRING=-O3 -DNDEBUG,wikimedia_wikipedia_mxbai,/home/yunchih/code/simsearch/python/out/local_query_embeddings_1024.parquet,/home/yunchih/code/simsearch/python/query_embeddings/combined.jsonl,313,1024,100,10,two_step_mf_RF10,2,0,0.003346,0.000671,0.003507,0.091142,0.001583,0.10122,0.25111553767168043,0.19047619047619047,313
0bbeb0653a569e5394ac94a502549b079f7a055c,meow1,AMD Ryzen 9 9950X 16-Core Processor,c++ (Ubuntu 15.2.0-4ubuntu4) 15.2.0,CMAKE_CXX_FLAGS:STRING= CMAKE_CXX_FLAGS_RELEASE:STRING=-O3 -DNDEBUG,wikimedia_wikipedia_mxbai,/home/yunchih/code/simsearch/python/out/local_query_embeddings_1024.parquet,/home/yunchih/code/simsearch/python/query_embeddings/combined.jsonl,313,1024,100,50,two_step_mf_RF50,2,0,0.001362,0.000631,0.003526,0.094908,0.001503,0.102843,0.25111553767168043,0.19047619047619047,313
0bbeb0653a569e5394ac94a502549b079f7a055c,meow1,AMD Ryzen 9 9950X 16-Core Processor,c++ (Ubuntu 15.2.0-4ubuntu4) 15.2.0,CMAKE_CXX_FLAGS:STRING= CMAKE_CXX_FLAGS_RELEASE:STRING=-O3 -DNDEBUG,wikimedia_wikipedia_mxbai,/home/yunchih/code/simsearch/python/out/local_query_embeddings_1024.parquet,/home/yunchih/code/simsearch/python/query_embeddings/combined.jsonl,313,1024,100,0,float32_avx2,3,0,0.0,0.0,0.0,0.0,0.0,0.011,1.0000000000000004,1.0,100
0bbeb0653a569e5394ac94a502549b079f7a055c,meow1,AMD Ryzen 9 9950X 16-Core Processor,c++ (Ubuntu 15.2.0-4ubuntu4) 15.2.0,CMAKE_CXX_FLAGS:STRING= CMAKE_CXX_FLAGS_RELEASE:STRING=-O3 -DNDEBUG,wikimedia_wikipedia_mxbai,/home/yunchih/code/simsearch/python/out/local_query_embeddings_1024.parquet,/home/yunchih/code/simsearch/python/query_embeddings/combined.jsonl,313,1024,100,0,binary,3,0,0.003587,0.000671,0.001223,0.0,0.0,0.006382,1.0000000000000004,1.0,100
0bbeb0653a569e5394ac94a502549b079f7a055c,meow1,AMD Ryzen 9 9950X 16-Core Processor,c++ (Ubuntu 15.2.0-4ubuntu4) 15.2.0,CMAKE_CXX_FLAGS:STRING= CMAKE_CXX_FLAGS_RELEASE:STRING=-O3 -DNDEBUG,wikimedia_wikipedia_mxbai,/home/yunchih/code/simsearch/python/out/local_query_embeddings_1024.parquet,/home/yunchih/code/simsearch/python/query_embeddings/combined.jsonl,313,1024,100,10,two_step_RF10,3,0,0.003337,0.000621,0.003517,0.012344,0.001552,0.022483,0.25111553767168043,0.19047619047619047,313
0bbeb0653a569e5394ac94a502549b079f7a055c,meow1,AMD Ryzen 9 9950X 16-Core Processor,c++ (Ubuntu 15.2.0-4ubuntu4) 15.2.0,CMAKE_CXX_FLAGS:STRING= CMAKE_CXX_FLAGS_RELEASE:STRING=-O3 -DNDEBUG,wikimedia_wikipedia_mxbai,/home/yunchih/code/simsearch/python/out/local_query_embeddings_1024.parquet,/home/yunchih/code/simsearch/python/query_embeddings/combined.jsonl,313,1024,100,50,two_step_RF50,3,0,0.001162,0.000661,0.003556,0.012283,0.001573,0.020398,0.25111553767168043,0.19047619047619047,313
0bbeb0653a569e5394ac94a502549b079f7a055c,meow1,AMD Ryzen 9 9950X 16-Core Processor,c++ (Ubuntu 15.2.0-4ubuntu4) 15.2.0,CMAKE_CXX_FLAGS:STRING= CMAKE_CXX_FLAGS_RELEASE:STRING=-O3 -DNDEBUG,wikimedia_wikipedia_mxbai,/home/yunchih/code/simsearch/python/out/local_query_embeddings_1024.parquet,/home/yunchih/code/simsearch/python/query_embeddings/combined.jsonl,313,1024,100,10,two_step_mf_RF10,3,0,0.003356,0.000671,0.003547,0.091111,0.001503,0.10123,0.25111553767168043,0.19047619047619047,313
0bbeb0653a569e5394ac94a502549b079f7a055c,meow1,AMD Ryzen 9 9950X 16-Core Processor,c++ (Ubuntu 15.2.0-4ubuntu4) 15.2.0,CMAKE_CXX_FLAGS:STRING= CMAKE_CXX_FLAGS_RELEASE:STRING=-O3 -DNDEBUG,wikimedia_wikipedia_mxbai,/home/yunchih/code/simsearch/python/out/local_query_embeddings_1024.parquet,/home/yunchih/code/simsearch/python/query_embeddings/combined.jsonl,313,1024,100,50,two_step_mf_RF50,3,0,0.001022,0.000631,0.003577,0.090571,0.001452,0.098274,0.25111553767168043,0.19047619047619047,313
0bbeb0653a569e5394ac94a502549b079f7a055c,meow1,AMD Ryzen 9 9950X 16-Core Processor,c++ (Ubuntu 15.2.0-4ubuntu4) 15.2.0,CMAKE_CXX_FLAGS:STRING= CMAKE_CXX_FLAGS_RELEASE:STRING=-O3 -DNDEBUG,wikimedia_wikipedia_mxbai,/home/yunchih/code/simsearch/python/out/local_query_embeddings_1024.parquet,/home/yunchih/code/simsearch/python/query_embeddings/combined.jsonl,313,1024,100,0,float32_avx2,4,0,0.0,0.0,0.0,0.0,0.0,0.011,1.0000000000000004,1.0,100
0bbeb0653a569e5394ac94a502549b079f7a055c,meow1,AMD Ryzen 9 9950X 16-Core Processor,c++ (Ubuntu 15.2.0-4ubuntu4) 15.2.0,CMAKE_CXX_FLAGS:STRING= CMAKE_CXX_FLAGS_RELEASE:STRING=-O3 -DNDEBUG,wikimedia_wikipedia_mxbai,/home/yunchih/code/simsearch/python/out/local_query_embeddings_1024.parquet,/home/yunchih/code/simsearch/python/query_embeddings/combined.jsonl,313,1024,100,0,binary,4,0,0.003556,0.000672,0.001152,0.0,0.0,0.006161,1.0000000000000004,1.0,100
0bbeb0653a569e5394ac94a502549b079f7a055c,meow1,AMD Ryzen 9 9950X 16-Core Processor,c++ (Ubuntu 15.2.0-4ubuntu4) 15.2.0,CMAKE_CXX_FLAGS:STRING= CMAKE_CXX_FLAGS_RELEASE:STRING=-O3 -DNDEBUG,wikimedia_wikipedia_mxbai,/home/yunchih/code/simsearch/python/out/local_query_embeddings_1024.parquet,/home/yunchih/code/simsearch/python/query_embeddings/combined.jsonl,313,1024,100,10,two_step_RF10,4,0,0.003577,0.000611,0.003506,0.012283,0.001573,0.022572,0.25111553767168043,0.19047619047619047,313
0bbeb0653a569e5394ac94a502549b079f7a055c,meow1,AMD Ryzen 9 9950X 16-Core Processor,c++ (Ubuntu 15.2.0-4ubuntu4) 15.2.0,CMAKE_CXX_FLAGS:STRING= CMAKE_CXX_FLAGS_RELEASE:STRING=-O3 -DNDEBUG,wikimedia_wikipedia_mxbai,/home/yunchih/code/simsearch/python/out/local_query_embeddings_1024.parquet,/home/yunchih/code/simsearch/python/query_embeddings/combined.jsonl,313,1024,100,50,two_step_RF50,4,0,0.001162,0.000672,0.003576,0.012283,0.001553,0.020308,0.25111553767168043,0.19047619047619047,313
0bbeb0653a569e5394ac94a502549b079f7a055c,meow1,AMD Ryzen 9 9950X 16-Core Processor,c++ (Ubuntu 15.2.0-4ubuntu4) 15.2.0,CMAKE_CXX_FLAGS:STRING= CMAKE_CXX_FLAGS_RELEASE:STRING=-O3 -DNDEBUG,wikimedia_wikipedia_mxbai,/home/yunchih/code/simsearch/python/out/local_query_embeddings_1024.parquet,/home/yunchih/code/simsearch/python/query_embeddings/combined.jsonl,313,1024,100,10,two_step_mf_RF10,4,0,0.003566,0.000651,0.003607,0.091081,0.001483,0.10136,0.25111553767168043,0.19047619047619047,313
0bbeb0653a569e5394ac94a502549b079f7a055c,meow1,AMD Ryzen 9 9950X 16-Core Processor,c++ (Ubuntu 15.2.0-4ubuntu4) 15.2.0,CMAKE_CXX_FLAGS:STRING= CMAKE_CXX_FLAGS_RELEASE:STRING=-O3 -DNDEBUG,wikimedia_wikipedia_mxbai,/home/yunchih/code/simsearch/python/out/local_query_embeddings_1024.parquet,/home/yunchih/code/simsearch/python/query_embeddings/combined.jsonl,313,1024,100,50,two_step_mf_RF50,4,0,0.001092,0.000621,0.003567,0.09056,0.001453,0.098224,0.25111553767168043,0.19047619047619047,313
0bbeb0653a569e5394ac94a502549b079f7a055c,meow1,AMD Ryzen 9 9950X 16-Core Processor,c++ (Ubuntu 15.2.0-4ubuntu4) 15.2.0,CMAKE_CXX_FLAGS:STRING= CMAKE_CXX_FLAGS_RELEASE:STRING=-O3 -DNDEBUG,wikimedia_wikipedia_mxbai,/home/yunchih/code/simsearch/python/out/local_query_embeddings_1024.parquet,/home/yunchih/code/simsearch/python/query_embeddings/combined.jsonl,313,1024,100,0,float32_avx2,5,0,0.0,0.0,0.0,0.0,0.0,0.01,1.0000000000000004,1.0,100
0bbeb0653a569e5394ac94a502549b079f7a055c,meow1,AMD Ryzen 9 9950X 16-Core Processor,c++ (Ubuntu 15.2.0-4ubuntu4) 15.2.0,CMAKE_CXX_FLAGS:STRING= CMAKE_CXX_FLAGS_RELEASE:STRING=-O3 -DNDEBUG,wikimedia_wikipedia_mxbai,/home/yunchih/code/simsearch/python/out/local_query_embeddings_1024.parquet,/home/yunchih/code/simsearch/python/query_embeddings/combined.jsonl,313,1024,100,0,binary,5,0,0.003597,0.000671,0.001072,0.0,0.0,0.006161,1.0000000000000004,1.0,100
0bbeb0653a569e5394ac94a502549b079f7a055c,meow1,AMD Ryzen 9 9950X 16-Core Processor,c++ (Ubuntu 15.2.0-4ubuntu4) 15.2.0,CMAKE_CXX_FLAGS:STRING= CMAKE_CXX_FLAGS_RELEASE:STRING=-O3 -DNDEBUG,wikimedia_wikipedia_mxbai,/home/yunchih/code/simsearch/python/out/local_query_embeddings_1024.parquet,/home/yunchih/code/simsearch/python/query_embeddings/combined.jsonl,313,1024,100,10,two_step_RF10,5,0,0.003467,0.000621,0.003547,0.012182,0.001453,0.022322,0.25111553767168043,0.19047619047619047,313
0bbeb0653a569e5394ac94a502549b079f7a055c,meow1,AMD Ryzen 9 9950X 16-Core Processor,c++ (Ubuntu 15.2.0-4ubuntu4) 15.2.0,CMAKE_CXX_FLAGS:STRING= CMAKE_CXX_FLAGS_RELEASE:STRING=-O3 -DNDEBUG,wikimedia_wikipedia_mxbai,/home/yunchih/code/simsearch/python/out/local_query_embeddings_1024.parquet,/home/yunchih/code/simsearch/python/query_embeddings/combined.jsonl,313,1024,100,50,two_step_RF50,5,0,0.000841,0.000661,0.003537,0.012163,0.001503,0.019848,0.25111553767168043,0.19047619047619047,313
0bbeb0653a569e5394ac94a502549b079f7a055c,meow1,AMD Ryzen 9 9950X 16-Core Processor,c++ (Ubuntu 15.2.0-4ubuntu4) 15.2.0,CMAKE_CXX_FLAGS:STRING= CMAKE_CXX_FLAGS_RELEASE:STRING=-O3 -DNDEBUG,wikimedia_wikipedia_mxbai,/home/yunchih/code/simsearch/python/out/local_query_embeddings_1024.parquet,/home/yunchih/code/simsearch/python/query_embeddings/combined.jsonl,313,1024,100,10,two_step_mf_RF10,5,0,0.003406,0.000662,0.003526,0.091101,0.001483,0.10115,0.25111553767168043,0.19047619047619047,313
0bbeb0653a569e5394ac94a502549b079f7a055c,meow1,AMD Ryzen 9 9950X 16-Core Processor,c++ (Ubuntu 15.2.0-4ubuntu4) 15.2.0,CMAKE_CXX_FLAGS:STRING= CMAKE_CXX_FLAGS_RELEASE:STRING=-O3 -DNDEBUG,wikimedia_wikipedia_mxbai,/home/yunchih/code/simsearch/python/out/local_query_embeddings_1024.parquet,/home/yunchih/code/simsearch/python/query_embeddings/combined.jsonl,313,1024,100,50,two_step_mf_RF50,5,0,0.001172,0.000621,0.003517,0.093586,0.001523,0.10137,0.25111553767168043,0.19047619047619047,313
0bbeb0653a569e5394ac94a502549b079f7a055c,meow1,AMD Ryzen 9 9950X 16-Core Processor,c++ (Ubuntu 15.2.0-4ubuntu4) 15.2.0,CMAKE_CXX_FLAGS:STRING= CMAKE_CXX_FLAGS_RELEASE:STRING=-O3 -DNDEBUG,wikimedia_wikipedia_mxbai,/home/yunchih/code/simsearch/python/out/local_query_embeddings_1024.parquet,/home/yunchih/code/simsearch/python/query_embeddings/combined.jsonl,313,1024,100,0,float32_avx2,6,0,0.0,0.0,0.0,0.0,0.0,0.01,1.0000000000000004,1.0,100
0bbeb0653a569e5394ac94a502549b079f7a055c,meow1,AMD Ryzen 9 9950X 16-Core Processor,c++ (Ubuntu 15.2.0-4ubuntu4) 15.2.0,CMAKE_CXX_FLAGS:STRING= CMAKE_CXX_FLAGS_RELEASE:STRING=-O3 -DNDEBUG,wikimedia_wikipedia_mxbai,/home/yunchih/code/simsearch/python/out/local_query_embeddings_1024.parquet,/home/yunchih/code/simsearch/python/query_embeddings/combined.jsonl,313,1024,100,0,binary,6,0,0.003737,0.000651,0.001072,0.0,0.0,0.006282,1.0000000000000004,1.0,100
0bbeb0653a569e5394ac94a502549b079f7a055c,meow1,AMD Ryzen 9 9950X 16-Core Processor,c++ (Ubuntu 15.2.0-4ubuntu4) 15.2.0,CMAKE_CXX_FLAGS:STRING= CMAKE_CXX_FLAGS_RELEASE:STRING=-O3 -DNDEBUG,wikimedia_wikipedia_mxbai,/home/yunchih/code/simsearch/python/out/local_query_embeddings_1024.parquet,/home/yunchih/code/simsearch/python/query_embeddings/combined.jsonl,313,1024,100,10,two_step_RF10,6,0,0.003466,0.000621,0.003506,0.012203,0.001493,0.022362,0.25111553767168043,0.19047619047619047,313
0bbeb0653a569e5394ac94a502549b079f7a055c,meow1,AMD Ryzen 9 9950X 16-Core Processor,c++ (Ubuntu 15.2.0-4ubuntu4) 15.2.0,CMAKE_CXX_FLAGS:STRING= CMAKE_CXX_FLAGS_RELEASE:STRING=-O3 -DNDEBUG,wikimedia_wikipedia_mxbai,/home/yunchih/code/simsearch/python/out/local_query_embeddings_1024.parquet,/home/yunchih/code/simsearch/python/query_embeddings/combined.jsonl,313,1024,100,50,two_step_RF50,6,0,0.000932,0.000671,0.003557,0.012243,0.001542,0.020008,0.25111553767168043,0.19047619047619047,313
0bbeb0653a569e5394ac94a502549b079f7a055c,meow1,AMD Ryzen 9 9950X 16-Core Processor,c++ (Ubuntu 15.2.0-4ubuntu4) 15.2.0,CMAKE_CXX_FLAGS:STRING= CMAKE_CXX_FLAGS_RELEASE:STRING=-O3 -DNDEBUG,wikimedia_wikipedia_mxbai,/home/yunchih/code/simsearch/python/out/local_query_embeddings_1024.parquet,/home/yunchih/code/simsearch/python/query_embeddings/combined.jsonl,313,1024,100,10,two_step_mf_RF10,6,0,0.003447,0.000671,0.003557,0.091071,0.001503,0.10125,0.25111553767168043,0.19047619047619047,313
0bbeb0653a569e5394ac94a502549b079f7a055c,meow1,AMD Ryzen 9 9950X 16-Core Processor,c++ (Ubuntu 15.2.0-4ubuntu4) 15.2.0,CMAKE_CXX_FLAGS:STRING= CMAKE_CXX_FLAGS_RELEASE:STRING=-O3 -DNDEBUG,wikimedia_wikipedia_mxbai,/home/yunchih/code/simsearch/python/out/local_query_embeddings_1024.parquet,/home/yunchih/code/simsearch/python/query_embeddings/combined.jsonl,313,1024,100,50,two_step_mf_RF50,6,0,0.001103,0.000631,0.003526,0.09051,0.001533,0.098205,0.25111553767168043,0.19047619047619047,313
0bbeb0653a569e5394ac94a502549b079f7a055c,meow1,AMD Ryzen 9 9950X 16-Core Processor,c++ (Ubuntu 15.2.0-4ubuntu4) 15.2.0,CMAKE_CXX_FLAGS:STRING= CMAKE_CXX_FLAGS_RELEASE:STRING=-O3 -DNDEBUG,wikimedia_wikipedia_mxbai,/home/yunchih/code/simsearch/python/out/local_query_embeddings_1024.parquet,/home/yunchih/code/simsearch/python/query_embeddings/combined.jsonl,313,1024,100,0,float32_avx2,7,0,0.0,0.0,0.0,0.0,0.0,0.011,1.0000000000000004,1.0,100
0bbeb0653a569e5394ac94a502549b079f7a055c,meow1,AMD Ryzen 9 9950X 16-Core Processor,c++ (Ubuntu 15.2.0-4ubuntu4) 15.2.0,CMAKE_CXX_FLAGS:STRING= CMAKE_CXX_FLAGS_RELEASE:STRING=-O3 -DNDEBUG,wikimedia_wikipedia_mxbai,/home/yunchih/code/simsearch/python/out/local_query_embeddings_1024.parquet,/home/yunchih/code/simsearch/python/query_embeddings/combined.jsonl,313,1024,100,0,binary,7,0,0.003367,0.000671,0.001092,0.0,0.0,0.005971,1.0000000000000004,1.0,100
0bbeb0653a569e5394ac94a502549b079f7a055c,meow1,AMD Ryzen 9 9950X 16-Core Processor,c++ (Ubuntu 15.2.0-4ubuntu4) 15.2.0,CMAKE_CXX_FLAGS:STRING= CMAKE_CXX_FLAGS_RELEASE:STRING=-O3 -DNDEBUG,wikimedia_wikipedia_mxbai,/home/yunchih/code/simsearch/python/out/local_query_embeddings_1024.parquet,/home/yunchih/code/simsearch/python/query_embeddings/combined.jsonl,313,1024,100,10,two_step_RF10,7,0,0.003276,0.000631,0.003517,0.012354,0.001422,0.022251,0.25111553767168043,0.19047619047619047,313
0bbeb0653a569e5394ac94a502549b079f7a055c,meow1,AMD Ryzen 9 9950X 16-Core Processor,c++ (Ubuntu 15.2.0-4ubuntu4) 15.2.0,CMAKE_CXX_FLAGS:STRING= CMAKE_CXX_FLAGS_RELEASE:STRING=-O3 -DNDEBUG,wikimedia_wikipedia_mxbai,/home/yunchih/code/simsearch/python/out/local_query_embeddings_1024.parquet,/home/yunchih/code/simsearch/python/query_embeddings/combined.jsonl,313,1024,100,50,two_step_RF50,7,0,0.000882,0.000681,0.003577,0.012133,0.001513,0.019907,0.25111553767168043,0.19047619047619047,313
0bbeb0653a569e5394ac94a502549b079f7a055c,meow1,AMD Ryzen 9 9950X 16-Core Processor,c++ (Ubuntu 15.2.0-4ubuntu4) 15.2.0,CMAKE_CXX_FLAGS:STRING= CMAKE_CXX_FLAGS_RELEASE:STRING=-O3 -DNDEBUG,wikimedia_wikipedia_mxbai,/home/yunchih/code/simsearch/python/out/local_query_embeddings_1024.parquet,/home/yunchih/code/simsearch/python/query_embeddings/combined.jsonl,313,1024,100,10,two_step_mf_RF10,7,0,0.003466,0.000662,0.003516,0.091061,0.001483,0.1012,0.25111553767168043,0.19047619047619047,313
0bbeb0653a569e5394ac94a502549b079f7a055c,meow1,AMD Ryzen 9 9950X 16-Core Processor,c++ (Ubuntu 15.2.0-4ubuntu4) 15.2.0,CMAKE_CXX_FLAGS:STRING= CMAKE_CXX_FLAGS_RELEASE:STRING=-O3 -DNDEBUG,wikimedia_wikipedia_mxbai,/home/yunchih/code/simsearch/python/out/local_query_embeddings_1024.parquet,/home/yunchih/code/simsearch/python/query_embeddings/combined.jsonl,313,1024,100,50,two_step_mf_RF50,7,0,0.001042,0.000631,0.003587,0.09054,0.001452,0.098224,0.25111553767168043,0.19047619047619047,313
0bbeb0653a569e5394ac94a502549b079f7a055c,meow1,AMD Ryzen 9 9950X 16-Core Processor,c++ (Ubuntu 15.2.0-4ubuntu4) 15.2.0,CMAKE_CXX_FLAGS:STRING= CMAKE_CXX_FLAGS_RELEASE:STRING=-O3 -DNDEBUG,wikimedia_wikipedia_mxbai,/home/yunchih/code/simsearch/python/out/local_query_embeddings_1024.parquet,/home/yunchih/code/simsearch/python/query_embeddings/combined.jsonl,313,1024,100,0,float32_avx2,8,0,0.0,0.0,0.0,0.0,0.0,0.01,1.0000000000000004,1.0,100
0bbeb0653a569e5394ac94a502549b079f7a055c,meow1,AMD Ryzen 9 9950X 16-Core Processor,c++ (Ubuntu 15.2.0-4ubuntu4) 15.2.0,CMAKE_CXX_FLAGS:STRING= CMAKE_CXX_FLAGS_RELEASE:STRING=-O3 -DNDEBUG,wikimedia_wikipedia_mxbai,/home/yunchih/code/simsearch/python/out/local_query_embeddings_1024.parquet,/home/yunchih/code/simsearch/python/query_embeddings/combined.jsonl,313,1024,100,0,binary,8,0,0.003566,0.000682,0.001102,0.0,0.0,0.006152,1.0000000000000004,1.0,100
0bbeb0653a569e5394ac94a502549b079f7a055c,meow1,AMD Ryzen 9 9950X 16-Core Processor,c++ (Ubuntu 15.2.0-4ubuntu4) 15.2.0,CMAKE_CXX_FLAGS:STRING= CMAKE_CXX_FLAGS_RELEASE:STRING=-O3 -DNDEBUG,wikimedia_wikipedia_mxbai,/home/yunchih/code/simsearch/python/out/local_query_embeddings_1024.parquet,/home/yunchih/code/simsearch/python/query_embeddings/combined.jsonl,313,1024,100,10,two_step_RF10,8,0,0.003497,0.000621,0.003497,0.012193,0.001483,0.022312,0.25111553767168043,0.19047619047619047,313
0bbeb0653a569e5394ac94a502549b079f7a055c,meow1,AMD Ryzen 9 9950X 16-Core Processor,c++ (Ubuntu 15.2.0-4ubuntu4) 15.2.0,CMAKE_CXX_FLAGS:STRING= CMAKE_CXX_FLAGS_RELEASE:STRING=-O3 -DNDEBUG,wikimedia_wikipedia_mxbai,/home/yunchih/code/simsearch/python/out/local_query_embeddings_1024.parquet,/home/yunchih/code/simsearch/python/query_embeddings/combined.jsonl,313,1024,100,50,two_step_RF50,8,0,0.000731,0.000671,0.003576,0.012203,0.001473,0.019737,0.25111553767168043,0.19047619047619047,313
0bbeb0653a569e5394ac94a502549b079f7a055c,meow1,AMD Ryzen 9 9950X 16-Core Processor,c++ (Ubuntu 15.2.0-4ubuntu4) 15.2.0,CMAKE_CXX_FLAGS:STRING= CMAKE_CXX_FLAGS_RELEASE:STRING=-O3 -DNDEBUG,wikimedia_wikipedia_mxbai,/home/yunchih/code/simsearch/python/out/local_query_embeddings_1024.parquet,/home/yunchih/code/simsearch/python/query_embeddings/combined.jsonl,313,1024,100,10,two_step_mf_RF10,8,0,0.003386,0.000671,0.003537,0.091082,0.001512,0.101161,0.25111553767168043,0.19047619047619047,313
0bbeb0653a569e5394ac94a502549b079f7a055c,meow1,AMD Ryzen 9 9950X 16-Core Processor,c++ (Ubuntu 15.2.0-4ubuntu4) 15.2.0,CMAKE_CXX_FLAGS:STRING= CMAKE_CXX_FLAGS_RELEASE:STRING=-O3 -DNDEBUG,wikimedia_wikipedia_mxbai,/home/yunchih/code/simsearch/python/out/local_query_embeddings_1024.parquet,/home/yunchih/code/simsearch/python/query_embeddings/combined.jsonl,313,1024,100,50,two_step_mf_RF50,8,0,0.001142,0.000621,0.003537,0.093065,0.001463,0.100739,0.25111553767168043,0.19047619047619047,313
0bbeb0653a569e5394ac94a502549b079f7a055c,meow1,AMD Ryzen 9 9950X 16-Core Processor,c++ (Ubuntu 15.2.0-4ubuntu4) 15.2.0,CMAKE_CXX_FLAGS:STRING= CMAKE_CXX_FLAGS_RELEASE:STRING=-O3 -DNDEBUG,wikimedia_wikipedia_mxbai,/home/yunchih/code/simsearch/python/out/local_query_embeddings_1024.parquet,/home/yunchih/code/simsearch/python/query_embeddings/combined.jsonl,313,1024,100,0,float32_avx2,9,0,0.0,0.0,0.0,0.0,0.0,0.01,1.0000000000000004,1.0,100
0bbeb0653a569e5394ac94a502549b079f7a055c,meow1,AMD Ryzen 9 9950X 16-Core Processor,c++ (Ubuntu 15.2.0-4ubuntu4) 15.2.0,CMAKE_CXX_FLAGS:STRING= CMAKE_CXX_FLAGS_RELEASE:STRING=-O3 -DNDEBUG,wikimedia_wikipedia_mxbai,/home/yunchih/code/simsearch/python/out/local_query_embeddings_1024.parquet,/home/yunchih/code/simsearch/python/query_embeddings/combined.jsonl,313,1024,100,0,binary,9,0,0.003707,0.000662,0.001112,0.0,0.0,0.006302,1.0000000000000004,1.0,100
0bbeb0653a569e5394ac94a502549b079f7a055c,meow1,AMD Ryzen 9 9950X 16-Core Processor,c++ (Ubuntu 15.2.0-4ubuntu4) 15.2.0,CMAKE_CXX_FLAGS:STRING= CMAKE_CXX_FLAGS_RELEASE:STRING=-O3 -DNDEBUG,wikimedia_wikipedia_mxbai,/home/yunchih/code/simsearch/python/out/local_query_embeddings_1024.parquet,/home/yunchih/code/simsearch/python/query_embeddings/combined.jsonl,313,1024,100,10,two_step_RF10,9,0,0.003597,0.000631,0.003567,0.012153,0.001473,0.022452,0.25111553767168043,0.19047619047619047,313
0bbeb0653a569e5394ac94a502549b079f7a055c,meow1,AMD Ryzen 9 9950X 16-Core Processor,c++ (Ubuntu 15.2.0-4ubuntu4) 15.2.0,CMAKE_CXX_FLAGS:STRING= CMAKE_CXX_FLAGS_RELEASE:STRING=-O3 -DNDEBUG,wikimedia_wikipedia_mxbai,/home/yunchih/code/simsearch/python/out/local_query_embeddings_1024.parquet,/home/yunchih/code/simsearch/python/query_embeddings/combined.jsonl,313,1024,100,50,two_step_RF50,9,0,0.000841,0.000672,0.003556,0.012273,0.001463,0.019938,0.25111553767168043,0.19047619047619047,313
0bbeb0653a569e5394ac94a502549b079f7a055c,meow1,AMD Ryzen 9 9950X 16-Core Processor,c++ (Ubuntu 15.2.0-4ubuntu4) 15.2.0,CMAKE_CXX_FLAGS:STRING= CMAKE_CXX_FLAGS_RELEASE:STRING=-O3 -DNDEBUG,wikimedia_wikipedia_mxbai,/home/yunchih/code/simsearch/python/out/local_query_embeddings_1024.parquet,/home/yunchih/code/simsearch/python/query_embeddings/combined.jsonl,313,1024,100,10,two_step_mf_RF10,9,0,0.003536,0.000672,0.003576,0.091021,0.001442,0.101291,0.25111553767168043,0.19047619047619047,313
0bbeb0653a569e5394ac94a502549b079f7a055c,meow1,AMD Ryzen 9 9950X 16-Core Processor,c++ (Ubuntu 15.2.0-4ubuntu4) 15.2.0,CMAKE_CXX_FLAGS:STRING= CMAKE_CXX_FLAGS_RELEASE:STRING=-O3 -DNDEBUG,wikimedia_wikipedia_mxbai,/home/yunchih/code/simsearch/python/out/local_query_embeddings_1024.parquet,/home/yunchih/code/simsearch/python/query_embeddings/combined.jsonl,313,1024,100,50,two_step_mf_RF50,9,0,0.001032,0.000621,0.003567,0.090611,0.001462,0.098275,0.25111553767168043,0.19047619047619047,313
0bbeb0653a569e5394ac94a502549b079f7a055c,meow1,AMD Ryzen 9 9950X 16-Core Processor,c++ (Ubuntu 15.2.0-4ubuntu4) 15.2.0,CMAKE_CXX_FLAGS:STRING= CMAKE_CXX_FLAGS_RELEASE:STRING=-O3 -DNDEBUG,wikimedia_wikipedia_mxbai,/home/yunchih/code/simsearch/python/out/local_query_embeddings_1024.parquet,/home/yunchih/code/simsearch/python/query_embeddings/combined.jsonl,313,1024,100,0,float32_avx2,10,0,0.0,0.0,0.0,0.0,0.0,0.01,1.0000000000000004,1.0,100
0bbeb0653a569e5394ac94a502549b079f7a055c,meow1,AMD Ryzen 9 9950X 16-Core Processor,c++ (Ubuntu 15.2.0-4ubuntu4) 15.2.0,CMAKE_CXX_FLAGS:STRING= CMAKE_CXX_FLAGS_RELEASE:STRING=-O3 -DNDEBUG,wikimedia_wikipedia_mxbai,/home/yunchih/code/simsearch/python/out/local_query_embeddings_1024.parquet,/home/yunchih/code/simsearch/python/query_embeddings/combined.jsonl,313,1024,100,0,binary,10,0,0.003506,0.000672,0.001132,0.0,0.0,0.006081,1.0000000000000004,1.0,100
0bbeb0653a569e5394ac94a502549b079f7a055c,meow1,AMD Ryzen 9 9950X 16-Core Processor,c++ (Ubuntu 15.2.0-4ubuntu4) 15.2.0,CMAKE_CXX_FLAGS:STRING= CMAKE_CXX_FLAGS_RELEASE:STRING=-O3 -DNDEBUG,wikimedia_wikipedia_mxbai,/home/yunchih/code/simsearch/python/out/local_query_embeddings_1024.parquet,/home/yunchih/code/simsearch/python/query_embeddings/combined.jsonl,313,1024,100,10,two_step_RF10,10,0,0.003266,0.000611,0.003517,0.013195,0.001502,0.023143,0.25111553767168043,0.19047619047619047,313
0bbeb0653a569e5394ac94a502549b079f7a055c,meow1,AMD Ryzen 9 9950X 16-Core Processor,c++ (Ubuntu 15.2.0-4ubuntu4) 15.2.0,CMAKE_CXX_FLAGS:STRING= CMAKE_CXX_FLAGS_RELEASE:STRING=-O3 -DNDEBUG,wikimedia_wikipedia_mxbai,/home/yunchih/code/simsearch/python/out/local_query_embeddings_1024.parquet,/home/yunchih/code/simsearch/python/query_embeddings/combined.jsonl,313,1024,100,50,two_step_RF50,10,0,0.000822,0.000671,0.003587,0.012122,0.001473,0.019757,0.25111553767168043,0.19047619047619047,313
0bbeb0653a569e5394ac94a502549b079f7a055c,meow1,AMD Ryzen 9 9950X 16-Core Processor,c++ (Ubuntu 15.2.0-4ubuntu4) 15.2.0,CMAKE_CXX_FLAGS:STRING= CMAKE_CXX_FLAGS_RELEASE:STRING=-O3 -DNDEBUG,wikimedia_wikipedia_mxbai,/home/yunchih/code/simsearch/python/out/local_query_embeddings_1024.parquet,/home/yunchih/code/simsearch/python/query_embeddings/combined.jsonl,313,1024,100,10,two_step_mf_RF10,10,0,0.003377,0.000661,0.003517,0.091161,0.001473,0.10121,0.25111553767168043,0.19047619047619047,313
0bbeb0653a569e5394ac94a502549b079f7a055c,meow1,AMD Ryzen 9 9950X 16-Core Processor,c++ (Ubuntu 15.2.0-4ubuntu4) 15.2.0,CMAKE_CXX_FLAGS:STRING= CMAKE_CXX_FLAGS_RELEASE:STRING=-O3 -DNDEBUG,wikimedia_wikipedia_mxbai,/home/yunchih/code/simsearch/python/out/local_query_embeddings_1024.parquet,/home/yunchih/code/simsearch/python/query_embeddings/combined.jsonl,313,1024,100,50,two_step_mf_RF50,10,0,0.001002,0.000631,0.003546,0.09058,0.001463,0.098164,0.25111553767168043,0.19047619047619047,313
0bbeb0653a569e5394ac94a502549b079f7a055c,meow1,AMD Ryzen 9 9950X 16-Core Processor,c++ (Ubuntu 15.2.0-4ubuntu4) 15.2.0,CMAKE_CXX_FLAGS:STRING= CMAKE_CXX_FLAGS_RELEASE:STRING=-O3 -DNDEBUG,wikimedia_wikipedia_mxbai,/home/yunchih/code/simsearch/python/out/local_query_embeddings_1024.parquet,/home/yunchih/code/simsearch/python/query_embeddings/combined.jsonl,313,1024,100,0,float32_avx2,11,0,0.0,0.0,0.0,0.0,0.0,0.01,1.0000000000000004,1.0,100
0bbeb0653a569e5394ac94a502549b079f7a055c,meow1,AMD Ryzen 9 9950X 16-Core Processor,c++ (Ubuntu 15.2.0-4ubuntu4) 15.2.0,CMAKE_CXX_FLAGS:STRING= CMAKE_CXX_FLAGS_RELEASE:STRING=-O3 -DNDEBUG,wikimedia_wikipedia_mxbai,/home/yunchih/code/simsearch/python/out/local_query_embeddings_1024.parquet,/home/yunchih/code/simsearch/python/query_embeddings/combined.jsonl,313,1024,100,0,binary,11,0,0.003877,0.000672,0.001062,0.0,0.0,0.006422,1.0000000000000004,1.0,100
0bbeb0653a569e5394ac94a502549b079f7a055c,meow1,AMD Ryzen 9 9950X 16-Core Processor,c++ (Ubuntu 15.2.0-4ubuntu4) 15.2.0,CMAKE_CXX_FLAGS:STRING= CMAKE_CXX_FLAGS_RELEASE:STRING=-O3 -DNDEBUG,wikimedia_wikipedia_mxbai,/home/yunchih/code/simsearch/python/out/local_query_embeddings_1024.parquet,/home/yunchih/code/simsearch/python/query_embeddings/combined.jsonl,313,1024,100,10,two_step_RF10,11,0,0.003426,0.000622,0.003526,0.011872,0.001483,0.022001,0.25111553767168043,0.19047619047619047,313
0bbeb0653a569e5394ac94a502549b079f7a055c,meow1,AMD Ryzen 9 9950X 16-Core Processor,c++ (Ubuntu 15.2.0-4ubuntu4) 15.2.0,CMAKE_CXX_FLAGS:STRING= CMAKE_CXX_FLAGS_RELEASE:STRING=-O3 -DNDEBUG,wikimedia_wikipedia_mxbai,/home/yunchih/code/simsearch/python/out/local_query_embeddings_1024.parquet,/home/yunchih/code/simsearch/python/query_embeddings/combined.jsonl,313,1024,100,50,two_step_RF50,11,0,0.000872,0.000671,0.003566,0.012123,0.001523,0.019918,0.25111553767168043,0.19047619047619047,313
0bbeb0653a569e5394ac94a502549b079f7a055c,meow1,AMD Ryzen 9 9950X 16-Core Processor,c++ (Ubuntu 15.2.0-4ubuntu4) 15.2.0,CMAKE_CXX_FLAGS:STRING= CMAKE_CXX_FLAGS_RELEASE:STRING=-O3 -DNDEBUG,wikimedia_wikipedia_mxbai,/home/yunchih/code/simsearch/python/out/local_query_embeddings_1024.parquet,/home/yunchih/code/simsearch/python/query_embeddings/combined.jsonl,313,1024,100,10,two_step_mf_RF10,11,0,0.003286,0.000672,0.003526,0.091181,0.001503,0.10118,0.25111553767168043,0.19047619047619047,313
0bbeb0653a569e5394ac94a502549b079f7a055c,meow1,AMD Ryzen 9 9950X 16-Core Processor,c++ (Ubuntu 15.2.0-4ubuntu4) 15.2.0,CMAKE_CXX_FLAGS:STRING= CMAKE_CXX_FLAGS_RELEASE:STRING=-O3 -DNDEBUG,wikimedia_wikipedia_mxbai,/home/yunchih/code/simsearch/python/out/local_query_embeddings_1024.parquet,/home/yunchih/code/simsearch/python/query_embeddings/combined.jsonl,313,1024,100,50,two_step_mf_RF50,11,0,0.001062,0.000631,0.003547,0.093065,0.001473,0.100679,0.25111553767168043,0.19047619047619047,313
0bbeb0653a569e5394ac94a502549b079f7a055c,meow1,AMD Ryzen 9 9950X 16-Core Processor,c++ (Ubuntu 15.2.0-4ubuntu4) 15.2.0,CMAKE_CXX_FLAGS:STRING= CMAKE_CXX_FLAGS_RELEASE:STRING=-O3 -DNDEBUG,wikimedia_wikipedia_mxbai,/home/yunchih/code/simsearch/python/out/local_query_embeddings_1024.parquet,/home/yunchih/code/simsearch/python/query_embeddings/combined.jsonl,313,1024,100,0,float32_avx2,12,0,0.0,0.0,0.0,0.0,0.0,0.01,1.0000000000000004,1.0,100
0bbeb0653a569e5394ac94a502549b079f7a055c,meow1,AMD Ryzen 9 9950X 16-Core Processor,c++ (Ubuntu 15.2.0-4ubuntu4) 15.2.0,CMAKE_CXX_FLAGS:STRING= CMAKE_CXX_FLAGS_RELEASE:STRING=-O3 -DNDEBUG,wikimedia_wikipedia_mxbai,/home/yunchih/code/simsearch/python/out/local_query_embeddings_1024.parquet,/home/yunchih/code/simsearch/python/query_embeddings/combined.jsonl,313,1024,100,0,binary,12,0,0.003616,0.000662,0.001102,0.0,0.0,0.006192,1.0000000000000004,1.0,100
0bbeb0653a569e5394ac94a502549b079f7a055c,meow1,AMD Ryzen 9 9950X 16-Core Processor,c++ (Ubuntu 15.2.0-4ubuntu4) 15.2.0,CMAKE_CXX_FLAGS:STRING= CMAKE_CXX_FLAGS_RELEASE:STRING=-O3 -DNDEBUG,wikimedia_wikipedia_mxbai,/home/yunchih/code/simsearch/python/out/local_query_embeddings_1024.parquet,/home/yunchih/code/simsearch/python/query_embeddings/combined.jsonl,313,1024,100,10,two_step_RF10,12,0,0.003336,0.000612,0.003516,0.012002,0.001463,0.021971,0.25111553767168043,0.19047619047619047,313
0bbeb0653a569e5394ac94a502549b079f7a055c,meow1,AMD Ryzen 9 9950X 16-Core Processor,c++ (Ubuntu 15.2.0-4ubuntu4) 15.2.0,CMAKE_CXX_FLAGS:STRING= CMAKE_CXX_FLAGS_RELEASE:STRING=-O3 -DNDEBUG,wikimedia_wikipedia_mxbai,/home/yunchih/code/simsearch/python/out/local_query_embeddings_1024.parquet,/home/yunchih/code/simsearch/python/query_embeddings/combined.jsonl,313,1024,100,50,two_step_RF50,12,0,0.000972,0.000662,0.003546,0.012123,0.001493,0.019868,0.25111553767168043,0.19047619047619047,313
0bbeb0653a569e5394ac94a502549b079f7a055c,meow1,AMD Ryzen 9 9950X 16-Core Processor,c++ (Ubuntu 15.2.0-4ubuntu4) 15.2.0,CMAKE_CXX_FLAGS:STRING= CMAKE_CXX_FLAGS_RELEASE:STRING=-O3 -DNDEBUG,wikimedia_wikipedia_mxbai,/home/yunchih/code/simsearch/python/out/local_query_embeddings_1024.parquet,/home/yunchih/code/simsearch/python/query_embeddings/combined.jsonl,313,1024,100,10,two_step_mf_RF10,12,0,0.003296,0.000681,0.003547,0.091162,0.001462,0.10113,0.25111553767168043,0.19047619047619047,313
0bbeb0653a569e5394ac94a502549b079f7a055c,meow1,AMD Ryzen 9 9950X 16-Core Processor,c++ (Ubuntu 15.2.0-4ubuntu4) 15.2.0,CMAKE_CXX_FLAGS:STRING= CMAKE_CXX_FLAGS_RELEASE:STRING=-O3 -DNDEBUG,wikimedia_wikipedia_mxbai,/home/yunchih/code/simsearch/python/out/local_query_embeddings_1024.parquet,/home/yunchih/code/simsearch/python/query_embeddings/combined.jsonl,313,1024,100,50,two_step_mf_RF50,12,0,0.000972,0.000641,0.003547,0.090611,0.001503,0.098185,0.25111553767168043,0.19047619047619047,313
0bbeb0653a569e5394ac94a502549b079f7a055c,meow1,AMD Ryzen 9 9950X 16-Core Processor,c++ (Ubuntu 15.2.0-4ubuntu4) 15.2.0,CMAKE_CXX_FLAGS:STRING= CMAKE_CXX_FLAGS_RELEASE:STRING=-O3 -DNDEBUG,wikimedia_wikipedia_mxbai,/home/yunchih/code/simsearch/python/out/local_query_embeddings_1024.parquet,/home/yunchih/code/simsearch/python/query_embeddings/combined.jsonl,313,1024,100,0,float32_avx2,13,0,0.0,0.0,0.0,0.0,0.0,0.01,1.0000000000000004,1.0,100
0bbeb0653a569e5394ac94a502549b079f7a055c,meow1,AMD Ryzen 9 9950X 16-Core Processor,c++ (Ubuntu 15.2.0-4ubuntu4) 15.2.0,CMAKE_CXX_FLAGS:STRING= CMAKE_CXX_FLAGS_RELEASE:STRING=-O3 -DNDEBUG,wikimedia_wikipedia_mxbai,/home/yunchih/code/simsearch/python/out/local_query_embeddings_1024.parquet,/home/yunchih/code/simsearch/python/query_embeddings/combined.jsonl,313,1024,100,0,binary,13,0,0.004058,0.000671,0.001072,0.0,0.0,0.006633,1.0000000000000004,1.0,100
0bbeb0653a569e5394ac94a502549b079f7a055c,meow1,AMD Ryzen 9 9950X 16-Core Processor,c++ (Ubuntu 15.2.0-4ubuntu4) 15.2.0,CMAKE_CXX_FLAGS:STRING= CMAKE_CXX_FLAGS_RELEASE:STRING=-O3 -DNDEBUG,wikimedia_wikipedia_mxbai,/home/yunchih/code/simsearch/python/out/local_query_embeddings_1024.parquet,/home/yunchih/code/simsearch/python/query_embeddings/combined.jsonl,313,1024,100,10,two_step_RF10,13,0,0.003326,0.000622,0.003556,0.012053,0.001442,0.022021,0.25111553767168043,0.19047619047619047,313
0bbeb0653a569e5394ac94a502549b079f7a055c,meow1,AMD Ryzen 9 9950X 16-Core Processor,c++ (Ubuntu 15.2.0-4ubuntu4) 15.2.0,CMAKE_CXX_FLAGS:STRING= CMAKE_CXX_FLAGS_RELEASE:STRING=-O3 -DNDEBUG,wikimedia_wikipedia_mxbai,/home/yunchih/code/simsearch/python/out/local_query_embeddings_1024.parquet,/home/yunchih/code/simsearch/python/query_embeddings/combined.jsonl,313,1024,100,50,two_step_RF50,13,0,0.000822,0.000661,0.003587,0.012063,0.001503,0.019747,0.25111553767168043,0.19047619047619047,313
0bbeb0653a569e5394ac94a502549b079f7a055c,meow1,AMD Ryzen 9 9950X 16-Core Processor,c++ (Ubuntu 15.2.0-4ubuntu4) 15.2.0,CMAKE_CXX_FLAGS:STRING= CMAKE_CXX_FLAGS_RELEASE:STRING=-O3 -DNDEBUG,wikimedia_wikipedia_mxbai,/home/yunchih/code/simsearch/python/out/local_query_embeddings_1024.parquet,/home/yunchih/code/simsearch/python/query_embeddings/combined.jsonl,313,1024,100,10,two_step_mf_RF10,13,0,0.003437,0.000681,0.003537,0.091142,0.001553,0.101341,0.25111553767168043,0.19047619047619047,313
0bbeb0653a569e5394ac94a502549b079f7a055c,meow1,AMD Ryzen 9 9950X 16-Core Processor,c++ (Ubuntu 15.2.0-4ubuntu4) 15.2.0,CMAKE_CXX_FLAGS:STRING= CMAKE_CXX_FLAGS_RELEASE:STRING=-O3 -DNDEBUG,wikimedia_wikipedia_mxbai,/home/yunchih/code/simsearch/python/out/local_query_embeddings_1024.parquet,/home/yunchih/code/simsearch/python/query_embeddings/combined.jsonl,313,1024,100,50,two_step_mf_RF50,13,0,0.000952,0.000631,0.003557,0.09057,0.001412,0.098065,0.25111553767168043,0.19047619047619047,313
0bbeb0653a569e5394ac94a502549b079f7a055c,meow1,AMD Ryzen 9 9950X 16-Core Processor,c++ (Ubuntu 15.2.0-4ubuntu4) 15.2.0,CMAKE_CXX_FLAGS:STRING= CMAKE_CXX_FLAGS_RELEASE:STRING=-O3 -DNDEBUG,wikimedia_wikipedia_mxbai,/home/yunchih/code/simsearch/python/out/local_query_embeddings_1024.parquet,/home/yunchih/code/simsearch/python/query_embeddings/combined.jsonl,313,1024,100,0,float32_avx2,14,0,0.0,0.0,0.0,0.0,0.0,0.01,1.0000000000000004,1.0,100
0bbeb0653a569e5394ac94a502549b079f7a055c,meow1,AMD Ryzen 9 9950X 16-Core Processor,c++ (Ubuntu 15.2.0-4ubuntu4) 15.2.0,CMAKE_CXX_FLAGS:STRING= CMAKE_CXX_FLAGS_RELEASE:STRING=-O3 -DNDEBUG,wikimedia_wikipedia_mxbai,/home/yunchih/code/simsearch/python/out/local_query_embeddings_1024.parquet,/home/yunchih/code/simsearch/python/query_embeddings/combined.jsonl,313,1024,100,0,binary,14,0,0.003597,0.000711,0.001092,0.0,0.0,0.006191,1.0000000000000004,1.0,100
0bbeb0653a569e5394ac94a502549b079f7a055c,meow1,AMD Ryzen 9 9950X 16-Core Processor,c++ (Ubuntu 15.2.0-4ubuntu4) 15.2.0,CMAKE_CXX_FLAGS:STRING= CMAKE_CXX_FLAGS_RELEASE:STRING=-O3 -DNDEBUG,wikimedia_wikipedia_mxbai,/home/yunchih/code/simsearch/python/out/local_query_embeddings_1024.parquet,/home/yunchih/code/simsearch/python/query_embeddings/combined.jsonl,313,1024,100,10,two_step_RF10,14,0,0.003256,0.000651,0.003517,0.012143,0.001473,0.022081,0.25111553767168043,0.19047619047619047,313
0bbeb0653a569e5394ac94a502549b079f7a055c,meow1,AMD Ryzen 9 9950X 16-Core Processor,c++ (Ubuntu 15.2.0-4ubuntu4) 15.2.0,CMAKE_CXX_FLAGS:STRING= CMAKE_CXX_FLAGS_RELEASE:STRING=-O3 -DNDEBUG,wikimedia_wikipedia_mxbai,/home/yunchih/code/simsearch/python/out/local_query_embeddings_1024.parquet,/home/yunchih/code/simsearch/python/query_embeddings/combined.jsonl,313,1024,100,50,two_step_RF50,14,0,0.000801,0.000681,0.003597,0.012002,0.001503,0.019657,0.25111553767168043,0.19047619047619047,313
0bbeb0653a569e5394ac94a502549b079f7a055c,meow1,AMD Ryzen 9 9950X 16-Core Processor,c++ (Ubuntu 15.2.0-4ubuntu4) 15.2.0,CMAKE_CXX_FLAGS:STRING= CMAKE_CXX_FLAGS_RELEASE:STRING=-O3 -DNDEBUG,wikimedia_wikipedia_mxbai,/home/yunchih/code/simsearch/python/out/local_query_embeddings_1024.parquet,/home/yunchih/code/simsearch/python/query_embeddings/combined.jsonl,313,1024,100,10,two_step_mf_RF10,14,0,0.003506,0.000682,0.003526,0.091401,0.001463,0.101571,0.25111553767168043,0.19047619047619047,313
0bbeb0653a569e5394ac94a502549b079f7a055c,meow1,AMD Ryzen 9 9950X 16-Core Processor,c++ (Ubuntu 15.2.0-4ubuntu4) 15.2.0,CMAKE_CXX_FLAGS:STRING= CMAKE_CXX_FLAGS_RELEASE:STRING=-O3 -DNDEBUG,wikimedia_wikipedia_mxbai,/home/yunchih/code/simsearch/python/out/local_query_embeddings_1024.parquet,/home/yunchih/code/simsearch/python/query_embeddings/combined.jsonl,313,1024,100,50,two_step_mf_RF50,14,0,0.001042,0.000682,0.003506,0.091141,0.001443,0.098716,0.25111553767168043,0.19047619047619047,313
0bbeb0653a569e5394ac94a502549b079f7a055c,meow1,AMD Ryzen 9 9950X 16-Core Processor,c++ (Ubuntu 15.2.0-4ubuntu4) 15.2.0,CMAKE_CXX_FLAGS:STRING= CMAKE_CXX_FLAGS_RELEASE:STRING=-O3 -DNDEBUG,wikimedia_wikipedia_mxbai,/home/yunchih/code/simsearch/python/out/local_query_embeddings_1024.parquet,/home/yunchih/code/simsearch/python/query_embeddings/combined.jsonl,313,1024,100,0,float32_avx2,15,0,0.0,0.0,0.0,0.0,0.0,0.012,1.0000000000000004,1.0,100
0bbeb0653a569e5394ac94a502549b079f7a055c,meow1,AMD Ryzen 9 9950X 16-Core Processor,c++ (Ubuntu 15.2.0-4ubuntu4) 15.2.0,CMAKE_CXX_FLAGS:STRING= CMAKE_CXX_FLAGS_RELEASE:STRING=-O3 -DNDEBUG,wikimedia_wikipedia_mxbai,/home/yunchih/code/simsearch/python/out/local_query_embeddings_1024.parquet,/home/yunchih/code/simsearch/python/query_embeddings/combined.jsonl,313,1024,100,0,binary,15,0,0.003506,0.000681,0.001112,0.0,0.0,0.006081,1.0000000000000004,1.0,100
0bbeb0653a569e5394ac94a502549b079f7a055c,meow1,AMD Ryzen 9 9950X 16-Core Processor,c++ (Ubuntu 15.2.0-4ubuntu4) 15.2.0,CMAKE_CXX_FLAGS:STRING= CMAKE_CXX_FLAGS_RELEASE:STRING=-O3 -DNDEBUG,wikimedia_wikipedia_mxbai,/home/yunchih/code/simsearch/python/out/local_query_embeddings_1024.parquet,/home/yunchih/code/simsearch/python/query_embeddings/combined.jsonl,313,1024,100,10,two_step_RF10,15,0,0.003317,0.000661,0.003557,0.012103,0.001463,0.022172,0.25111553767168043,0.19047619047619047,313
0bbeb0653a569e5394ac94a502549b079f7a055c,meow1,AMD Ryzen 9 9950X 16-Core Processor,c++ (Ubuntu 15.2.0-4ubuntu4) 15.2.0,CMAKE_CXX_FLAGS:STRING= CMAKE_CXX_FLAGS_RELEASE:STRING=-O3 -DNDEBUG,wikimedia_wikipedia_mxbai,/home/yunchih/code/simsearch/python/out/local_query_embeddings_1024.parquet,/home/yunchih/code/simsearch/python/query_embeddings/combined.jsonl,313,1024,100,50,two_step_RF50,15,0,0.001022,0.000722,0.003546,0.012073,0.001523,0.020008,0.25111553767168043,0.19047619047619047,313
0bbeb0653a569e5394ac94a502549b079f7a055c,meow1,AMD Ryzen 9 9950X 16-Core Processor,c++ (Ubuntu 15.2.0-4ubuntu4) 15.2.0,CMAKE_CXX_FLAGS:STRING= CMAKE_CXX_FLAGS_RELEASE:STRING=-O3 -DNDEBUG,wikimedia_wikipedia_mxbai,/home/yunchih/code/simsearch/python/out/local_query_embeddings_1024.parquet,/home/yunchih/code/simsearch/python/query_embeddings/combined.jsonl,313,1024,100,10,two_step_mf_RF10,15,0,0.003357,0.000711,0.003547,0.091462,0.001493,0.101591,0.25111553767168043,0.19047619047619047,313
0bbeb0653a569e5394ac94a502549b079f7a055c,meow1,AMD Ryzen 9 9950X 16-Core Processor,c++ (Ubuntu 15.2.0-4ubuntu4) 15.2.0,CMAKE_CXX_FLAGS:STRING= CMAKE_CXX_FLAGS_RELEASE:STRING=-O3 -DNDEBUG,wikimedia_wikipedia_mxbai,/home/yunchih/code/simsearch/python/out/local_query_embeddings_1024.parquet,/home/yunchih/code/simsearch/python/query_embeddings/combined.jsonl,313,1024,100,50,two_step_mf_RF50,15,0,0.001042,0.000701,0.003557,0.090671,0.001412,0.098285,0.25111553767168043,0.19047619047619047,313
0bbeb0653a569e5394ac94a502549b079f7a055c,meow1,AMD Ryzen 9 9950X 16-Core Processor,c++ (Ubuntu 15.2.0-4ubuntu4) 15.2.0,CMAKE_CXX_FLAGS:STRING= CMAKE_CXX_FLAGS_RELEASE:STRING=-O3 -DNDEBUG,wikimedia_wikipedia_mxbai,/home/yunchih/code/simsearch/python/out/local_query_embeddings_1024.parquet,/home/yunchih/code/simsearch/python/query_embeddings/combined.jsonl,313,1024,100,0,float32_avx2,16,0,0.0,0.0,0.0,0.0,0.0,0.012,1.0000000000000004,1.0,100
0bbeb0653a569e5394ac94a502549b079f7a055c,meow1,AMD Ryzen 9 9950X 16-Core Processor,c++ (Ubuntu 15.2.0-4ubuntu4) 15.2.0,CMAKE_CXX_FLAGS:STRING= CMAKE_CXX_FLAGS_RELEASE:STRING=-O3 -DNDEBUG,wikimedia_wikipedia_mxbai,/home/yunchih/code/simsearch/python/out/local_query_embeddings_1024.parquet,/home/yunchih/code/simsearch/python/query_embeddings/combined.jsonl,313,1024,100,0,binary,16,0,0.003437,0.000691,0.001122,0.0,0.0,0.005972,1.0000000000000004,1.0,100
0bbeb0653a569e5394ac94a502549b079f7a055c,meow1,AMD Ryzen 9 9950X 16-Core Processor,c++ (Ubuntu 15.2.0-4ubuntu4) 15.2.0,CMAKE_CXX_FLAGS:STRING= CMAKE_CXX_FLAGS_RELEASE:STRING=-O3 -DNDEBUG,wikimedia_wikipedia_mxbai,/home/yunchih/code/simsearch/python/out/local_query_embeddings_1024.parquet,/home/yunchih/code/simsearch/python/query_embeddings/combined.jsonl,313,1024,100,10,two_step_RF10,16,0,0.003416,0.000651,0.003506,0.012123,0.001503,0.022212,0.25111553767168043,0.19047619047619047,313
0bbeb0653a569e5394ac94a502549b079f7a055c,meow1,AMD Ryzen 9 9950X 16-Core Processor,c++ (Ubuntu 15.2.0-4ubuntu4) 15.2.0,CMAKE_CXX_FLAGS:STRING= CMAKE_CXX_FLAGS_RELEASE:STRING=-O3 -DNDEBUG,wikimedia_wikipedia_mxbai,/home/yunchih/code/simsearch/python/out/local_query_embeddings_1024.parquet,/home/yunchih/code/simsearch/python/query_embeddings/combined.jsonl,313,1024,100,50,two_step_RF50,16,0,0.000902,0.000681,0.003557,0.012713,0.001492,0.020408,0.25111553767168043,0.19047619047619047,313
0bbeb0653a569e5394ac94a502549b079f7a055c,meow1,AMD Ryzen 9 9950X 16-Core Processor,c++ (Ubuntu 15.2.0-4ubuntu4) 15.2.0,CMAKE_CXX_FLAGS:STRING= CMAKE_CXX_FLAGS_RELEASE:STRING=-O3 -DNDEBUG,wikimedia_wikipedia_mxbai,/home/yunchih/code/simsearch/python/out/local_query_embeddings_1024.parquet,/home/yunchih/code/simsearch/python/query_embeddings/combined.jsonl,313,1024,100,10,two_step_mf_RF10,16,0,0.003196,0.000671,0.003527,0.091442,0.001483,0.10129,0.25111553767168043,0.19047619047619047,313
0bbeb0653a569e5394ac94a502549b079f7a055c,meow1,AMD Ryzen 9 9950X 16-Core Processor,c++ (Ubuntu 15.2.0-4ubuntu4) 15.2.0,CMAKE_CXX_FLAGS:STRING= CMAKE_CXX_FLAGS_RELEASE:STRING=-O3 -DNDEBUG,wikimedia_wikipedia_mxbai,/home/yunchih/code/simsearch/python/out/local_query_embeddings_1024.parquet,/home/yunchih/code/simsearch/python/query_embeddings/combined.jsonl,313,1024,100,50,two_step_mf_RF50,16,0,0.000871,0.000671,0.003516,0.09074,0.001433,0.098124,0.25111553767168043,0.19047619047619047,313
0bbeb0653a569e5394ac94a502549b079f7a055c,meow1,AMD Ryzen 9 9950X 16-Core Processor,c++ (Ubuntu 15.2.0-4ubuntu4) 15.2.0,CMAKE_CXX_FLAGS:STRING= CMAKE_CXX_FLAGS_RELEASE:STRING=-O3 -DNDEBUG,wikimedia_wikipedia_mxbai,/home/yunchih/code/simsearch/python/out/local_query_embeddings_1024.parquet,/home/yunchih/code/simsearch/python/query_embeddings/combined.jsonl,313,1024,100,0,float32_avx2,17,0,0.0,0.0,0.0,0.0,0.0,0.012,1.0000000000000004,1.0,100
0bbeb0653a569e5394ac94a502549b079f7a055c,meow1,AMD Ryzen 9 9950X 16-Core Processor,c++ (Ubuntu 15.2.0-4ubuntu4) 15.2.0,CMAKE_CXX_FLAGS:STRING= CMAKE_CXX_FLAGS_RELEASE:STRING=-O3 -DNDEBUG,wikimedia_wikipedia_mxbai,/home/yunchih/code/simsearch/python/out/local_query_embeddings_1024.parquet,/home/yunchih/code/simsearch/python/query_embeddings/combined.jsonl,313,1024,100,0,binary,17,0,0.003506,0.000702,0.001082,0.0,0.0,0.006092,1.0000000000000004,1.0,100
0bbeb0653a569e5394ac94a502549b079f7a055c,meow1,AMD Ryzen 9 9950X 16-Core Processor,c++ (Ubuntu 15.2.0-4ubuntu4) 15.2.0,CMAKE_CXX_FLAGS:STRING= CMAKE_CXX_FLAGS_RELEASE:STRING=-O3 -DNDEBUG,wikimedia_wikipedia_mxbai,/home/yunchih/code/simsearch/python/out/local_query_embeddings_1024.parquet,/home/yunchih/code/simsearch/python/query_embeddings/combined.jsonl,313,1024,100,10,two_step_RF10,17,0,0.003386,0.000641,0.003556,0.012032,0.001483,0.022151,0.25111553767168043,0.19047619047619047,313
0bbeb0653a569e5394ac94a502549b079f7a055c,meow1,AMD Ryzen 9 9950X 16-Core Processor,c++ (Ubuntu 15.2.0-4ubuntu4) 15.2.0,CMAKE_CXX_FLAGS:STRING= CMAKE_CXX_FLAGS_RELEASE:STRING=-O3 -DNDEBUG,wikimedia_wikipedia_mxbai,/home/yunchih/code/simsearch/python/out/local_query_embeddings_1024.parquet,/home/yunchih/code/simsearch/python/query_embeddings/combined.jsonl,313,1024,100,50,two_step_RF50,17,0,0.000882,0.000711,0.003567,0.012132,0.001533,0.019967,0.25111553767168043,0.19047619047619047,313
0bbeb0653a569e5394ac94a502549b079f7a055c,meow1,AMD Ryzen 9 9950X 16-Core Processor,c++ (Ubuntu 15.2.0-4ubuntu4) 15.2.0,CMAKE_CXX_FLAGS:STRING= CMAKE_CXX_FLAGS_RELEASE:STRING=-O3 -DNDEBUG,wikimedia_wikipedia_mxbai,/home/yunchih/code/simsearch/python/out/local_query_embeddings_1024.parquet,/home/yunchih/code/simsearch/python/query_embeddings/combined.jsonl,313,1024,100,10,two_step_mf_RF10,17,0,0.003366,0.000692,0.003536,0.091472,0.001492,0.101551,0.25111553767168043,0.19047619047619047,313
0bbeb0653a569e5394ac94a502549b079f7a055c,meow1,AMD Ryzen 9 9950X 16-Core Processor,c++ (Ubuntu 15.2.0-4ubuntu4) 15.2.0,CMAKE_CXX_FLAGS:STRING= CMAKE_CXX_FLAGS_RELEASE:STRING=-O3 -DNDEBUG,wikimedia_wikipedia_mxbai,/home/yunchih/code/simsearch/python/out/local_query_embeddings_1024.parquet,/home/yunchih/code/simsearch/python/query_embeddings/combined.jsonl,313,1024,100,50,two_step_mf_RF50,17,0,0.000952,0.000681,0.003537,0.090681,0.001472,0.098275,0.25111553767168043,0.19047619047619047,313
0bbeb0653a569e5394ac94a502549b079f7a055c,meow1,AMD Ryzen 9 9950X 16-Core Processor,c++ (Ubuntu 15.2.0-4ubuntu4) 15.2.0,CMAKE_CXX_FLAGS:STRING= CMAKE_CXX_FLAGS_RELEASE:STRING=-O3 -DNDEBUG,wikimedia_wikipedia_mxbai,/home/yunchih/code/simsearch/python/out/local_query_embeddings_1024.parquet,/home/yunchih/code/simsearch/python/query_embeddings/combined.jsonl,313,1024,100,0,float32_avx2,18,0,0.0,0.0,0.0,0.0,0.0,0.012,1.0000000000000004,1.0,100
0bbeb0653a569e5394ac94a502549b079f7a055c,meow1,AMD Ryzen 9 9950X 16-Core Processor,c++ (Ubuntu 15.2.0-4ubuntu4) 15.2.0,CMAKE_CXX_FLAGS:STRING= CMAKE_CXX_FLAGS_RELEASE:STRING=-O3 -DNDEBUG,wikimedia_wikipedia_mxbai,/home/yunchih/code/simsearch/python/out/local_query_embeddings_1024.parquet,/home/yunchih/code/simsearch/python/query_embeddings/combined.jsonl,313,1024,100,0,binary,18,0,0.003587,0.000681,0.001102,0.0,0.0,0.006122,1.0000000000000004,1.0,100
0bbeb0653a569e5394ac94a502549b079f7a055c,meow1,AMD Ryzen 9 9950X 16-Core Processor,c++ (Ubuntu 15.2.0-4ubuntu4) 15.2.0,CMAKE_CXX_FLAGS:STRING= CMAKE_CXX_FLAGS_RELEASE:STRING=-O3 -DNDEBUG,wikimedia_wikipedia_mxbai,/home/yunchih/code/simsearch/python/out/local_query_embeddings_1024.parquet,/home/yunchih/code/simsearch/python/query_embeddings/combined.jsonl,313,1024,100,10,two_step_RF10,18,0,0.003426,0.000672,0.003536,0.012123,0.001502,0.022302,0.25111553767168043,0.19047619047619047,313
0bbeb0653a569e5394ac94a502549b079f7a055c,meow1,AMD Ryzen 9 9950X 16-Core Processor,c++ (Ubuntu 15.2.0-4ubuntu4) 15.2.0,CMAKE_CXX_FLAGS:STRING= CMAKE_CXX_FLAGS_RELEASE:STRING=-O3 -DNDEBUG,wikimedia_wikipedia_mxbai,/home/yunchih/code/simsearch/python/out/local_query_embeddings_1024.parquet,/home/yunchih/code/simsearch/python/query_embeddings/combined.jsonl,313,1024,100,50,two_step_RF50,18,0,0.000902,0.000681,0.003587,0.011962,0.001473,0.019667,0.25111553767168043,0.19047619047619047,313
0bbeb0653a569e5394ac94a502549b079f7a055c,meow1,AMD Ryzen 9 9950X 16-Core Processor,c++ (Ubuntu 15.2.0-4ubuntu4) 15.2.0,CMAKE_CXX_FLAGS:STRING= CMAKE_CXX_FLAGS_RELEASE:STRING=-O3 -DNDEBUG,wikimedia_wikipedia_mxbai,/home/yunchih/code/simsearch/python/out/local_query_embeddings_1024.parquet,/home/yunchih/code/simsearch/python/query_embeddings/combined.jsonl,313,1024,100,10,two_step_mf_RF10,18,0,0.003557,0.000681,0.003517,0.091352,0.001423,0.101501,0.25111553767168043,0.19047619047619047,313
0bbeb0653a569e5394ac94a502549b079f7a055c,meow1,AMD Ryzen 9 9950X 16-Core Processor,c++ (Ubuntu 15.2.0-4ubuntu4) 15.2.0,CMAKE_CXX_FLAGS:STRING= CMAKE_CXX_FLAGS_RELEASE:STRING=-O3 -DNDEBUG,wikimedia_wikipedia_mxbai,/home/yunchih/code/simsearch/python/out/local_query_embeddings_1024.parquet,/home/yunchih/code/simsearch/python/query_embeddings/combined.jsonl,313,1024,100,50,two_step_mf_RF50,18,0,0.001041,0.000681,0.003526,0.090881,0.001372,0.098385,0.25111553767168043,0.19047619047619047,313
0bbeb0653a569e5394ac94a502549b079f7a055c,meow1,AMD Ryzen 9 9950X 16-Core Processor,c++ (Ubuntu 15.2.0-4ubuntu4) 15.2.0,CMAKE_CXX_FLAGS:STRING= CMAKE_CXX_FLAGS_RELEASE:STRING=-O3 -DNDEBUG,wikimedia_wikipedia_mxbai,/home/yunchih/code/simsearch/python/out/local_query_embeddings_1024.parquet,/home/yunchih/code/simsearch/python/query_embeddings/combined.jsonl,313,1024,100,0,float32_avx2,19,0,0.0,0.0,0.0,0.0,0.0,0.012,1.0000000000000004,1.0,100
0bbeb0653a569e5394ac94a502549b079f7a055c,meow1,AMD Ryzen 9 9950X 16-Core Processor,c++ (Ubuntu 15.2.0-4ubuntu4) 15.2.0,CMAKE_CXX_FLAGS:STRING= CMAKE_CXX_FLAGS_RELEASE:STRING=-O3 -DNDEBUG,wikimedia_wikipedia_mxbai,/home/yunchih/code/simsearch/python/out/local_query_embeddings_1024.parquet,/home/yunchih/code/simsearch/python/query_embeddings/combined.jsonl,313,1024,100,0,binary,19,0,0.003747,0.000681,0.001092,0.0,0.0,0.006292,1.0000000000000004,1.0,100
0bbeb0653a569e5394ac94a502549b079f7a055c,meow1,AMD Ryzen 9 9950X 16-Core Processor,c++ (Ubuntu 15.2.0-4ubuntu4) 15.2.0,CMAKE_CXX_FLAGS:STRING= CMAKE_CXX_FLAGS_RELEASE:STRING=-O3 -DNDEBUG,wikimedia_wikipedia_mxbai,/home/yunchih/code/simsearch/python/out/local_query_embeddings_1024.parquet,/home/yunchih/code/simsearch/python/query_embeddings/combined.jsonl,313,1024,100,10,two_step_RF10,19,0,0.003266,0.000641,0.004038,0.014307,0.001522,0.024817,0.25111553767168043,0.19047619047619047,313
0bbeb0653a569e5394ac94a502549b079f7a055c,meow1,AMD Ryzen 9 9950X 16-Core Processor,c++ (Ubuntu 15.2.0-4ubuntu4) 15.2.0,CMAKE_CXX_FLAGS:STRING= CMAKE_CXX_FLAGS_RELEASE:STRING=-O3 -DNDEBUG,wikimedia_wikipedia_mxbai,/home/yunchih/code/simsearch/python/out/local_query_embeddings_1024.parquet,/home/yunchih/code/simsearch/python/query_embeddings/combined.jsonl,313,1024,100,50,two_step_RF50,19,0,0.000901,0.000681,0.003547,0.012123,0.001553,0.019937,0.25111553767168043,0.19047619047619047,313
0bbeb0653a569e5394ac94a502549b079f7a055c,meow1,AMD Ryzen 9 9950X 16-Core Processor,c++ (Ubuntu 15.2.0-4ubuntu4) 15.2.0,CMAKE_CXX_FLAGS:STRING= CMAKE_CXX_FLAGS_RELEASE:STRING=-O3 -DNDEBUG,wikimedia_wikipedia_mxbai,/home/yunchih/code/simsearch/python/out/local_query_embeddings_1024.parquet,/home/yunchih/code/simsearch/python/query_embeddings/combined.jsonl,313,1024,100,10,two_step_mf_RF10,19,0,0.003437,0.000681,0.003517,0.091572,0.001453,0.101711,0.25111553767168043,0.19047619047619047,313
0bbeb0653a569e5394ac94a502549b079f7a055c,meow1,AMD Ryzen 9 9950X 16-Core Processor,c++ (Ubuntu 15.2.0-4ubuntu4) 15.2.0,CMAKE_CXX_FLAGS:STRING= CMAKE_CXX_FLAGS_RELEASE:STRING=-O3 -DNDEBUG,wikimedia_wikipedia_mxbai,/home/yunchih/code/simsearch/python/out/local_query_embeddings_1024.parquet,/home/yunchih/code/simsearch/python/query_embeddings/combined.jsonl,313,1024,100,50,two_step_mf_RF50,19,0,0.001323,0.000661,0.003567,0.090831,0.001452,0.098756,0.25111553767168043,0.19047619047619047,313
0bbeb0653a569e5394ac94a502549b079f7a055c,meow1,AMD Ryzen 9 9950X 16-Core Processor,c++ (Ubuntu 15.2.0-4ubuntu4) 15.2.0,CMAKE_CXX_FLAGS:STRING= CMAKE_CXX_FLAGS_RELEASE:STRING=-O3 -DNDEBUG,wikimedia_wikipedia_mxbai,/home/yunchih/code/simsearch/python/out/local_query_embeddings_1024.parquet,/home/yunchih/code/simsearch/python/query_embeddings/combined.jsonl,313,1024,100,0,float32_avx2,20,0,0.0,0.0,0.0,0.0,0.0,0.012,1.0000000000000004,1.0,100
0bbeb0653a569e5394ac94a502549b079f7a055c,meow1,AMD Ryzen 9 9950X 16-Core Processor,c++ (Ubuntu 15.2.0-4ubuntu4) 15.2.0,CMAKE_CXX_FLAGS:STRING= CMAKE_CXX_FLAGS_RELEASE:STRING=-O3 -DNDEBUG,wikimedia_wikipedia_mxbai,/home/yunchih/code/simsearch/python/out/local_query_embeddings_1024.parquet,/home/yunchih/code/simsearch/python/query_embeddings/combined.jsonl,313,1024,100,0,binary,20,0,0.003727,0.000671,0.001102,0.0,0.0,0.006242,1.0000000000000004,1.0,100
0bbeb0653a569e5394ac94a502549b079f7a055c,meow1,AMD Ryzen 9 9950X 16-Core Processor,c++ (Ubuntu 15.2.0-4ubuntu4) 15.2.0,CMAKE_CXX_FLAGS:STRING= CMAKE_CXX_FLAGS_RELEASE:STRING=-O3 -DNDEBUG,wikimedia_wikipedia_mxbai,/home/yunchih/code/simsearch/python/out/local_query_embeddings_1024.parquet,/home/yunchih/code/simsearch/python/query_embeddings/combined.jsonl,313,1024,100,10,two_step_RF10,20,0,0.003366,0.000672,0.003526,0.012143,0.001432,0.022161,0.25111553767168043,0.19047619047619047,313
0bbeb0653a569e5394ac94a502549b079f7a055c,meow1,AMD Ryzen 9 9950X 16-Core Processor,c++ (Ubuntu 15.2.0-4ubuntu4) 15.2.0,CMAKE_CXX_FLAGS:STRING= CMAKE_CXX_FLAGS_RELEASE:STRING=-O3 -DNDEBUG,wikimedia_wikipedia_mxbai,/home/yunchih/code/simsearch/python/out/local_query_embeddings_1024.parquet,/home/yunchih/code/simsearch/python/query_embeddings/combined.jsonl,313,1024,100,50,two_step_RF50,20,0,0.000952,0.000711,0.003567,0.012072,0.001533,0.019917,0.25111553767168043,0.19047619047619047,313
0bbeb0653a569e5394ac94a502549b079f7a055c,meow1,AMD Ryzen 9 9950X 16-Core Processor,c++ (Ubuntu 15.2.0-4ubuntu4) 15.2.0,CMAKE_CXX_FLAGS:STRING= CMAKE_CXX_FLAGS_RELEASE:STRING=-O3 -DNDEBUG,wikimedia_wikipedia_mxbai,/home/yunchih/code/simsearch/python/out/local_query_embeddings_1024.parquet,/home/yunchih/code/simsearch/python/query_embeddings/combined.jsonl,313,1024,100,10,two_step_mf_RF10,20,0,0.003376,0.000701,0.003577,0.091481,0.001463,0.10155,0.25111553767168043,0.19047619047619047,313
0bbeb0653a569e5394ac94a502549b079f7a055c,meow1,AMD Ryzen 9 9950X 16-Core Processor,c++ (Ubuntu 15.2.0-4ubuntu4) 15.2.0,CMAKE_CXX_FLAGS:STRING= CMAKE_CXX_FLAGS_RELEASE:STRING=-O3 -DNDEBUG,wikimedia_wikipedia_mxbai,/home/yunchih/code/simsearch/python/out/local_query_embeddings_1024.parquet,/home/yunchih/code/simsearch/python/query_embeddings/combined.jsonl,313,1024,100,50,two_step_mf_RF50,20,0,0.001112,0.000662,0.003556,0.09072,0.001503,0.098445,0.25111553767168043,0.19047619047619047,313
0bbeb0653a569e5394ac94a502549b079f7a055c,meow1,AMD Ryzen 9 9950X 16-Core Processor,c++ (Ubuntu 15.2.0-4ubuntu4) 15.2.0,CMAKE_CXX_FLAGS:STRING= CMAKE_CXX_FLAGS_RELEASE:STRING=-O3 -DNDEBUG,wikimedia_wikipedia_mxbai,/home/yunchih/code/simsearch/python/out/local_query_embeddings_1024.parquet,/home/yunchih/code/simsearch/python/query_embeddings/combined.jsonl,313,1024,100,0,float32_avx2,21,0,0.0,0.0,0.0,0.0,0.0,0.012,1.0000000000000004,1.0,100
0bbeb0653a569e5394ac94a502549b079f7a055c,meow1,AMD Ryzen 9 9950X 16-Core Processor,c++ (Ubuntu 15.2.0-4ubuntu4) 15.2.0,CMAKE_CXX_FLAGS:STRING= CMAKE_CXX_FLAGS_RELEASE:STRING=-O3 -DNDEBUG,wikimedia_wikipedia_mxbai,/home/yunchih/code/simsearch/python/out/local_query_embeddings_1024.parquet,/home/yunchih/code/simsearch/python/query_embeddings/combined.jsonl,313,1024,100,0,binary,21,0,0.003747,0.000681,0.001082,0.0,0.0,0.006261,1.0000000000000004,1.0,100
0bbeb0653a569e5394ac94a502549b079f7a055c,meow1,AMD Ryzen 9 9950X 16-Core Processor,c++ (Ubuntu 15.2.0-4ubuntu4) 15.2.0,CMAKE_CXX_FLAGS:STRING= CMAKE_CXX_FLAGS_RELEASE:STRING=-O3 -DNDEBUG,wikimedia_wikipedia_mxbai,/home/yunchih/code/simsearch/python/out/local_query_embeddings_1024.parquet,/home/yunchih/code/simsearch/python/query_embeddings/combined.jsonl,313,1024,100,10,two_step_RF10,21,0,0.003397,0.000661,0.003527,0.012073,0.001493,0.022172,0.25111553767168043,0.19047619047619047,313
0bbeb0653a569e5394ac94a502549b079f7a055c,meow1,AMD Ryzen 9 9950X 16-Core Processor,c++ (Ubuntu 15.2.0-4ubuntu4) 15.2.0,CMAKE_CXX_FLAGS:STRING= CMAKE_CXX_FLAGS_RELEASE:STRING=-O3 -DNDEBUG,wikimedia_wikipedia_mxbai,/home/yunchih/code/simsearch/python/out/local_query_embeddings_1024.parquet,/home/yunchih/code/simsearch/python/query_embeddings/combined.jsonl,313,1024,100,50,two_step_RF50,21,0,0.000862,0.000691,0.003547,0.012032,0.001533,0.019757,0.25111553767168043,0.19047619047619047,313
0bbeb0653a569e5394ac94a502549b079f7a055c,meow1,AMD Ryzen 9 9950X 16-Core Processor,c++ (Ubuntu 15.2.0-4ubuntu4) 15.2.0,CMAKE_CXX_FLAGS:STRING= CMAKE_CXX_FLAGS_RELEASE:STRING=-O3 -DNDEBUG,wikimedia_wikipedia_mxbai,/home/yunchih/code/simsearch/python/out/local_query_embeddings_1024.parquet,/home/yunchih/code/simsearch/python/query_embeddings/combined.jsonl,313,1024,100,10,two_step_mf_RF10,21,0,0.003446,0.000711,0.003507,0.093205,0.001503,0.103364,0.25111553767168043,0.19047619047619047,313
0bbeb0653a569e5394ac94a502549b079f7a055c,meow1,AMD Ryzen 9 9950X 16-Core Processor,c++ (Ubuntu 15.2.0-4ubuntu4) 15.2.0,CMAKE_CXX_FLAGS:STRING= CMAKE_CXX_FLAGS_RELEASE:STRING=-O3 -DNDEBUG,wikimedia_wikipedia_mxbai,/home/yunchih/code/simsearch/python/out/local_query_embeddings_1024.parquet,/home/yunchih/code/simsearch/python/query_embeddings/combined.jsonl,313,1024,100,50,two_step_mf_RF50,21,0,0.001173,0.000671,0.003527,0.090771,0.001442,0.098495,0.25111553767168043,0.19047619047619047,313
0bbeb0653a569e5394ac94a502549b079f7a055c,meow1,AMD Ryzen 9 9950X 16-Core Processor,c++ (Ubuntu 15.2.0-4ubuntu4) 15.2.0,CMAKE_CXX_FLAGS:STRING= CMAKE_CXX_FLAGS_RELEASE:STRING=-O3 -DNDEBUG,wikimedia_wikipedia_mxbai,/home/yunchih/code/simsearch/python/out/local_query_embeddings_1024.parquet,/home/yunchih/code/simsearch/python/query_embeddings/combined.jsonl,313,1024,100,0,float32_avx2,22,0,0.0,0.0,0.0,0.0,0.0,0.012,1.0000000000000004,1.0,100
0bbeb0653a569e5394ac94a502549b079f7a055c,meow1,AMD Ryzen 9 9950X 16-Core Processor,c++ (Ubuntu 15.2.0-4ubuntu4) 15.2.0,CMAKE_CXX_FLAGS:STRING= CMAKE_CXX_FLAGS_RELEASE:STRING=-O3 -DNDEBUG,wikimedia_wikipedia_mxbai,/home/yunchih/code/simsearch/python/out/local_query_embeddings_1024.parquet,/home/yunchih/code/simsearch/python/query_embeddings/combined.jsonl,313,1024,100,0,binary,22,0,0.003697,0.000691,0.001092,0.0,0.0,0.006232,1.0000000000000004,1.0,100
0bbeb0653a569e5394ac94a502549b079f7a055c,meow1,AMD Ryzen 9 9950X 16-Core Processor,c++ (Ubuntu 15.2.0-4ubuntu4) 15.2.0,CMAKE_CXX_FLAGS:STRING= CMAKE_CXX_FLAGS_RELEASE:STRING=-O3 -DNDEBUG,wikimedia_wikipedia_mxbai,/home/yunchih/code/simsearch/python/out/local_query_embeddings_1024.parquet,/home/yunchih/code/simsearch/python/query_embeddings/combined.jsonl,313,1024,100,10,two_step_RF10,22,0,0.003456,0.000652,0.003516,0.012604,0.001492,0.022733,0.25111553767168043,0.19047619047619047,313
0bbeb0653a569e5394ac94a502549b079f7a055c,meow1,AMD Ryzen 9 9950X 16-Core Processor,c++ (Ubuntu 15.2.0-4ubuntu4) 15.2.0,CMAKE_CXX_FLAGS:STRING= CMAKE_CXX_FLAGS_RELEASE:STRING=-O3 -DNDEBUG,wikimedia_wikipedia_mxbai,/home/yunchih/code/simsearch/python/out/local_query_embeddings_1024.parquet,/home/yunchih/code/simsearch/python/query_embeddings/combined.jsonl,313,1024,100,50,two_step_RF50,22,0,0.000902,0.000711,0.003527,0.012153,0.001493,0.019857,0.25111553767168043,0.19047619047619047,313
0bbeb0653a569e5394ac94a502549b079f7a055c,meow1,AMD Ryzen 9 9950X 16-Core Processor,c++ (Ubuntu 15.2.0-4ubuntu4) 15.2.0,CMAKE_CXX_FLAGS:STRING= CMAKE_CXX_FLAGS_RELEASE:STRING=-O3 -DNDEBUG,wikimedia_wikipedia_mxbai,/home/yunchih/code/simsearch/python/out/local_query_embeddings_1024.parquet,/home/yunchih/code/simsearch/python/query_embeddings/combined.jsonl,313,1024,100,10,two_step_mf_RF10,22,0,0.003687,0.000681,0.003487,0.091562,0.001493,0.101941,0.25111553767168043,0.19047619047619047,313
0bbeb0653a569e5394ac94a502549b079f7a055c,meow1,AMD Ryzen 9 9950X 16-Core Processor,c++ (Ubuntu 15.2.0-4ubuntu4) 15.2.0,CMAKE_CXX_FLAGS:STRING= CMAKE_CXX_FLAGS_RELEASE:STRING=-O3 -DNDEBUG,wikimedia_wikipedia_mxbai,/home/yunchih/code/simsearch/python/out/local_query_embeddings_1024.parquet,/home/yunchih/code/simsearch/python/query_embeddings/combined.jsonl,313,1024,100,50,two_step_mf_RF50,22,0,0.001513,0.000671,0.003547,0.090751,0.001432,0.098826,0.25111553767168043,0.19047619047619047,313
0bbeb0653a569e5394ac94a502549b079f7a055c,meow1,AMD Ryzen 9 9950X 16-Core Processor,c++ (Ubuntu 15.2.0-4ubuntu4) 15.2.0,CMAKE_CXX_FLAGS:STRING= CMAKE_CXX_FLAGS_RELEASE:STRING=-O3 -DNDEBUG,wikimedia_wikipedia_mxbai,/home/yunchih/code/simsearch/python/out/local_query_embeddings_1024.parquet,/home/yunchih/code/simsearch/python/query_embeddings/combined.jsonl,313,1024,100,0,float32_avx2,23,0,0.0,0.0,0.0,0.0,0.0,0.012,1.0000000000000004,1.0,100
0bbeb0653a569e5394ac94a502549b079f7a055c,meow1,AMD Ryzen 9 9950X 16-Core Processor,c++ (Ubuntu 15.2.0-4ubuntu4) 15.2.0,CMAKE_CXX_FLAGS:STRING= CMAKE_CXX_FLAGS_RELEASE:STRING=-O3 -DNDEBUG,wikimedia_wikipedia_mxbai,/home/yunchih/code/simsearch/python/out/local_query_embeddings_1024.parquet,/home/yunchih/code/simsearch/python/query_embeddings/combined.jsonl,313,1024,100,0,binary,23,0,0.003507,0.000681,0.001072,0.0,0.0,0.006041,1.0000000000000004,1.0,100
0bbeb0653a569e5394ac94a502549b079f7a055c,meow1,AMD Ryzen 9 9950X 16-Core Processor,c++ (Ubuntu 15.2.0-4ubuntu4) 15.2.0,CMAKE_CXX_FLAGS:STRING= CMAKE_CXX_FLAGS_RELEASE:STRING=-O3 -DNDEBUG,wikimedia_wikipedia_mxbai,/home/yunchih/code/simsearch/python/out/local_query_embeddings_1024.parquet,/home/yunchih/code/simsearch/python/query_embeddings/combined.jsonl,313,1024,100,10,two_step_RF10,23,0,0.003416,0.000651,0.003557,0.012052,0.001423,0.022142,0.25111553767168043,0.19047619047619047,313
0bbeb0653a569e5394ac94a502549b079f7a055c,meow1,AMD Ryzen 9 9950X 16-Core Processor,c++ (Ubuntu 15.2.0-4ubuntu4) 15.2.0,CMAKE_CXX_FLAGS:STRING= CMAKE_CXX_FLAGS_RELEASE:STRING=-O3 -DNDEBUG,wikimedia_wikipedia_mxbai,/home/yunchih/code/simsearch/python/out/local_query_embeddings_1024.parquet,/home/yunchih/code/simsearch/python/query_embeddings/combined.jsonl,313,1024,100,50,two_step_RF50,23,0,0.000851,0.000702,0.003576,0.012013,0.001523,0.019788,0.25111553767168043,0.19047619047619047,313
0bbeb0653a569e5394ac94a502549b079f7a055c,meow1,AMD Ryzen 9 9950X 16-Core Processor,c++ (Ubuntu 15.2.0-4ubuntu4) 15.2.0,CMAKE_CXX_FLAGS:STRING= CMAKE_CXX_FLAGS_RELEASE:STRING=-O3 -DNDEBUG,wikimedia_wikipedia_mxbai,/home/yunchih/code/simsearch/python/out/local_query_embeddings_1024.parquet,/home/yunchih/code/simsearch/python/query_embeddings/combined.jsonl,313,1024,100,10,two_step_mf_RF10,23,0,0.003186,0.000702,0.003526,0.091301,0.001463,0.10116,0.25111553767168043,0.19047619047619047,313
0bbeb0653a569e5394ac94a502549b079f7a055c,meow1,AMD Ryzen 9 9950X 16-Core Processor,c++ (Ubuntu 15.2.0-4ubuntu4) 15.2.0,CMAKE_CXX_FLAGS:STRING= CMAKE_CXX_FLAGS_RELEASE:STRING=-O3 -DNDEBUG,wikimedia_wikipedia_mxbai,/home/yunchih/code/simsearch/python/out/local_query_embeddings_1024.parquet,/home/yunchih/code/simsearch/python/query_embeddings/combined.jsonl,313,1024,100,50,two_step_mf_RF50,23,0,0.001012,0.000671,0.003517,0.09067,0.001413,0.098224,0.25111553767168043,0.19047619047619047,313
0bbeb0653a569e5394ac94a502549b079f7a055c,meow1,AMD Ryzen 9 9950X 16-Core Processor,c++ (Ubuntu 15.2.0-4ubuntu4) 15.2.0,CMAKE_CXX_FLAGS:STRING= CMAKE_CXX_FLAGS_RELEASE:STRING=-O3 -DNDEBUG,wikimedia_wikipedia_mxbai,/home/yunchih/code/simsearch/python/out/local_query_embeddings_1024.parquet,/home/yunchih/code/simsearch/python/query_embeddings/combined.jsonl,313,1024,100,0,float32_avx2,24,0,0.0,0.0,0.0,0.0,0.0,0.012,1.0000000000000004,1.0,100
0bbeb0653a569e5394ac94a502549b079f7a055c,meow1,AMD Ryzen 9 9950X 16-Core Processor,c++ (Ubuntu 15.2.0-4ubuntu4) 15.2.0,CMAKE_CXX_FLAGS:STRING= CMAKE_CXX_FLAGS_RELEASE:STRING=-O3 -DNDEBUG,wikimedia_wikipedia_mxbai,/home/yunchih/code/simsearch/python/out/local_query_embeddings_1024.parquet,/home/yunchih/code/simsearch/python/query_embeddings/combined.jsonl,313,1024,100,0,binary,24,0,0.003516,0.000692,0.001092,0.0,0.0,0.006022,1.0000000000000004,1.0,100
0bbeb0653a569e5394ac94a502549b079f7a055c,meow1,AMD Ryzen 9 9950X 16-Core Processor,c++ (Ubuntu 15.2.0-4ubuntu4) 15.2.0,CMAKE_CXX_FLAGS:STRING= CMAKE_CXX_FLAGS_RELEASE:STRING=-O3 -DNDEBUG,wikimedia_wikipedia_mxbai,/home/yunchih/code/simsearch/python/out/local_query_embeddings_1024.parquet,/home/yunchih/code/simsearch/python/query_embeddings/combined.jsonl,313,1024,100,10,two_step_RF10,24,0,0.003226,0.000652,0.003546,0.012083,0.001442,0.021971,0.25111553767168043,0.19047619047619047,313
0bbeb0653a569e5394ac94a502549b079f7a055c,meow1,AMD Ryzen 9 9950X 16-Core Processor,c++ (Ubuntu 15.2.0-4ubuntu4) 15.2.0,CMAKE_CXX_FLAGS:STRING= CMAKE_CXX_FLAGS_RELEASE:STRING=-O3 -DNDEBUG,wikimedia_wikipedia_mxbai,/home/yunchih/code/simsearch/python/out/local_query_embeddings_1024.parquet,/home/yunchih/code/simsearch/python/query_embeddings/combined.jsonl,313,1024,100,50,two_step_RF50,24,0,0.000651,0.000701,0.003567,0.011913,0.001512,0.019427,0.25111553767168043,0.19047619047619047,313
0bbeb0653a569e5394ac94a502549b079f7a055c,meow1,AMD Ryzen 9 9950X 16-Core Processor,c++ (Ubuntu 15.2.0-4ubuntu4) 15.2.0,CMAKE_CXX_FLAGS:STRING= CMAKE_CXX_FLAGS_RELEASE:STRING=-O3 -DNDEBUG,wikimedia_wikipedia_mxbai,/home/yunchih/code/simsearch/python/out/local_query_embeddings_1024.parquet,/home/yunchih/code/simsearch/python/query_embeddings/combined.jsonl,313,1024,100,10,two_step_mf_RF10,24,0,0.003406,0.000701,0.003516,0.091422,0.001482,0.101491,0.25111553767168043,0.19047619047619047,313
0bbeb0653a569e5394ac94a502549b079f7a055c,meow1,AMD Ryzen 9 9950X 16-Core Processor,c++ (Ubuntu 15.2.0-4ubuntu4) 15.2.0,CMAKE_CXX_FLAGS:STRING= CMAKE_CXX_FLAGS_RELEASE:STRING=-O3 -DNDEBUG,wikimedia_wikipedia_mxbai,/home/yunchih/code/simsearch/python/out/local_query_embeddings_1024.parquet,/home/yunchih/code/simsearch/python/query_embeddings/combined.jsonl,313,1024,100,50,two_step_mf_RF50,24,0,0.000991,0.000662,0.003546,0.09068,0.001423,0.098185,0.25111553767168043,0.19047619047619047,313
0bbeb0653a569e5394ac94a502549b079f7a055c,meow1,AMD Ryzen 9 9950X 16-Core Processor,c++ (Ubuntu 15.2.0-4ubuntu4) 15.2.0,CMAKE_CXX_FLAGS:STRING= CMAKE_CXX_FLAGS_RELEASE:STRING=-O3 -DNDEBUG,wikimedia_wikipedia_mxbai,/home/yunchih/code/simsearch/python/out/local_query_embeddings_1024.parquet,/home/yunchih/code/simsearch/python/query_embeddings/combined.jsonl,313,1024,100,0,float32_avx2,25,0,0.0,0.0,0.0,0.0,0.0,0.012,1.0000000000000004,1.0,100
0bbeb0653a569e5394ac94a502549b079f7a055c,meow1,AMD Ryzen 9 9950X 16-Core Processor,c++ (Ubuntu 15.2.0-4ubuntu4) 15.2.0,CMAKE_CXX_FLAGS:STRING= CMAKE_CXX_FLAGS_RELEASE:STRING=-O3 -DNDEBUG,wikimedia_wikipedia_mxbai,/home/yunchih/code/simsearch/python/out/local_query_embeddings_1024.parquet,/home/yunchih/code/simsearch/python/query_embeddings/combined.jsonl,313,1024,100,0,binary,25,0,0.003637,0.000681,0.001062,0.0,0.0,0.006151,1.0000000000000004,1.0,100
0bbeb0653a569e5394ac94a502549b079f7a055c,meow1,AMD Ryzen 9 9950X 16-Core Processor,c++ (Ubuntu 15.2.0-4ubuntu4) 15.2.0,CMAKE_CXX_FLAGS:STRING= CMAKE_CXX_FLAGS_RELEASE:STRING=-O3 -DNDEBUG,wikimedia_wikipedia_mxbai,/home/yunchih/code/simsearch/python/out/local_query_embeddings_1024.parquet,/home/yunchih/code/simsearch/python/query_embeddings/combined.jsonl,313,1024,100,10,two_step_RF10,25,0,0.003546,0.000652,0.003536,0.012053,0.001452,0.022292,0.25111553767168043,0.19047619047619047,313
0bbeb0653a569e5394ac94a502549b079f7a055c,meow1,AMD Ryzen 9 9950X 16-Core Processor,c++ (Ubuntu 15.2.0-4ubuntu4) 15.2.0,CMAKE_CXX_FLAGS:STRING= CMAKE_CXX_FLAGS_RELEASE:STRING=-O3 -DNDEBUG,wikimedia_wikipedia_mxbai,/home/yunchih/code/simsearch/python/out/local_query_embeddings_1024.parquet,/home/yunchih/code/simsearch/python/query_embeddings/combined.jsonl,313,1024,100,50,two_step_RF50,25,0,0.003487,0.001903,0.004238,0.055093,0.002034,0.072556,0.25111553767168043,0.19047619047619047,313
0bbeb0653a569e5394ac94a502549b079f7a055c,meow1,AMD Ryzen 9 9950X 16-Core Processor,c++ (Ubuntu 15.2.0-4ubuntu4) 15.2.0,CMAKE_CXX_FLAGS:STRING= CMAKE_CXX_FLAGS_RELEASE:STRING=-O3 -DNDEBUG,wikimedia_wikipedia_mxbai,/home/yunchih/code/simsearch/python/out/local_query_embeddings_1024.parquet,/home/yunchih/code/simsearch/python/query_embeddings/combined.jsonl,313,1024,100,10,two_step_mf_RF10,25,0,0.003517,0.000721,0.003828,0.107181,0.002114,0.119154,0.25111553767168043,0.19047619047619047,313
0bbeb0653a569e5394ac94a502549b079f7a055c,meow1,AMD Ryzen 9 9950X 16-Core Processor,c++ (Ubuntu 15.2.0-4ubuntu4) 15.2.0,CMAKE_CXX_FLAGS:STRING= CMAKE_CXX_FLAGS_RELEASE:STRING=-O3 -DNDEBUG,wikimedia_wikipedia_mxbai,/home/yunchih/code/simsearch/python/out/local_query_embeddings_1024.parquet,/home/yunchih/code/simsearch/python/query_embeddings/combined.jsonl,313,1024,100,50,two_step_mf_RF50,25,0,0.002134,0.000751,0.003587,0.086683,0.001653,0.0958,0.25111553767168043,0.19047619047619047,313
0bbeb0653a569e5394ac94a502549b079f7a055c,meow1,AMD Ryzen 9 9950X 16-Core Processor,c++ (Ubuntu 15.2.0-4ubuntu4) 15.2.0,CMAKE_CXX_FLAGS:STRING= CMAKE_CXX_FLAGS_RELEASE:STRING=-O3 -DNDEBUG,wikimedia_wikipedia_mxbai,/home/yunchih/code/simsearch/python/out/local_query_embeddings_1024.parquet,/home/yunchih/code/simsearch/python/query_embeddings/combined.jsonl,313,1024,100,0,float32_avx2,26,0,0.0,0.0,0.0,0.0,0.0,0.015,1.0000000000000004,1.0,100
0bbeb0653a569e5394ac94a502549b079f7a055c,meow1,AMD Ryzen 9 9950X 16-Core Processor,c++ (Ubuntu 15.2.0-4ubuntu4) 15.2.0,CMAKE_CXX_FLAGS:STRING= CMAKE_CXX_FLAGS_RELEASE:STRING=-O3 -DNDEBUG,wikimedia_wikipedia_mxbai,/home/yunchih/code/simsearch/python/out/local_query_embeddings_1024.parquet,/home/yunchih/code/simsearch/python/query_embeddings/combined.jsonl,313,1024,100,0,binary,26,0,0.003767,0.000731,0.001253,0.0,0.0,0.006642,1.0000000000000004,1.0,100
0bbeb0653a569e5394ac94a502549b079f7a055c,meow1,AMD Ryzen 9 9950X 16-Core Processor,c++ (Ubuntu 15.2.0-4ubuntu4) 15.2.0,CMAKE_CXX_FLAGS:STRING= CMAKE_CXX_FLAGS_RELEASE:STRING=-O3 -DNDEBUG,wikimedia_wikipedia_mxbai,/home/yunchih/code/simsearch/python/out/local_query_embeddings_1024.parquet,/home/yunchih/code/simsearch/python/query_embeddings/combined.jsonl,313,1024,100,10,two_step_RF10,26,0,0.003236,0.000681,0.003547,0.011902,0.001653,0.022111,0.25111553767168043,0.19047619047619047,313
0bbeb0653a569e5394ac94a502549b079f7a055c,meow1,AMD Ryzen 9 9950X 16-Core Processor,c++ (Ubuntu 15.2.0-4ubuntu4) 15.2.0,CMAKE_CXX_FLAGS:STRING= CMAKE_CXX_FLAGS_RELEASE:STRING=-O3 -DNDEBUG,wikimedia_wikipedia_mxbai,/home/yunchih/code/simsearch/python/out/local_query_embeddings_1024.parquet,/home/yunchih/code/simsearch/python/query_embeddings/combined.jsonl,313,1024,100,50,two_step_RF50,26,0,0.001302,0.000732,0.003506,0.011762,0.001623,0.019988,0.25111553767168043,0.19047619047619047,313
0bbeb0653a569e5394ac94a502549b079f7a055c,meow1,AMD Ryzen 9 9950X 16-Core Processor,c++ (Ubuntu 15.2.0-4ubuntu4) 15.2.0,CMAKE_CXX_FLAGS:STRING= CMAKE_CXX_FLAGS_RELEASE:STRING=-O3 -DNDEBUG,wikimedia_wikipedia_mxbai,/home/yunchih/code/simsearch/python/out/local_query_embeddings_1024.parquet,/home/yunchih/code/simsearch/python/query_embeddings/combined.jsonl,313,1024,100,10,two_step_mf_RF10,26,0,0.003076,0.000742,0.003386,0.088125,0.001553,0.098055,0.25111553767168043,0.19047619047619047,313
0bbeb0653a569e5394ac94a502549b079f7a055c,meow1,AMD Ryzen 9 9950X 16-Core Processor,c++ (Ubuntu 15.2.0-4ubuntu4) 15.2.0,CMAKE_CXX_FLAGS:STRING= CMAKE_CXX_FLAGS_RELEASE:STRING=-O3 -DNDEBUG,wikimedia_wikipedia_mxbai,/home/yunchih/code/simsearch/python/out/local_query_embeddings_1024.parquet,/home/yunchih/code/simsearch/python/query_embeddings/combined.jsonl,313,1024,100,50,two_step_mf_RF50,26,0,0.001323,0.000691,0.003397,0.086803,0.001473,0.094618,0.25111553767168043,0.19047619047619047,313
0bbeb0653a569e5394ac94a502549b079f7a055c,meow1,AMD Ryzen 9 9950X 16-Core Processor,c++ (Ubuntu 15.2.0-4ubuntu4) 15.2.0,CMAKE_CXX_FLAGS:STRING= CMAKE_CXX_FLAGS_RELEASE:STRING=-O3 -DNDEBUG,wikimedia_wikipedia_mxbai,/home/yunchih/code/simsearch/python/out/local_query_embeddings_1024.parquet,/home/yunchih/code/simsearch/python/query_embeddings/combined.jsonl,313,1024,100,0,float32_avx2,27,0,0.0,0.0,0.0,0.0,0.0,0.012,1.0000000000000004,1.0,100
0bbeb0653a569e5394ac94a502549b079f7a055c,meow1,AMD Ryzen 9 9950X 16-Core Processor,c++ (Ubuntu 15.2.0-4ubuntu4) 15.2.0,CMAKE_CXX_FLAGS:STRING= CMAKE_CXX_FLAGS_RELEASE:STRING=-O3 -DNDEBUG,wikimedia_wikipedia_mxbai,/home/yunchih/code/simsearch/python/out/local_query_embeddings_1024.parquet,/home/yunchih/code/simsearch/python/query_embeddings/combined.jsonl,313,1024,100,0,binary,27,0,0.003657,0.000701,0.001152,0.0,0.0,0.006301,1.0000000000000004,1.0,100
0bbeb0653a569e5394ac94a502549b079f7a055c,meow1,AMD Ryzen 9 9950X 16-Core Processor,c++ (Ubuntu 15.2.0-4ubuntu4) 15.2.0,CMAKE_CXX_FLAGS:STRING= CMAKE_CXX_FLAGS_RELEASE:STRING=-O3 -DNDEBUG,wikimedia_wikipedia_mxbai,/home/yunchih/code/simsearch/python/out/local_query_embeddings_1024.parquet,/home/yunchih/code/simsearch/python/query_embeddings/combined.jsonl,313,1024,100,10,two_step_RF10,27,0,0.003226,0.000701,0.003407,0.011702,0.001413,0.02149,0.25111553767168043,0.19047619047619047,313
0bbeb0653a569e5394ac94a502549b079f7a055c,meow1,AMD Ryzen 9 9950X 16-Core Processor,c++ (Ubuntu 15.2.0-4ubuntu4) 15.2.0,CMAKE_CXX_FLAGS:STRING= CMAKE_CXX_FLAGS_RELEASE:STRING=-O3 -DNDEBUG,wikimedia_wikipedia_mxbai,/home/yunchih/code/simsearch/python/out/local_query_embeddings_1024.parquet,/home/yunchih/code/simsearch/python/query_embeddings/combined.jsonl,313,1024,100,50,two_step_RF50,27,0,0.000781,0.000731,0.003396,0.011672,0.001513,0.019186,0.25111553767168043,0.19047619047619047,313
0bbeb0653a569e5394ac94a502549b079f7a055c,meow1,AMD Ryzen 9 9950X 16-Core Processor,c++ (Ubuntu 15.2.0-4ubuntu4) 15.2.0,CMAKE_CXX_FLAGS:STRING= CMAKE_CXX_FLAGS_RELEASE:STRING=-O3 -DNDEBUG,wikimedia_wikipedia_mxbai,/home/yunchih/code/simsearch/python/out/local_query_embeddings_1024.parquet,/home/yunchih/code/simsearch/python/query_embeddings/combined.jsonl,313,1024,100,10,two_step_mf_RF10,27,0,0.003286,0.000732,0.003416,0.087395,0.001472,0.097263,0.25111553767168043,0.19047619047619047,313
0bbeb0653a569e5394ac94a502549b079f7a055c,meow1,AMD Ryzen 9 9950X 16-Core Processor,c++ (Ubuntu 15.2.0-4ubuntu4) 15.2.0,CMAKE_CXX_FLAGS:STRING= CMAKE_CXX_FLAGS_RELEASE:STRING=-O3 -DNDEBUG,wikimedia_wikipedia_mxbai,/home/yunchih/code/simsearch/python/out/local_query_embeddings_1024.parquet,/home/yunchih/code/simsearch/python/query_embeddings/combined.jsonl,313,1024,100,50,two_step_mf_RF50,27,0,0.001113,0.000701,0.003386,0.086713,0.001432,0.094207,0.25111553767168043,0.19047619047619047,313
0bbeb0653a569e5394ac94a502549b079f7a055c,meow1,AMD Ryzen 9 9950X 16-Core Processor,c++ (Ubuntu 15.2.0-4ubuntu4) 15.2.0,CMAKE_CXX_FLAGS:STRING= CMAKE_CXX_FLAGS_RELEASE:STRING=-O3 -DNDEBUG,wikimedia_wikipedia_mxbai,/home/yunchih/code/simsearch/python/out/local_query_embeddings_1024.parquet,/home/yunchih/code/simsearch/python/query_embeddings/combined.jsonl,313,1024,100,0,float32_avx2,28,0,0.0,0.0,0.0,0.0,0.0,0.012,1.0000000000000004,1.0,100
0bbeb0653a569e5394ac94a502549b079f7a055c,meow1,AMD Ryzen 9 9950X 16-Core Processor,c++ (Ubuntu 15.2.0-4ubuntu4) 15.2.0,CMAKE_CXX_FLAGS:STRING= CMAKE_CXX_FLAGS_RELEASE:STRING=-O3 -DNDEBUG,wikimedia_wikipedia_mxbai,/home/yunchih/code/simsearch/python/out/local_query_embeddings_1024.parquet,/home/yunchih/code/simsearch/python/query_embeddings/combined.jsonl,313,1024,100,0,binary,28,0,0.003386,0.000711,0.001143,0.0,0.0,0.005951,1.0000000000000004,1.0,100
0bbeb0653a569e5394ac94a502549b079f7a055c,meow1,AMD Ryzen 9 9950X 16-Core Processor,c++ (Ubuntu 15.2.0-4ubuntu4) 15.2.0,CMAKE_CXX_FLAGS:STRING= CMAKE_CXX_FLAGS_RELEASE:STRING=-O3 -DNDEBUG,wikimedia_wikipedia_mxbai,/home/yunchih/code/simsearch/python/out/local_query_embeddings_1024.parquet,/home/yunchih/code/simsearch/python/query_embeddings/combined.jsonl,313,1024,100,10,two_step_RF10,28,0,0.003266,0.000681,0.003426,0.011882,0.001463,0.021731,0.25111553767168043,0.19047619047619047,313
0bbeb0653a569e5394ac94a502549b079f7a055c,meow1,AMD Ryzen 9 9950X 16-Core Processor,c++ (Ubuntu 15.2.0-4ubuntu4) 15.2.0,CMAKE_CXX_FLAGS:STRING= CMAKE_CXX_FLAGS_RELEASE:STRING=-O3 -DNDEBUG,wikimedia_wikipedia_mxbai,/home/yunchih/code/simsearch/python/out/local_query_embeddings_1024.parquet,/home/yunchih/code/simsearch/python/query_embeddings/combined.jsonl,313,1024,100,50,two_step_RF50,28,0,0.000982,0.000721,0.003476,0.011652,0.001512,0.019346,0.25111553767168043,0.19047619047619047,313
0bbeb0653a569e5394ac94a502549b079f7a055c,meow1,AMD Ryzen 9 9950X 16-Core Processor,c++ (Ubuntu 15.2.0-4ubuntu4) 15.2.0,CMAKE_CXX_FLAGS:STRING= CMAKE_CXX_FLAGS_RELEASE:STRING=-O3 -DNDEBUG,wikimedia_wikipedia_mxbai,/home/yunchih/code/simsearch/python/out/local_query_embeddings_1024.parquet,/home/yunchih/code/simsearch/python/query_embeddings/combined.jsonl,313,1024,100,10,two_step_mf_RF10,28,0,0.003216,0.000712,0.003396,0.087555,0.001423,0.097243,0.25111553767168043,0.19047619047619047,313
0bbeb0653a569e5394ac94a502549b079f7a055c,meow1,AMD Ryzen 9 9950X 16-Core Processor,c++ (Ubuntu 15.2.0-4ubuntu4) 15.2.0,CMAKE_CXX_FLAGS:STRING= CMAKE_CXX_FLAGS_RELEASE:STRING=-O3 -DNDEBUG,wikimedia_wikipedia_mxbai,/home/yunchih/code/simsearch/python/out/local_query_embeddings_1024.parquet,/home/yunchih/code/simsearch/python/query_embeddings/combined.jsonl,313,1024,100,50,two_step_mf_RF50,28,0,0.001062,0.000711,0.003417,0.086833,0.001433,0.094297,0.25111553767168043,0.19047619047619047,313
0bbeb0653a569e5394ac94a502549b079f7a055c,meow1,AMD Ryzen 9 9950X 16-Core Processor,c++ (Ubuntu 15.2.0-4ubuntu4) 15.2.0,CMAKE_CXX_FLAGS:STRING= CMAKE_CXX_FLAGS_RELEASE:STRING=-O3 -DNDEBUG,wikimedia_wikipedia_mxbai,/home/yunchih/code/simsearch/python/out/local_query_embeddings_1024.parquet,/home/yunchih/code/simsearch/python/query_embeddings/combined.jsonl,313,1024,100,0,float32_avx2,29,0,0.0,0.0,0.0,0.0,0.0,0.012,1.0000000000000004,1.0,100
0bbeb0653a569e5394ac94a502549b079f7a055c,meow1,AMD Ryzen 9 9950X 16-Core Processor,c++ (Ubuntu 15.2.0-4ubuntu4) 15.2.0,CMAKE_CXX_FLAGS:STRING= CMAKE_CXX_FLAGS_RELEASE:STRING=-O3 -DNDEBUG,wikimedia_wikipedia_mxbai,/home/yunchih/code/simsearch/python/out/local_query_embeddings_1024.parquet,/home/yunchih/code/simsearch/python/query_embeddings/combined.jsonl,313,1024,100,0,binary,29,0,0.003376,0.000712,0.001022,0.0,0.0,0.005871,1.0000000000000004,1.0,100
0bbeb0653a569e5394ac94a502549b079f7a055c,meow1,AMD Ryzen 9 9950X 16-Core Processor,c++ (Ubuntu 15.2.0-4ubuntu4) 15.2.0,CMAKE_CXX_FLAGS:STRING= CMAKE_CXX_FLAGS_RELEASE:STRING=-O3 -DNDEBUG,wikimedia_wikipedia_mxbai,/home/yunchih/code/simsearch/python/out/local_query_embeddings_1024.parquet,/home/yunchih/code/simsearch/python/query_embeddings/combined.jsonl,313,1024,100,10,two_step_RF10,29,0,0.003186,0.000681,0.003376,0.011883,0.001382,0.021551,0.25111553767168043,0.19047619047619047,313
0bbeb0653a569e5394ac94a502549b079f7a055c,meow1,AMD Ryzen 9 9950X 16-Core Processor,c++ (Ubuntu 15.2.0-4ubuntu4) 15.2.0,CMAKE_CXX_FLAGS:STRING= CMAKE_CXX_FLAGS_RELEASE:STRING=-O3 -DNDEBUG,wikimedia_wikipedia_mxbai,/home/yunchih/code/simsearch/python/out/local_query_embeddings_1024.parquet,/home/yunchih/code/simsearch/python/query_embeddings/combined.jsonl,313,1024,100,50,two_step_RF50,29,0,0.000912,0.000752,0.003416,0.011802,0.001433,0.019397,0.25111553767168043,0.19047619047619047,313
0bbeb0653a569e5394ac94a502549b079f7a055c,meow1,AMD Ryzen 9 9950X 16-Core Processor,c++ (Ubuntu 15.2.0-4ubuntu4) 15.2.0,CMAKE_CXX_FLAGS:STRING= CMAKE_CXX_FLAGS_RELEASE:STRING=-O3 -DNDEBUG,wikimedia_wikipedia_mxbai,/home/yunchih/code/simsearch/python/out/local_query_embeddings_1024.parquet,/home/yunchih/code/simsearch/python/query_embeddings/combined.jsonl,313,1024,100,10,two_step_mf_RF10,29,0,0.003206,0.000731,0.003357,0.087354,0.001433,0.097042,0.25111553767168043,0.19047619047619047,313
0bbeb0653a569e5394ac94a502549b079f7a055c,meow1,AMD Ryzen 9 9950X 16-Core Processor,c++ (Ubuntu 15.2.0-4ubuntu4) 15.2.0,CMAKE_CXX_FLAGS:STRING= CMAKE_CXX_FLAGS_RELEASE:STRING=-O3 -DNDEBUG,wikimedia_wikipedia_mxbai,/home/yunchih/code/simsearch/python/out/local_query_embeddings_1024.parquet,/home/yunchih/code/simsearch/python/query_embeddings/combined.jsonl,313,1024,100,50,two_step_mf_RF50,29,0,0.001012,0.000711,0.003427,0.090641,0.001402,0.098074,0.25111553767168043,0.19047619047619047,313
0bbeb0653a569e5394ac94a502549b079f7a055c,meow1,AMD Ryzen 9 9950X 16-Core Processor,c++ (Ubuntu 15.2.0-4ubuntu4) 15.2.0,CMAKE_CXX_FLAGS:STRING= CMAKE_CXX_FLAGS_RELEASE:STRING=-O3 -DNDEBUG,wikimedia_wikipedia_mxbai,/home/yunchih/code/simsearch/python/out/local_query_embeddings_1024.parquet,/home/yunchih/code/simsearch/python/query_embeddings/combined.jsonl,313,1024,100,0,float32_avx2,30,0,0.0,0.0,0.0,0.0,0.0,0.012,1.0000000000000004,1.0,100
0bbeb0653a569e5394ac94a502549b079f7a055c,meow1,AMD Ryzen 9 9950X 16-Core Processor,c++ (Ubuntu 15.2.0-4ubuntu4) 15.2.0,CMAKE_CXX_FLAGS:STRING= CMAKE_CXX_FLAGS_RELEASE:STRING=-O3 -DNDEBUG,wikimedia_wikipedia_mxbai,/home/yunchih/code/simsearch/python/out/local_query_embeddings_1024.parquet,/home/yunchih/code/simsearch/python/query_embeddings/combined.jsonl,313,1024,100,0,binary,30,0,0.003416,0.000731,0.001052,0.0,0.0,0.005931,1.0000000000000004,1.0,100
0bbeb0653a569e5394ac94a502549b079f7a055c,meow1,AMD Ryzen 9 9950X 16-Core Processor,c++ (Ubuntu 15.2.0-4ubuntu4) 15.2.0,CMAKE_CXX_FLAGS:STRING= CMAKE_CXX_FLAGS_RELEASE:STRING=-O3 -DNDEBUG,wikimedia_wikipedia_mxbai,/home/yunchih/code/simsearch/python/out/local_query_embeddings_1024.parquet,/home/yunchih/code/simsearch/python/query_embeddings/combined.jsonl,313,1024,100,10,two_step_RF10,30,0,0.003166,0.000701,0.003437,0.011813,0.001432,0.021551,0.25111553767168043,0.19047619047619047,313
0bbeb0653a569e5394ac94a502549b079f7a055c,meow1,AMD Ryzen 9 9950X 16-Core Processor,c++ (Ubuntu 15.2.0-4ubuntu4) 15.2.0,CMAKE_CXX_FLAGS:STRING= CMAKE_CXX_FLAGS_RELEASE:STRING=-O3 -DNDEBUG,wikimedia_wikipedia_mxbai,/home/yunchih/code/simsearch/python/out/local_query_embeddings_1024.parquet,/home/yunchih/code/simsearch/python/query_embeddings/combined.jsonl,313,1024,100,50,two_step_RF50,30,0,0.000922,0.000751,0.003407,0.011933,0.001503,0.019557,0.25111553767168043,0.19047619047619047,313
0bbeb0653a569e5394ac94a502549b079f7a055c,meow1,AMD Ryzen 9 9950X 16-Core Processor,c++ (Ubuntu 15.2.0-4ubuntu4) 15.2.0,CMAKE_CXX_FLAGS:STRING= CMAKE_CXX_FLAGS_RELEASE:STRING=-O3 -DNDEBUG,wikimedia_wikipedia_mxbai,/home/yunchih/code/simsearch/python/out/local_query_embeddings_1024.parquet,/home/yunchih/code/simsearch/python/query_embeddings/combined.jsonl,313,1024,100,10,two_step_mf_RF10,30,0,0.003226,0.000732,0.003406,0.087384,0.001422,0.097103,0.25111553767168043,0.19047619047619047,313
0bbeb0653a569e5394ac94a502549b079f7a055c,meow1,AMD Ryzen 9 9950X 16-Core Processor,c++ (Ubuntu 15.2.0-4ubuntu4) 15.2.0,CMAKE_CXX_FLAGS:STRING= CMAKE_CXX_FLAGS_RELEASE:STRING=-O3 -DNDEBUG,wikimedia_wikipedia_mxbai,/home/yunchih/code/simsearch/python/out/local_query_embeddings_1024.parquet,/home/yunchih/code/simsearch/python/query_embeddings/combined.jsonl,313,1024,100,50,two_step_mf_RF50,30,0,0.001002,0.000711,0.003396,0.086703,0.001383,0.094037,0.25111553767168043,0.19047619047619047,313
0bbeb0653a569e5394ac94a502549b079f7a055c,meow1,AMD Ryzen 9 9950X 16-Core Processor,c++ (Ubuntu 15.2.0-4ubuntu4) 15.2.0,CMAKE_CXX_FLAGS:STRING= CMAKE_CXX_FLAGS_RELEASE:STRING=-O3 -DNDEBUG,wikimedia_wikipedia_mxbai,/home/yunchih/code/simsearch/python/out/local_query_embeddings_1024.parquet,/home/yunchih/code/simsearch/python/query_embeddings/combined.jsonl,313,1024,100,0,float32_avx2,31,0,0.0,0.0,0.0,0.0,0.0,0.012,1.0000000000000004,1.0,100
0bbeb0653a569e5394ac94a502549b079f7a055c,meow1,AMD Ryzen 9 9950X 16-Core Processor,c++ (Ubuntu 15.2.0-4ubuntu4) 15.2.0,CMAKE_CXX_FLAGS:STRING= CMAKE_CXX_FLAGS_RELEASE:STRING=-O3 -DNDEBUG,wikimedia_wikipedia_mxbai,/home/yunchih/code/simsearch/python/out/local_query_embeddings_1024.parquet,/home/yunchih/code/simsearch/python/query_embeddings/combined.jsonl,313,1024,100,0,binary,31,0,0.003316,0.000761,0.001052,0.0,0.0,0.005891,1.0000000000000004,1.0,100
0bbeb0653a569e5394ac94a502549b079f7a055c,meow1,AMD Ryzen 9 9950X 16-Core Processor,c++ (Ubuntu 15.2.0-4ubuntu4) 15.2.0,CMAKE_CXX_FLAGS:STRING= CMAKE_CXX_FLAGS_RELEASE:STRING=-O3 -DNDEBUG,wikimedia_wikipedia_mxbai,/home/yunchih/code/simsearch/python/out/local_query_embeddings_1024.parquet,/home/yunchih/code/simsearch/python/query_embeddings/combined.jsonl,313,1024,100,10,two_step_RF10,31,0,0.003237,0.000701,0.003386,0.011952,0.001433,0.021771,0.25111553767168043,0.19047619047619047,313
0bbeb0653a569e5394ac94a502549b079f7a055c,meow1,AMD Ryzen 9 9950X 16-Core Processor,c++ (Ubuntu 15.2.0-4ubuntu4) 15.2.0,CMAKE_CXX_FLAGS:STRING= CMAKE_CXX_FLAGS_RELEASE:STRING=-O3 -DNDEBUG,wikimedia_wikipedia_mxbai,/home/yunchih/code/simsearch/python/out/local_query_embeddings_1024.parquet,/home/yunchih/code/simsearch/python/query_embeddings/combined.jsonl,313,1024,100,50,two_step_RF50,31,0,0.000791,0.000772,0.003386,0.011832,0.001433,0.019306,0.25111553767168043,0.19047619047619047,313
0bbeb0653a569e5394ac94a502549b079f7a055c,meow1,AMD Ryzen 9 9950X 16-Core Processor,c++ (Ubuntu 15.2.0-4ubuntu4) 15.2.0,CMAKE_CXX_FLAGS:STRING= CMAKE_CXX_FLAGS_RELEASE:STRING=-O3 -DNDEBUG,wikimedia_wikipedia_mxbai,/home/yunchih/code/simsearch/python/out/local_query_embeddings_1024.parquet,/home/yunchih/code/simsearch/python/query_embeddings/combined.jsonl,313,1024,100,10,two_step_mf_RF10,31,0,0.003296,0.000752,0.003416,0.087345,0.001402,0.097162,0.25111553767168043,0.19047619047619047,313
0bbeb0653a569e5394ac94a502549b079f7a055c,meow1,AMD Ryzen 9 9950X 16-Core Processor,c++ (Ubuntu 15.2.0-4ubuntu4) 15.2.0,CMAKE_CXX_FLAGS:STRING= CMAKE_CXX_FLAGS_RELEASE:STRING=-O3 -DNDEBUG,wikimedia_wikipedia_mxbai,/home/yunchih/code/simsearch/python/out/local_query_embeddings_1024.parquet,/home/yunchih/code/simsearch/python/query_embeddings/combined.jsonl,313,1024,100,50,two_step_mf_RF50,31,0,0.001122,0.000711,0.003386,0.086713,0.001372,0.094187,0.25111553767168043,0.19047619047619047,313
0bbeb0653a569e5394ac94a502549b079f7a055c,meow1,AMD Ryzen 9 9950X 16-Core Processor,c++ (Ubuntu 15.2.0-4ubuntu4) 15.2.0,CMAKE_CXX_FLAGS:STRING= CMAKE_CXX_FLAGS_RELEASE:STRING=-O3 -DNDEBUG,wikimedia_wikipedia_mxbai,/home/yunchih/code/simsearch/python/out/local_query_embeddings_1024.parquet,/home/yunchih/code/simsearch/python/query_embeddings/combined.jsonl,313,1024,100,0,float32_avx2,32,0,0.0,0.0,0.0,0.0,0.0,0.012,1.0000000000000004,1.0,100
0bbeb0653a569e5394ac94a502549b079f7a055c,meow1,AMD Ryzen 9 9950X 16-Core Processor,c++ (Ubuntu 15.2.0-4ubuntu4) 15.2.0,CMAKE_CXX_FLAGS:STRING= CMAKE_CXX_FLAGS_RELEASE:STRING=-O3 -DNDEBUG,wikimedia_wikipedia_mxbai,/home/yunchih/code/simsearch/python/out/local_query_embeddings_1024.parquet,/home/yunchih/code/simsearch/python/query_embeddings/combined.jsonl,313,1024,100,0,binary,32,0,0.003437,0.000731,0.001022,0.0,0.0,0.005951,1.0000000000000004,1.0,100
0bbeb0653a569e5394ac94a502549b079f7a055c,meow1,AMD Ryzen 9 9950X 16-Core Processor,c++ (Ubuntu 15.2.0-4ubuntu4) 15.2.0,CMAKE_CXX_FLAGS:STRING= CMAKE_CXX_FLAGS_RELEASE:STRING=-O3 -DNDEBUG,wikimedia_wikipedia_mxbai,/home/yunchih/code/simsearch/python/out/local_query_embeddings_1024.parquet,/home/yunchih/code/simsearch/python/query_embeddings/combined.jsonl,313,1024,100,10,two_step_RF10,32,0,0.003256,0.000691,0.003386,0.011882,0.001413,0.0216,0.25111553767168043,0.19047619047619047,313
0bbeb0653a569e5394ac94a502549b079f7a055c,meow1,AMD Ryzen 9 9950X 16-Core Processor,c++ (Ubuntu 15.2.0-4ubuntu4) 15.2.0,CMAKE_CXX_FLAGS:STRING= CMAKE_CXX_FLAGS_RELEASE:STRING=-O3 -DNDEBUG,wikimedia_wikipedia_mxbai,/home/yunchih/code/simsearch/python/out/local_query_embeddings_1024.parquet,/home/yunchih/code/simsearch/python/query_embeddings/combined.jsonl,313,1024,100,50,two_step_RF50,32,0,0.001041,0.000761,0.003426,0.011973,0.001412,0.019617,0.25111553767168043,0.19047619047619047,313
0bbeb0653a569e5394ac94a502549b079f7a055c,meow1,AMD Ryzen 9 9950X 16-Core Processor,c++ (Ubuntu 15.2.0-4ubuntu4) 15.2.0,CMAKE_CXX_FLAGS:STRING= CMAKE_CXX_FLAGS_RELEASE:STRING=-O3 -DNDEBUG,wikimedia_wikipedia_mxbai,/home/yunchih/code/simsearch/python/out/local_query_embeddings_1024.parquet,/home/yunchih/code/simsearch/python/query_embeddings/combined.jsonl,313,1024,100,10,two_step_mf_RF10,32,0,0.003316,0.000731,0.003397,0.087655,0.001453,0.097463,0.25111553767168043,0.19047619047619047,313
0bbeb0653a569e5394ac94a502549b079f7a055c,meow1,AMD Ryzen 9 9950X 16-Core Processor,c++ (Ubuntu 15.2.0-4ubuntu4) 15.2.0,CMAKE_CXX_FLAGS:STRING= CMAKE_CXX_FLAGS_RELEASE:STRING=-O3 -DNDEBUG,wikimedia_wikipedia_mxbai,/home/yunchih/code/simsearch/python/out/local_query_embeddings_1024.parquet,/home/yunchih/code/simsearch/python/query_embeddings/combined.jsonl,313,1024,100,50,two_step_mf_RF50,32,0,0.000942,0.000661,0.003417,0.086723,0.001433,0.094067,0.25111553767168043,0.19047619047619047,313
0bbeb0653a569e5394ac94a502549b079f7a055c,meow1,AMD Ryzen 9 9950X 16-Core Processor,c++ (Ubuntu 15.2.0-4ubuntu4) 15.2.0,CMAKE_CXX_FLAGS:STRING= CMAKE_CXX_FLAGS_RELEASE:STRING=-O3 -DNDEBUG,wikimedia_wikipedia_mxbai,/home/yunchih/code/simsearch/python/out/local_query_embeddings_1024.parquet,/home/yunchih/code/simsearch/python/query_embeddings/combined.jsonl,313,1024,100,0,float32_avx2,33,0,0.0,0.0,0.0,0.0,0.0,0.011,1.0000000000000004,1.0,100
0bbeb0653a569e5394ac94a502549b079f7a055c,meow1,AMD Ryzen 9 9950X 16-Core Processor,c++ (Ubuntu 15.2.0-4ubuntu4) 15.2.0,CMAKE_CXX_FLAGS:STRING= CMAKE_CXX_FLAGS_RELEASE:STRING=-O3 -DNDEBUG,wikimedia_wikipedia_mxbai,/home/yunchih/code/simsearch/python/out/local_query_embeddings_1024.parquet,/home/yunchih/code/simsearch/python/query_embeddings/combined.jsonl,313,1024,100,0,binary,33,0,0.003377,0.000651,0.001082,0.0,0.0,0.005871,1.0000000000000004,1.0,100
0bbeb0653a569e5394ac94a502549b079f7a055c,meow1,AMD Ryzen 9 9950X 16-Core Processor,c++ (Ubuntu 15.2.0-4ubuntu4) 15.2.0,CMAKE_CXX_FLAGS:STRING= CMAKE_CXX_FLAGS_RELEASE:STRING=-O3 -DNDEBUG,wikimedia_wikipedia_mxbai,/home/yunchih/code/simsearch/python/out/local_query_embeddings_1024.parquet,/home/yunchih/code/simsearch/python/query_embeddings/combined.jsonl,313,1024,100,10,two_step_RF10,33,0,0.003366,0.000642,0.003376,0.011541,0.001423,0.02136,0.25111553767168043,0.19047619047619047,313
0bbeb0653a569e5394ac94a502549b079f7a055c,meow1,AMD Ryzen 9 9950X 16-Core Processor,c++ (Ubuntu 15.2.0-4ubuntu4) 15.2.0,CMAKE_CXX_FLAGS:STRING= CMAKE_CXX_FLAGS_RELEASE:STRING=-O3 -DNDEBUG,wikimedia_wikipedia_mxbai,/home/yunchih/code/simsearch/python/out/local_query_embeddings_1024.parquet,/home/yunchih/code/simsearch/python/query_embeddings/combined.jsonl,313,1024,100,50,two_step_RF50,33,0,0.000982,0.000692,0.003376,0.011411,0.001423,0.018956,0.25111553767168043,0.19047619047619047,313
0bbeb0653a569e5394ac94a502549b079f7a055c,meow1,AMD Ryzen 9 9950X 16-Core Processor,c++ (Ubuntu 15.2.0-4ubuntu4) 15.2.0,CMAKE_CXX_FLAGS:STRING= CMAKE_CXX_FLAGS_RELEASE:STRING=-O3 -DNDEBUG,wikimedia_wikipedia_mxbai,/home/yunchih/code/simsearch/python/out/local_query_embeddings_1024.parquet,/home/yunchih/code/simsearch/python/query_embeddings/combined.jsonl,313,1024,100,10,two_step_mf_RF10,33,0,0.003447,0.000681,0.003396,0.087424,0.001373,0.097273,0.25111553767168043,0.19047619047619047,313
0bbeb0653a569e5394ac94a502549b079f7a055c,meow1,AMD Ryzen 9 9950X 16-Core Processor,c++ (Ubuntu 15.2.0-4ubuntu4) 15.2.0,CMAKE_CXX_FLAGS:STRING= CMAKE_CXX_FLAGS_RELEASE:STRING=-O3 -DNDEBUG,wikimedia_wikipedia_mxbai,/home/yunchih/code/simsearch/python/out/local_query_embeddings_1024.parquet,/home/yunchih/code/simsearch/python/query_embeddings/combined.jsonl,313,1024,100,50,two_step_mf_RF50,33,0,0.000992,0.000661,0.003366,0.086713,0.001422,0.094057,0.25111553767168043,0.19047619047619047,313
0bbeb0653a569e5394ac94a502549b079f7a055c,meow1,AMD Ryzen 9 9950X 16-Core Processor,c++ (Ubuntu 15.2.0-4ubuntu4) 15.2.0,CMAKE_CXX_FLAGS:STRING= CMAKE_CXX_FLAGS_RELEASE:STRING=-O3 -DNDEBUG,wikimedia_wikipedia_mxbai,/home/yunchih/code/simsearch/python/out/local_query_embeddings_1024.parquet,/home/yunchih/code/simsearch/python/query_embeddings/combined.jsonl,313,1024,100,0,float32_avx2,34,0,0.0,0.0,0.0,0.0,0.0,0.012,1.0000000000000004,1.0,100
0bbeb0653a569e5394ac94a502549b079f7a055c,meow1,AMD Ryzen 9 9950X 16-Core Processor,c++ (Ubuntu 15.2.0-4ubuntu4) 15.2.0,CMAKE_CXX_FLAGS:STRING= CMAKE_CXX_FLAGS_RELEASE:STRING=-O3 -DNDEBUG,wikimedia_wikipedia_mxbai,/home/yunchih/code/simsearch/python/out/local_query_embeddings_1024.parquet,/home/yunchih/code/simsearch/python/query_embeddings/combined.jsonl,313,1024,100,0,binary,34,0,0.003366,0.000671,0.001052,0.0,0.0,0.005821,1.0000000000000004,1.0,100
0bbeb0653a569e5394ac94a502549b079f7a055c,meow1,AMD Ryzen 9 9950X 16-Core Processor,c++ (Ubuntu 15.2.0-4ubuntu4) 15.2.0,CMAKE_CXX_FLAGS:STRING= CMAKE_CXX_FLAGS_RELEASE:STRING=-O3 -DNDEBUG,wikimedia_wikipedia_mxbai,/home/yunchih/code/simsearch/python/out/local_query_embeddings_1024.parquet,/home/yunchih/code/simsearch/python/query_embeddings/combined.jsonl,313,1024,100,10,two_step_RF10,34,0,0.003196,0.000632,0.003386,0.011581,0.001473,0.02122,0.25111553767168043,0.19047619047619047,313
0bbeb0653a569e5394ac94a502549b079f7a055c,meow1,AMD Ryzen 9 9950X 16-Core Processor,c++ (Ubuntu 15.2.0-4ubuntu4) 15.2.0,CMAKE_CXX_FLAGS:STRING= CMAKE_CXX_FLAGS_RELEASE:STRING=-O3 -DNDEBUG,wikimedia_wikipedia_mxbai,/home/yunchih/code/simsearch/python/out/local_query_embeddings_1024.parquet,/home/yunchih/code/simsearch/python/query_embeddings/combined.jsonl,313,1024,100,50,two_step_RF50,34,0,0.000912,0.000701,0.003377,0.011422,0.001503,0.018966,0.25111553767168043,0.19047619047619047,313
0bbeb0653a569e5394ac94a502549b079f7a055c,meow1,AMD Ryzen 9 9950X 16-Core Processor,c++ (Ubuntu 15.2.0-4ubuntu4) 15.2.0,CMAKE_CXX_FLAGS:STRING= CMAKE_CXX_FLAGS_RELEASE:STRING=-O3 -DNDEBUG,wikimedia_wikipedia_mxbai,/home/yunchih/code/simsearch/python/out/local_query_embeddings_1024.parquet,/home/yunchih/code/simsearch/python/query_embeddings/combined.jsonl,313,1024,100,10,two_step_mf_RF10,34,0,0.003146,0.000661,0.003386,0.087414,0.001473,0.097052,0.25111553767168043,0.19047619047619047,313
0bbeb0653a569e5394ac94a502549b079f7a055c,meow1,AMD Ryzen 9 9950X 16-Core Processor,c++ (Ubuntu 15.2.0-4ubuntu4) 15.2.0,CMAKE_CXX_FLAGS:STRING= CMAKE_CXX_FLAGS_RELEASE:STRING=-O3 -DNDEBUG,wikimedia_wikipedia_mxbai,/home/yunchih/code/simsearch/python/out/local_query_embeddings_1024.parquet,/home/yunchih/code/simsearch/python/query_embeddings/combined.jsonl,313,1024,100,50,two_step_mf_RF50,34,0,0.001001,0.000661,0.003386,0.086672,0.001363,0.093966,0.25111553767168043,0.19047619047619047,313
0bbeb0653a569e5394ac94a502549b079f7a055c,meow1,AMD Ryzen 9 9950X 16-Core Processor,c++ (Ubuntu 15.2.0-4ubuntu4) 15.2.0,CMAKE_CXX_FLAGS:STRING= CMAKE_CXX_FLAGS_RELEASE:STRING=-O3 -DNDEBUG,wikimedia_wikipedia_mxbai,/home/yunchih/code/simsearch/python/out/local_query_embeddings_1024.parquet,/home/yunchih/code/simsearch/python/query_embeddings/combined.jsonl,313,1024,100,0,float32_avx2,35,0,0.0,0.0,0.0,0.0,0.0,0.012,1.0000000000000004,1.0,100
0bbeb0653a569e5394ac94a502549b079f7a055c,meow1,AMD Ryzen 9 9950X 16-Core Processor,c++ (Ubuntu 15.2.0-4ubuntu4) 15.2.0,CMAKE_CXX_FLAGS:STRING= CMAKE_CXX_FLAGS_RELEASE:STRING=-O3 -DNDEBUG,wikimedia_wikipedia_mxbai,/home/yunchih/code/simsearch/python/out/local_query_embeddings_1024.parquet,/home/yunchih/code/simsearch/python/query_embeddings/combined.jsonl,313,1024,100,0,binary,35,0,0.003336,0.000661,0.001032,0.0,0.0,0.005771,1.0000000000000004,1.0,100
0bbeb0653a569e5394ac94a502549b079f7a055c,meow1,AMD Ryzen 9 9950X 16-Core Processor,c++ (Ubuntu 15.2.0-4ubuntu4) 15.2.0,CMAKE_CXX_FLAGS:STRING= CMAKE_CXX_FLAGS_RELEASE:STRING=-O3 -DNDEBUG,wikimedia_wikipedia_mxbai,/home/yunchih/code/simsearch/python/out/local_query_embeddings_1024.parquet,/home/yunchih/code/simsearch/python/query_embeddings/combined.jsonl,313,1024,100,10,two_step_RF10,35,0,0.003156,0.000641,0.003386,0.011642,0.001492,0.0213,0.25111553767168043,0.19047619047619047,313
0bbeb0653a569e5394ac94a502549b079f7a055c,meow1,AMD Ryzen 9 9950X 16-Core Processor,c++ (Ubuntu 15.2.0-4ubuntu4) 15.2.0,CMAKE_CXX_FLAGS:STRING= CMAKE_CXX_FLAGS_RELEASE:STRING=-O3 -DNDEBUG,wikimedia_wikipedia_mxbai,/home/yunchih/code/simsearch/python/out/local_query_embeddings_1024.parquet,/home/yunchih/code/simsearch/python/query_embeddings/combined.jsonl,313,1024,100,50,two_step_RF50,35,0,0.000852,0.000692,0.003416,0.011411,0.001393,0.018836,0.25111553767168043,0.19047619047619047,313
0bbeb0653a569e5394ac94a502549b079f7a055c,meow1,AMD Ryzen 9 9950X 16-Core Processor,c++ (Ubuntu 15.2.0-4ubuntu4) 15.2.0,CMAKE_CXX_FLAGS:STRING= CMAKE_CXX_FLAGS_RELEASE:STRING=-O3 -DNDEBUG,wikimedia_wikipedia_mxbai,/home/yunchih/code/simsearch/python/out/local_query_embeddings_1024.parquet,/home/yunchih/code/simsearch/python/query_embeddings/combined.jsonl,313,1024,100,10,two_step_mf_RF10,35,0,0.003276,0.000671,0.003397,0.087364,0.001413,0.097082,0.25111553767168043,0.19047619047619047,313
0bbeb0653a569e5394ac94a502549b079f7a055c,meow1,AMD Ryzen 9 9950X 16-Core Processor,c++ (Ubuntu 15.2.0-4ubuntu4) 15.2.0,CMAKE_CXX_FLAGS:STRING= CMAKE_CXX_FLAGS_RELEASE:STRING=-O3 -DNDEBUG,wikimedia_wikipedia_mxbai,/home/yunchih/code/simsearch/python/out/local_query_embeddings_1024.parquet,/home/yunchih/code/simsearch/python/query_embeddings/combined.jsonl,313,1024,100,50,two_step_mf_RF50,35,0,0.001152,0.000651,0.003357,0.086683,0.001453,0.094167,0.25111553767168043,0.19047619047619047,313
0bbeb0653a569e5394ac94a502549b079f7a055c,meow1,AMD Ryzen 9 9950X 16-Core Processor,c++ (Ubuntu 15.2.0-4ubuntu4) 15.2.0,CMAKE_CXX_FLAGS:STRING= CMAKE_CXX_FLAGS_RELEASE:STRING=-O3 -DNDEBUG,wikimedia_wikipedia_mxbai,/home/yunchih/code/simsearch/python/out/local_query_embeddings_1024.parquet,/home/yunchih/code/simsearch/python/query_embeddings/combined.jsonl,313,1024,100,0,float32_avx2,36,0,0.0,0.0,0.0,0.0,0.0,0.011,1.0000000000000004,1.0,100
0bbeb0653a569e5394ac94a502549b079f7a055c,meow1,AMD Ryzen 9 9950X 16-Core Processor,c++ (Ubuntu 15.2.0-4ubuntu4) 15.2.0,CMAKE_CXX_FLAGS:STRING= CMAKE_CXX_FLAGS_RELEASE:STRING=-O3 -DNDEBUG,wikimedia_wikipedia_mxbai,/home/yunchih/code/simsearch/python/out/local_query_embeddings_1024.parquet,/home/yunchih/code/simsearch/python/query_embeddings/combined.jsonl,313,1024,100,0,binary,36,0,0.003406,0.000672,0.001062,0.0,0.0,0.005871,1.0000000000000004,1.0,100
0bbeb0653a569e5394ac94a502549b079f7a055c,meow1,AMD Ryzen 9 9950X 16-Core Processor,c++ (Ubuntu 15.2.0-4ubuntu4) 15.2.0,CMAKE_CXX_FLAGS:STRING= CMAKE_CXX_FLAGS_RELEASE:STRING=-O3 -DNDEBUG,wikimedia_wikipedia_mxbai,/home/yunchih/code/simsearch/python/out/local_query_embeddings_1024.parquet,/home/yunchih/code/simsearch/python/query_embeddings/combined.jsonl,313,1024,100,10,two_step_RF10,36,0,0.003146,0.000631,0.003357,0.011532,0.001453,0.0211,0.25111553767168043,0.19047619047619047,313
0bbeb0653a569e5394ac94a502549b079f7a055c,meow1,AMD Ryzen 9 9950X 16-Core Processor,c++ (Ubuntu 15.2.0-4ubuntu4) 15.2.0,CMAKE_CXX_FLAGS:STRING= CMAKE_CXX_FLAGS_RELEASE:STRING=-O3 -DNDEBUG,wikimedia_wikipedia_mxbai,/home/yunchih/code/simsearch/python/out/local_query_embeddings_1024.parquet,/home/yunchih/code/simsearch/python/query_embeddings/combined.jsonl,313,1024,100,50,two_step_RF50,36,0,0.000902,0.000681,0.003407,0.011412,0.001452,0.018865,0.25111553767168043,0.19047619047619047,313
0bbeb0653a569e5394ac94a502549b079f7a055c,meow1,AMD Ryzen 9 9950X 16-Core Processor,c++ (Ubuntu 15.2.0-4ubuntu4) 15.2.0,CMAKE_CXX_FLAGS:STRING= CMAKE_CXX_FLAGS_RELEASE:STRING=-O3 -DNDEBUG,wikimedia_wikipedia_mxbai,/home/yunchih/code/simsearch/python/out/local_query_embeddings_1024.parquet,/home/yunchih/code/simsearch/python/query_embeddings/combined.jsonl,313,1024,100,10,two_step_mf_RF10,36,0,0.003166,0.000681,0.003396,0.087274,0.001423,0.096902,0.25111553767168043,0.19047619047619047,313
0bbeb0653a569e5394ac94a502549b079f7a055c,meow1,AMD Ryzen 9 9950X 16-Core Processor,c++ (Ubuntu 15.2.0-4ubuntu4) 15.2.0,CMAKE_CXX_FLAGS:STRING= CMAKE_CXX_FLAGS_RELEASE:STRING=-O3 -DNDEBUG,wikimedia_wikipedia_mxbai,/home/yunchih/code/simsearch/python/out/local_query_embeddings_1024.parquet,/home/yunchih/code/simsearch/python/query_embeddings/combined.jsonl,313,1024,100,50,two_step_mf_RF50,36,0,0.001032,0.000671,0.003417,0.086743,0.001403,0.094097,0.25111553767168043,0.19047619047619047,313
0bbeb0653a569e5394ac94a502549b079f7a055c,meow1,AMD Ryzen 9 9950X 16-Core Processor,c++ (Ubuntu 15.2.0-4ubuntu4) 15.2.0,CMAKE_CXX_FLAGS:STRING= CMAKE_CXX_FLAGS_RELEASE:STRING=-O3 -DNDEBUG,wikimedia_wikipedia_mxbai,/home/yunchih/code/simsearch/python/out/local_query_embeddings_1024.parquet,/home/yunchih/code/simsearch/python/query_embeddings/combined.jsonl,313,1024,100,0,float32_avx2,37,0,0.0,0.0,0.0,0.0,0.0,0.011,1.0000000000000004,1.0,100
0bbeb0653a569e5394ac94a502549b079f7a055c,meow1,AMD Ryzen 9 9950X 16-Core Processor,c++ (Ubuntu 15.2.0-4ubuntu4) 15.2.0,CMAKE_CXX_FLAGS:STRING= CMAKE_CXX_FLAGS_RELEASE:STRING=-O3 -DNDEBUG,wikimedia_wikipedia_mxbai,/home/yunchih/code/simsearch/python/out/local_query_embeddings_1024.parquet,/home/yunchih/code/simsearch/python/query_embeddings/combined.jsonl,313,1024,100,0,binary,37,0,0.003487,0.000661,0.001042,0.0,0.0,0.005952,1.0000000000000004,1.0,100
0bbeb0653a569e5394ac94a502549b079f7a055c,meow1,AMD Ryzen 9 9950X 16-Core Processor,c++ (Ubuntu 15.2.0-4ubuntu4) 15.2.0,CMAKE_CXX_FLAGS:STRING= CMAKE_CXX_FLAGS_RELEASE:STRING=-O3 -DNDEBUG,wikimedia_wikipedia_mxbai,/home/yunchih/code/simsearch/python/out/local_query_embeddings_1024.parquet,/home/yunchih/code/simsearch/python/query_embeddings/combined.jsonl,313,1024,100,10,two_step_RF10,37,0,0.003247,0.000641,0.003356,0.011592,0.001412,0.02125,0.25111553767168043,0.19047619047619047,313
0bbeb0653a569e5394ac94a502549b079f7a055c,meow1,AMD Ryzen 9 9950X 16-Core Processor,c++ (Ubuntu 15.2.0-4ubuntu4) 15.2.0,CMAKE_CXX_FLAGS:STRING= CMAKE_CXX_FLAGS_RELEASE:STRING=-O3 -DNDEBUG,wikimedia_wikipedia_mxbai,/home/yunchih/code/simsearch/python/out/local_query_embeddings_1024.parquet,/home/yunchih/code/simsearch/python/query_embeddings/combined.jsonl,313,1024,100,50,two_step_RF50,37,0,0.000831,0.000692,0.003426,0.011401,0.001493,0.018936,0.25111553767168043,0.19047619047619047,313
0bbeb0653a569e5394ac94a502549b079f7a055c,meow1,AMD Ryzen 9 9950X 16-Core Processor,c++ (Ubuntu 15.2.0-4ubuntu4) 15.2.0,CMAKE_CXX_FLAGS:STRING= CMAKE_CXX_FLAGS_RELEASE:STRING=-O3 -DNDEBUG,wikimedia_wikipedia_mxbai,/home/yunchih/code/simsearch/python/out/local_query_embeddings_1024.parquet,/home/yunchih/code/simsearch/python/query_embeddings/combined.jsonl,313,1024,100,10,two_step_mf_RF10,37,0,0.003276,0.000671,0.003356,0.090409,0.001433,0.100098,0.25111553767168043,0.19047619047619047,313
0bbeb0653a569e5394ac94a502549b079f7a055c,meow1,AMD Ryzen 9 9950X 16-Core Processor,c++ (Ubuntu 15.2.0-4ubuntu4) 15.2.0,CMAKE_CXX_FLAGS:STRING= CMAKE_CXX_FLAGS_RELEASE:STRING=-O3 -DNDEBUG,wikimedia_wikipedia_mxbai,/home/yunchih/code/simsearch/python/out/local_query_embeddings_1024.parquet,/home/yunchih/code/simsearch/python/query_embeddings/combined.jsonl,313,1024,100,50,two_step_mf_RF50,37,0,0.001062,0.000651,0.003386,0.086773,0.001362,0.094107,0.25111553767168043,0.19047619047619047,313
0bbeb0653a569e5394ac94a502549b079f7a055c,meow1,AMD Ryzen 9 9950X 16-Core Processor,c++ (Ubuntu 15.2.0-4ubuntu4) 15.2.0,CMAKE_CXX_FLAGS:STRING= CMAKE_CXX_FLAGS_RELEASE:STRING=-O3 -DNDEBUG,wikimedia_wikipedia_mxbai,/home/yunchih/code/simsearch/python/out/local_query_embeddings_1024.parquet,/home/yunchih/code/simsearch/python/query_embeddings/combined.jsonl,313,1024,100,0,float32_avx2,38,0,0.0,0.0,0.0,0.0,0.0,0.011,1.0000000000000004,1.0,100
0bbeb0653a569e5394ac94a502549b079f7a055c,meow1,AMD Ryzen 9 9950X 16-Core Processor,c++ (Ubuntu 15.2.0-4ubuntu4) 15.2.0,CMAKE_CXX_FLAGS:STRING= CMAKE_CXX_FLAGS_RELEASE:STRING=-O3 -DNDEBUG,wikimedia_wikipedia_mxbai,/home/yunchih/code/simsearch/python/out/local_query_embeddings_1024.parquet,/home/yunchih/code/simsearch/python/query_embeddings/combined.jsonl,313,1024,100,0,binary,38,0,0.003417,0.000671,0.001022,0.0,0.0,0.005821,1.0000000000000004,1.0,100
0bbeb0653a569e5394ac94a502549b079f7a055c,meow1,AMD Ryzen 9 9950X 16-Core Processor,c++ (Ubuntu 15.2.0-4ubuntu4) 15.2.0,CMAKE_CXX_FLAGS:STRING= CMAKE_CXX_FLAGS_RELEASE:STRING=-O3 -DNDEBUG,wikimedia_wikipedia_mxbai,/home/yunchih/code/simsearch/python/out/local_query_embeddings_1024.parquet,/home/yunchih/code/simsearch/python/query_embeddings/combined.jsonl,313,1024,100,10,two_step_RF10,38,0,0.003136,0.000641,0.003386,0.011512,0.001402,0.02109,0.25111553767168043,0.19047619047619047,313
0bbeb0653a569e5394ac94a502549b079f7a055c,meow1,AMD Ryzen 9 9950X 16-Core Processor,c++ (Ubuntu 15.2.0-4ubuntu4) 15.2.0,CMAKE_CXX_FLAGS:STRING= CMAKE_CXX_FLAGS_RELEASE:STRING=-O3 -DNDEBUG,wikimedia_wikipedia_mxbai,/home/yunchih/code/simsearch/python/out/local_query_embeddings_1024.parquet,/home/yunchih/code/simsearch/python/query_embeddings/combined.jsonl,313,1024,100,50,two_step_RF50,38,0,0.000871,0.000692,0.003416,0.011391,0.001453,0.018875,0.25111553767168043,0.19047619047619047,313
0bbeb0653a569e5394ac94a502549b079f7a055c,meow1,AMD Ryzen 9 9950X 16-Core Processor,c++ (Ubuntu 15.2.0-4ubuntu4) 15.2.0,CMAKE_CXX_FLAGS:STRING= CMAKE_CXX_FLAGS_RELEASE:STRING=-O3 -DNDEBUG,wikimedia_wikipedia_mxbai,/home/yunchih/code/simsearch/python/out/local_query_embeddings_1024.parquet,/home/yunchih/code/simsearch/python/query_embeddings/combined.jsonl,313,1024,100,10,two_step_mf_RF10,38,0,0.003166,0.000681,0.003366,0.087314,0.001422,0.096912,0.25111553767168043,0.19047619047619047,313
0bbeb0653a569e5394ac94a502549b079f7a055c,meow1,AMD Ryzen 9 9950X 16-Core Processor,c++ (Ubuntu 15.2.0-4ubuntu4) 15.2.0,CMAKE_CXX_FLAGS:STRING= CMAKE_CXX_FLAGS_RELEASE:STRING=-O3 -DNDEBUG,wikimedia_wikipedia_mxbai,/home/yunchih/code/simsearch/python/out/local_query_embeddings_1024.parquet,/home/yunchih/code/simsearch/python/query_embeddings/combined.jsonl,313,1024,100,50,two_step_mf_RF50,38,0,0.000962,0.000661,0.003387,0.086733,0.001393,0.093997,0.25111553767168043,0.19047619047619047,313
0bbeb0653a569e5394ac94a502549b079f7a055c,meow1,AMD Ryzen 9 9950X 16-Core Processor,c++ (Ubuntu 15.2.0-4ubuntu4) 15.2.0,CMAKE_CXX_FLAGS:STRING= CMAKE_CXX_FLAGS_RELEASE:STRING=-O3 -DNDEBUG,wikimedia_wikipedia_mxbai,/home/yunchih/code/simsearch/python/out/local_query_embeddings_1024.parquet,/home/yunchih/code/simsearch/python/query_embeddings/combined.jsonl,313,1024,100,0,float32_avx2,39,0,0.0,0.0,0.0,0.0,0.0,0.011,1.0000000000000004,1.0,100
0bbeb0653a569e5394ac94a502549b079f7a055c,meow1,AMD Ryzen 9 9950X 16-Core Processor,c++ (Ubuntu 15.2.0-4ubuntu4) 15.2.0,CMAKE_CXX_FLAGS:STRING= CMAKE_CXX_FLAGS_RELEASE:STRING=-O3 -DNDEBUG,wikimedia_wikipedia_mxbai,/home/yunchih/code/simsearch/python/out/local_query_embeddings_1024.parquet,/home/yunchih/code/simsearch/python/query_embeddings/combined.jsonl,313,1024,100,0,binary,39,0,0.003477,0.000671,0.001052,0.0,0.0,0.005951,1.0000000000000004,1.0,100
0bbeb0653a569e5394ac94a502549b079f7a055c,meow1,AMD Ryzen 9 9950X 16-Core Processor,c++ (Ubuntu 15.2.0-4ubuntu4) 15.2.0,CMAKE_CXX_FLAGS:STRING= CMAKE_CXX_FLAGS_RELEASE:STRING=-O3 -DNDEBUG,wikimedia_wikipedia_mxbai,/home/yunchih/code/simsearch/python/out/local_query_embeddings_1024.parquet,/home/yunchih/code/simsearch/python/query_embeddings/combined.jsonl,313,1024,100,10,two_step_RF10,39,0,0.003256,0.000661,0.003397,0.011412,0.001432,0.021109,0.25111553767168043,0.19047619047619047,313
0bbeb0653a569e5394ac94a502549b079f7a055c,meow1,AMD Ryzen 9 9950X 16-Core Processor,c++ (Ubuntu 15.2.0-4ubuntu4) 15.2.0,CMAKE_CXX_FLAGS:STRING= CMAKE_CXX_FLAGS_RELEASE:STRING=-O3 -DNDEBUG,wikimedia_wikipedia_mxbai,/home/yunchih/code/simsearch/python/out/local_query_embeddings_1024.parquet,/home/yunchih/code/simsearch/python/query_embeddings/combined.jsonl,313,1024,100,50,two_step_RF50,39,0,0.000752,0.000681,0.003416,0.011371,0.001402,0.018695,0.25111553767168043,0.19047619047619047,313
0bbeb0653a569e5394ac94a502549b079f7a055c,meow1,AMD Ryzen 9 9950X 16-Core Processor,c++ (Ubuntu 15.2.0-4ubuntu4) 15.2.0,CMAKE_CXX_FLAGS:STRING= CMAKE_CXX_FLAGS_RELEASE:STRING=-O3 -DNDEBUG,wikimedia_wikipedia_mxbai,/home/yunchih/code/simsearch/python/out/local_query_embeddings_1024.parquet,/home/yunchih/code/simsearch/python/query_embeddings/combined.jsonl,313,1024,100,10,two_step_mf_RF10,39,0,0.003276,0.000672,0.003376,0.087364,0.001342,0.097022,0.25111553767168043,0.19047619047619047,313
0bbeb0653a569e5394ac94a502549b079f7a055c,meow1,AMD Ryzen 9 9950X 16-Core Processor,c++ (Ubuntu 15.2.0-4ubuntu4) 15.2.0,CMAKE_CXX_FLAGS:STRING= CMAKE_CXX_FLAGS_RELEASE:STRING=-O3 -DNDEBUG,wikimedia_wikipedia_mxbai,/home/yunchih/code/simsearch/python/out/local_query_embeddings_1024.parquet,/home/yunchih/code/simsearch/python/query_embeddings/combined.jsonl,313,1024,100,50,two_step_mf_RF50,39,0,0.000952,0.000681,0.003396,0.086733,0.001413,0.094067,0.25111553767168043,0.19047619047619047,313
0bbeb0653a569e5394ac94a502549b079f7a055c,meow1,AMD Ryzen 9 9950X 16-Core Processor,c++ (Ubuntu 15.2.0-4ubuntu4) 15.2.0,CMAKE_CXX_FLAGS:STRING= CMAKE_CXX_FLAGS_RELEASE:STRING=-O3 -DNDEBUG,wikimedia_wikipedia_mxbai,/home/yunchih/code/simsearch/python/out/local_query_embeddings_1024.parquet,/home/yunchih/code/simsearch/python/query_embeddings/combined.jsonl,313,1024,100,0,float32_avx2,40,0,0.0,0.0,0.0,0.0,0.0,0.011,1.0000000000000004,1.0,100
0bbeb0653a569e5394ac94a502549b079f7a055c,meow1,AMD Ryzen 9 9950X 16-Core Processor,c++ (Ubuntu 15.2.0-4ubuntu4) 15.2.0,CMAKE_CXX_FLAGS:STRING= CMAKE_CXX_FLAGS_RELEASE:STRING=-O3 -DNDEBUG,wikimedia_wikipedia_mxbai,/home/yunchih/code/simsearch/python/out/local_query_embeddings_1024.parquet,/home/yunchih/code/simsearch/python/query_embeddings/combined.jsonl,313,1024,100,0,binary,40,0,0.003497,0.000671,0.001022,0.0,0.0,0.005881,1.0000000000000004,1.0,100
0bbeb0653a569e5394ac94a502549b079f7a055c,meow1,AMD Ryzen 9 9950X 16-Core Processor,c++ (Ubuntu 15.2.0-4ubuntu4) 15.2.0,CMAKE_CXX_FLAGS:STRING= CMAKE_CXX_FLAGS_RELEASE:STRING=-O3 -DNDEBUG,wikimedia_wikipedia_mxbai,/home/yunchih/code/simsearch/python/out/local_query_embeddings_1024.parquet,/home/yunchih/code/simsearch/python/query_embeddings/combined.jsonl,313,1024,100,10,two_step_RF10,40,0,0.003216,0.000641,0.003367,0.011502,0.001402,0.02115,0.25111553767168043,0.19047619047619047,313
0bbeb0653a569e5394ac94a502549b079f7a055c,meow1,AMD Ryzen 9 9950X 16-Core Processor,c++ (Ubuntu 15.2.0-4ubuntu4) 15.2.0,CMAKE_CXX_FLAGS:STRING= CMAKE_CXX_FLAGS_RELEASE:STRING=-O3 -DNDEBUG,wikimedia_wikipedia_mxbai,/home/yunchih/code/simsearch/python/out/local_query_embeddings_1024.parquet,/home/yunchih/code/simsearch/python/query_embeddings/combined.jsonl,313,1024,100,50,two_step_RF50,40,0,0.000942,0.000742,0.003376,0.011942,0.001423,0.019457,0.25111553767168043,0.19047619047619047,313
0bbeb0653a569e5394ac94a502549b079f7a055c,meow1,AMD Ryzen 9 9950X 16-Core Processor,c++ (Ubuntu 15.2.0-4ubuntu4) 15.2.0,CMAKE_CXX_FLAGS:STRING= CMAKE_CXX_FLAGS_RELEASE:STRING=-O3 -DNDEBUG,wikimedia_wikipedia_mxbai,/home/yunchih/code/simsearch/python/out/local_query_embeddings_1024.parquet,/home/yunchih/code/simsearch/python/query_embeddings/combined.jsonl,313,1024,100,10,two_step_mf_RF10,40,0,0.003246,0.000762,0.003376,0.087354,0.001412,0.097102,0.25111553767168043,0.19047619047619047,313
0bbeb0653a569e5394ac94a502549b079f7a055c,meow1,AMD Ryzen 9 9950X 16-Core Processor,c++ (Ubuntu 15.2.0-4ubuntu4) 15.2.0,CMAKE_CXX_FLAGS:STRING= CMAKE_CXX_FLAGS_RELEASE:STRING=-O3 -DNDEBUG,wikimedia_wikipedia_mxbai,/home/yunchih/code/simsearch/python/out/local_query_embeddings_1024.parquet,/home/yunchih/code/simsearch/python/query_embeddings/combined.jsonl,313,1024,100,50,two_step_mf_RF50,40,0,0.000932,0.000741,0.003457,0.089668,0.001423,0.097062,0.25111553767168043,0.19047619047619047,313
0bbeb0653a569e5394ac94a502549b079f7a055c,meow1,AMD Ryzen 9 9950X 16-Core Processor,c++ (Ubuntu 15.2.0-4ubuntu4) 15.2.0,CMAKE_CXX_FLAGS:STRING= CMAKE_CXX_FLAGS_RELEASE:STRING=-O3 -DNDEBUG,wikimedia_wikipedia_mxbai,/home/yunchih/code/simsearch/python/out/local_query_embeddings_1024.parquet,/home/yunchih/code/simsearch/python/query_embeddings/combined.jsonl,313,1024,100,0,float32_avx2,41,0,0.0,0.0,0.0,0.0,0.0,0.012,1.0000000000000004,1.0,100
0bbeb0653a569e5394ac94a502549b079f7a055c,meow1,AMD Ryzen 9 9950X 16-Core Processor,c++ (Ubuntu 15.2.0-4ubuntu4) 15.2.0,CMAKE_CXX_FLAGS:STRING= CMAKE_CXX_FLAGS_RELEASE:STRING=-O3 -DNDEBUG,wikimedia_wikipedia_mxbai,/home/yunchih/code/simsearch/python/out/local_query_embeddings_1024.parquet,/home/yunchih/code/simsearch/python/query_embeddings/combined.jsonl,313,1024,100,0,binary,41,0,0.003406,0.000752,0.001062,0.0,0.0,0.005961,1.0000000000000004,1.0,100
0bbeb0653a569e5394ac94a502549b079f7a055c,meow1,AMD Ryzen 9 9950X 16-Core Processor,c++ (Ubuntu 15.2.0-4ubuntu4) 15.2.0,CMAKE_CXX_FLAGS:STRING= CMAKE_CXX_FLAGS_RELEASE:STRING=-O3 -DNDEBUG,wikimedia_wikipedia_mxbai,/home/yunchih/code/simsearch/python/out/local_query_embeddings_1024.parquet,/home/yunchih/code/simsearch/python/query_embeddings/combined.jsonl,313,1024,100,10,two_step_RF10,41,0,0.003287,0.000711,0.003416,0.012073,0.001422,0.021901,0.25111553767168043,0.19047619047619047,313
0bbeb0653a569e5394ac94a502549b079f7a055c,meow1,AMD Ryzen 9 9950X 16-Core Processor,c++ (Ubuntu 15.2.0-4ubuntu4) 15.2.0,CMAKE_CXX_FLAGS:STRING= CMAKE_CXX_FLAGS_RELEASE:STRING=-O3 -DNDEBUG,wikimedia_wikipedia_mxbai,/home/yunchih/code/simsearch/python/out/local_query_embeddings_1024.parquet,/home/yunchih/code/simsearch/python/query_embeddings/combined.jsonl,313,1024,100,50,two_step_RF50,41,0,0.000772,0.000751,0.003417,0.011933,0.001453,0.019377,0.25111553767168043,0.19047619047619047,313
0bbeb0653a569e5394ac94a502549b079f7a055c,meow1,AMD Ryzen 9 9950X 16-Core Processor,c++ (Ubuntu 15.2.0-4ubuntu4) 15.2.0,CMAKE_CXX_FLAGS:STRING= CMAKE_CXX_FLAGS_RELEASE:STRING=-O3 -DNDEBUG,wikimedia_wikipedia_mxbai,/home/yunchih/code/simsearch/python/out/local_query_embeddings_1024.parquet,/home/yunchih/code/simsearch/python/query_embeddings/combined.jsonl,313,1024,100,10,two_step_mf_RF10,41,0,0.003356,0.000751,0.003377,0.087434,0.001373,0.097263,0.25111553767168043,0.19047619047619047,313
0bbeb0653a569e5394ac94a502549b079f7a055c,meow1,AMD Ryzen 9 9950X 16-Core Processor,c++ (Ubuntu 15.2.0-4ubuntu4) 15.2.0,CMAKE_CXX_FLAGS:STRING= CMAKE_CXX_FLAGS_RELEASE:STRING=-O3 -DNDEBUG,wikimedia_wikipedia_mxbai,/home/yunchih/code/simsearch/python/out/local_query_embeddings_1024.parquet,/home/yunchih/code/simsearch/python/query_embeddings/combined.jsonl,313,1024,100,50,two_step_mf_RF50,41,0,0.001002,0.000721,0.003407,0.086793,0.001433,0.094247,0.25111553767168043,0.19047619047619047,313
0bbeb0653a569e5394ac94a502549b079f7a055c,meow1,AMD Ryzen 9 9950X 16-Core Processor,c++ (Ubuntu 15.2.0-4ubuntu4) 15.2.0,CMAKE_CXX_FLAGS:STRING= CMAKE_CXX_FLAGS_RELEASE:STRING=-O3 -DNDEBUG,wikimedia_wikipedia_mxbai,/home/yunchih/code/simsearch/python/out/local_query_embeddings_1024.parquet,/home/yunchih/code/simsearch/python/query_embeddings/combined.jsonl,313,1024,100,0,float32_avx2,42,0,0.0,0.0,0.0,0.0,0.0,0.011,1.0000000000000004,1.0,100
0bbeb0653a569e5394ac94a502549b079f7a055c,meow1,AMD Ryzen 9 9950X 16-Core Processor,c++ (Ubuntu 15.2.0-4ubuntu4) 15.2.0,CMAKE_CXX_FLAGS:STRING= CMAKE_CXX_FLAGS_RELEASE:STRING=-O3 -DNDEBUG,wikimedia_wikipedia_mxbai,/home/yunchih/code/simsearch/python/out/local_query_embeddings_1024.parquet,/home/yunchih/code/simsearch/python/query_embeddings/combined.jsonl,313,1024,100,0,binary,42,0,0.003246,0.000661,0.001042,0.0,0.0,0.005651,1.0000000000000004,1.0,100
0bbeb0653a569e5394ac94a502549b079f7a055c,meow1,AMD Ryzen 9 9950X 16-Core Processor,c++ (Ubuntu 15.2.0-4ubuntu4) 15.2.0,CMAKE_CXX_FLAGS:STRING= CMAKE_CXX_FLAGS_RELEASE:STRING=-O3 -DNDEBUG,wikimedia_wikipedia_mxbai,/home/yunchih/code/simsearch/python/out/local_query_embeddings_1024.parquet,/home/yunchih/code/simsearch/python/query_embeddings/combined.jsonl,313,1024,100,10,two_step_RF10,42,0,0.003216,0.000631,0.003416,0.012083,0.008966,0.029316,0.25111553767168043,0.19047619047619047,313
0bbeb0653a569e5394ac94a502549b079f7a055c,meow1,AMD Ryzen 9 9950X 16-Core Processor,c++ (Ubuntu 15.2.0-4ubuntu4) 15.2.0,CMAKE_CXX_FLAGS:STRING= CMAKE_CXX_FLAGS_RELEASE:STRING=-O3 -DNDEBUG,wikimedia_wikipedia_mxbai,/home/yunchih/code/simsearch/python/out/local_query_embeddings_1024.parquet,/home/yunchih/code/simsearch/python/query_embeddings/combined.jsonl,313,1024,100,50,two_step_RF50,42,0,0.000831,0.000692,0.003376,0.011641,0.001453,0.019015,0.25111553767168043,0.19047619047619047,313
0bbeb0653a569e5394ac94a502549b079f7a055c,meow1,AMD Ryzen 9 9950X 16-Core Processor,c++ (Ubuntu 15.2.0-4ubuntu4) 15.2.0,CMAKE_CXX_FLAGS:STRING= CMAKE_CXX_FLAGS_RELEASE:STRING=-O3 -DNDEBUG,wikimedia_wikipedia_mxbai,/home/yunchih/code/simsearch/python/out/local_query_embeddings_1024.parquet,/home/yunchih/code/simsearch/python/query_embeddings/combined.jsonl,313,1024,100,10,two_step_mf_RF10,42,0,0.003297,0.000671,0.003416,0.087695,0.001442,0.097483,0.25111553767168043,0.19047619047619047,313
0bbeb0653a569e5394ac94a502549b079f7a055c,meow1,AMD Ryzen 9 9950X 16-Core Processor,c++ (Ubuntu 15.2.0-4ubuntu4) 15.2.0,CMAKE_CXX_FLAGS:STRING= CMAKE_CXX_FLAGS_RELEASE:STRING=-O3 -DNDEBUG,wikimedia_wikipedia_mxbai,/home/yunchih/code/simsearch/python/out/local_query_embeddings_1024.parquet,/home/yunchih/code/simsearch/python/query_embeddings/combined.jsonl,313,1024,100,50,two_step_mf_RF50,42,0,0.000892,0.000671,0.003356,0.086953,0.001393,0.094127,0.25111553767168043,0.19047619047619047,313
0bbeb0653a569e5394ac94a502549b079f7a055c,meow1,AMD Ryzen 9 9950X 16-Core Processor,c++ (Ubuntu 15.2.0-4ubuntu4) 15.2.0,CMAKE_CXX_FLAGS:STRING= CMAKE_CXX_FLAGS_RELEASE:STRING=-O3 -DNDEBUG,wikimedia_wikipedia_mxbai,/home/yunchih/code/simsearch/python/out/local_query_embeddings_1024.parquet,/home/yunchih/code/simsearch/python/query_embeddings/combined.jsonl,313,1024,100,0,float32_avx2,43,0,0.0,0.0,0.0,0.0,0.0,0.011,1.0000000000000004,1.0,100
0bbeb0653a569e5394ac94a502549b079f7a055c,meow1,AMD Ryzen 9 9950X 16-Core Processor,c++ (Ubuntu 15.2.0-4ubuntu4) 15.2.0,CMAKE_CXX_FLAGS:STRING= CMAKE_CXX_FLAGS_RELEASE:STRING=-O3 -DNDEBUG,wikimedia_wikipedia_mxbai,/home/yunchih/code/simsearch/python/out/local_query_embeddings_1024.parquet,/home/yunchih/code/simsearch/python/query_embeddings/combined.jsonl,313,1024,100,0,binary,43,0,0.003417,0.000651,0.001022,0.0,0.0,0.005851,1.0000000000000004,1.0,100
0bbeb0653a569e5394ac94a502549b079f7a055c,meow1,AMD Ryzen 9 9950X 16-Core Processor,c++ (Ubuntu 15.2.0-4ubuntu4) 15.2.0,CMAKE_CXX_FLAGS:STRING= CMAKE_CXX_FLAGS_RELEASE:STRING=-O3 -DNDEBUG,wikimedia_wikipedia_mxbai,/home/yunchih/code/simsearch/python/out/local_query_embeddings_1024.parquet,/home/yunchih/code/simsearch/python/query_embeddings/combined.jsonl,313,1024,100,10,two_step_RF10,43,0,0.003055,0.000632,0.003376,0.011561,0.001443,0.021099,0.25111553767168043,0.19047619047619047,313
0bbeb0653a569e5394ac94a502549b079f7a055c,meow1,AMD Ryzen 9 9950X 16-Core Processor,c++ (Ubuntu 15.2.0-4ubuntu4) 15.2.0,CMAKE_CXX_FLAGS:STRING= CMAKE_CXX_FLAGS_RELEASE:STRING=-O3 -DNDEBUG,wikimedia_wikipedia_mxbai,/home/yunchih/code/simsearch/python/out/local_query_embeddings_1024.parquet,/home/yunchih/code/simsearch/python/query_embeddings/combined.jsonl,313,1024,100,50,two_step_RF50,43,0,0.000962,0.000682,0.003396,0.011371,0.001423,0.018936,0.25111553767168043,0.19047619047619047,313
0bbeb0653a569e5394ac94a502549b079f7a055c,meow1,AMD Ryzen 9 9950X 16-Core Processor,c++ (Ubuntu 15.2.0-4ubuntu4) 15.2.0,CMAKE_CXX_FLAGS:STRING= CMAKE_CXX_FLAGS_RELEASE:STRING=-O3 -DNDEBUG,wikimedia_wikipedia_mxbai,/home/yunchih/code/simsearch/python/out/local_query_embeddings_1024.parquet,/home/yunchih/code/simsearch/python/query_embeddings/combined.jsonl,313,1024,100,10,two_step_mf_RF10,43,0,0.003216,0.000662,0.003406,0.087264,0.001433,0.096952,0.25111553767168043,0.19047619047619047,313
0bbeb0653a569e5394ac94a502549b079f7a055c,meow1,AMD Ryzen 9 9950X 16-Core Processor,c++ (Ubuntu 15.2.0-4ubuntu4) 15.2.0,CMAKE_CXX_FLAGS:STRING= CMAKE_CXX_FLAGS_RELEASE:STRING=-O3 -DNDEBUG,wikimedia_wikipedia_mxbai,/home/yunchih/code/simsearch/python/out/local_query_embeddings_1024.parquet,/home/yunchih/code/simsearch/python/query_embeddings/combined.jsonl,313,1024,100,50,two_step_mf_RF50,43,0,0.000972,0.000742,0.003416,0.086733,0.001453,0.094207,0.25111553767168043,0.19047619047619047,313
0bbeb0653a569e5394ac94a502549b079f7a055c,meow1,AMD Ryzen 9 9950X 16-Core Processor,c++ (Ubuntu 15.2.0-4ubuntu4) 15.2.0,CMAKE_CXX_FLAGS:STRING= CMAKE_CXX_FLAGS_RELEASE:STRING=-O3 -DNDEBUG,wikimedia_wikipedia_mxbai,/home/yunchih/code/simsearch/python/out/local_query_embeddings_1024.parquet,/home/yunchih/code/simsearch/python/query_embeddings/combined.jsonl,313,1024,100,0,float32_avx2,44,0,0.0,0.0,0.0,0.0,0.0,0.012,1.0000000000000004,1.0,100
0bbeb0653a569e5394ac94a502549b079f7a055c,meow1,AMD Ryzen 9 9950X 16-Core Processor,c++ (Ubuntu 15.2.0-4ubuntu4) 15.2.0,CMAKE_CXX_FLAGS:STRING= CMAKE_CXX_FLAGS_RELEASE:STRING=-O3 -DNDEBUG,wikimedia_wikipedia_mxbai,/home/yunchih/code/simsearch/python/out/local_query_embeddings_1024.parquet,/home/yunchih/code/simsearch/python/query_embeddings/combined.jsonl,313,1024,100,0,binary,44,0,0.003497,0.000731,0.001032,0.0,0.0,0.005952,1.0000000000000004,1.0,100
0bbeb0653a569e5394ac94a502549b079f7a055c,meow1,AMD Ryzen 9 9950X 16-Core Processor,c++ (Ubuntu 15.2.0-4ubuntu4) 15.2.0,CMAKE_CXX_FLAGS:STRING= CMAKE_CXX_FLAGS_RELEASE:STRING=-O3 -DNDEBUG,wikimedia_wikipedia_mxbai,/home/yunchih/code/simsearch/python/out/local_query_embeddings_1024.parquet,/home/yunchih/code/simsearch/python/query_embeddings/combined.jsonl,313,1024,100,10,two_step_RF10,44,0,0.003166,0.000701,0.003397,0.012103,0.001373,0.021711,0.25111553767168043,0.19047619047619047,313
0bbeb0653a569e5394ac94a502549b079f7a055c,meow1,AMD Ryzen 9 9950X 16-Core Processor,c++ (Ubuntu 15.2.0-4ubuntu4) 15.2.0,CMAKE_CXX_FLAGS:STRING= CMAKE_CXX_FLAGS_RELEASE:STRING=-O3 -DNDEBUG,wikimedia_wikipedia_mxbai,/home/yunchih/code/simsearch/python/out/local_query_embeddings_1024.parquet,/home/yunchih/code/simsearch/python/query_embeddings/combined.jsonl,313,1024,100,50,two_step_RF50,44,0,0.000901,0.000772,0.003466,0.012083,0.001432,0.019666,0.25111553767168043,0.19047619047619047,313
0bbeb0653a569e5394ac94a502549b079f7a055c,meow1,AMD Ryzen 9 9950X 16-Core Processor,c++ (Ubuntu 15.2.0-4ubuntu4) 15.2.0,CMAKE_CXX_FLAGS:STRING= CMAKE_CXX_FLAGS_RELEASE:STRING=-O3 -DNDEBUG,wikimedia_wikipedia_mxbai,/home/yunchih/code/simsearch/python/out/local_query_embeddings_1024.parquet,/home/yunchih/code/simsearch/python/query_embeddings/combined.jsonl,313,1024,100,10,two_step_mf_RF10,44,0,0.003106,0.000772,0.003366,0.087434,0.001423,0.097053,0.25111553767168043,0.19047619047619047,313
0bbeb0653a569e5394ac94a502549b079f7a055c,meow1,AMD Ryzen 9 9950X 16-Core Processor,c++ (Ubuntu 15.2.0-4ubuntu4) 15.2.0,CMAKE_CXX_FLAGS:STRING= CMAKE_CXX_FLAGS_RELEASE:STRING=-O3 -DNDEBUG,wikimedia_wikipedia_mxbai,/home/yunchih/code/simsearch/python/out/local_query_embeddings_1024.parquet,/home/yunchih/code/simsearch/python/query_embeddings/combined.jsonl,313,1024,100,50,two_step_mf_RF50,44,0,0.000942,0.000721,0.003396,0.086753,0.001383,0.094057,0.25111553767168043,0.19047619047619047,313
0bbeb0653a569e5394ac94a502549b079f7a055c,meow1,AMD Ryzen 9 9950X 16-Core Processor,c++ (Ubuntu 15.2.0-4ubuntu4) 15.2.0,CMAKE_CXX_FLAGS:STRING= CMAKE_CXX_FLAGS_RELEASE:STRING=-O3 -DNDEBUG,wikimedia_wikipedia_mxbai,/home/yunchih/code/simsearch/python/out/local_query_embeddings_1024.parquet,/home/yunchih/code/simsearch/python/query_embeddings/combined.jsonl,313,1024,100,0,float32_avx2,45,0,0.0,0.0,0.0,0.0,0.0,0.012,1.0000000000000004,1.0,100
0bbeb0653a569e5394ac94a502549b079f7a055c,meow1,AMD Ryzen 9 9950X 16-Core Processor,c++ (Ubuntu 15.2.0-4ubuntu4) 15.2.0,CMAKE_CXX_FLAGS:STRING= CMAKE_CXX_FLAGS_RELEASE:STRING=-O3 -DNDEBUG,wikimedia_wikipedia_mxbai,/home/yunchih/code/simsearch/python/out/local_query_embeddings_1024.parquet,/home/yunchih/code/simsearch/python/query_embeddings/combined.jsonl,313,1024,100,0,binary,45,0,0.003447,0.000741,0.001082,0.0,0.0,0.006012,1.0000000000000004,1.0,100
0bbeb0653a569e5394ac94a502549b079f7a055c,meow1,AMD Ryzen 9 9950X 16-Core Processor,c++ (Ubuntu 15.2.0-4ubuntu4) 15.2.0,CMAKE_CXX_FLAGS:STRING= CMAKE_CXX_FLAGS_RELEASE:STRING=-O3 -DNDEBUG,wikimedia_wikipedia_mxbai,/home/yunchih/code/simsearch/python/out/local_query_embeddings_1024.parquet,/home/yunchih/code/simsearch/python/query_embeddings/combined.jsonl,313,1024,100,10,two_step_RF10,45,0,0.003307,0.000711,0.003386,0.012003,0.001422,0.021831,0.25111553767168043,0.19047619047619047,313
0bbeb0653a569e5394ac94a502549b079f7a055c,meow1,AMD Ryzen 9 9950X 16-Core Processor,c++ (Ubuntu 15.2.0-4ubuntu4) 15.2.0,CMAKE_CXX_FLAGS:STRING= CMAKE_CXX_FLAGS_RELEASE:STRING=-O3 -DNDEBUG,wikimedia_wikipedia_mxbai,/home/yunchih/code/simsearch/python/out/local_query_embeddings_1024.parquet,/home/yunchih/code/simsearch/python/query_embeddings/combined.jsonl,313,1024,100,50,two_step_RF50,45,0,0.000931,0.000741,0.003386,0.011882,0.001443,0.019456,0.25111553767168043,0.19047619047619047,313
0bbeb0653a569e5394ac94a502549b079f7a055c,meow1,AMD Ryzen 9 9950X 16-Core Processor,c++ (Ubuntu 15.2.0-4ubuntu4) 15.2.0,CMAKE_CXX_FLAGS:STRING= CMAKE_CXX_FLAGS_RELEASE:STRING=-O3 -DNDEBUG,wikimedia_wikipedia_mxbai,/home/yunchih/code/simsearch/python/out/local_query_embeddings_1024.parquet,/home/yunchih/code/simsearch/python/query_embeddings/combined.jsonl,313,1024,100,10,two_step_mf_RF10,45,0,0.003357,0.000751,0.003407,0.090801,0.001442,0.10073,0.25111553767168043,0.19047619047619047,313
0bbeb0653a569e5394ac94a502549b079f7a055c,meow1,AMD Ryzen 9 9950X 16-Core Processor,c++ (Ubuntu 15.2.0-4ubuntu4) 15.2.0,CMAKE_CXX_FLAGS:STRING= CMAKE_CXX_FLAGS_RELEASE:STRING=-O3 -DNDEBUG,wikimedia_wikipedia_mxbai,/home/yunchih/code/simsearch/python/out/local_query_embeddings_1024.parquet,/home/yunchih/code/simsearch/python/query_embeddings/combined.jsonl,313,1024,100,50,two_step_mf_RF50,45,0,0.001122,0.000711,0.003417,0.086893,0.001383,0.094407,0.25111553767168043,0.19047619047619047,313
0bbeb0653a569e5394ac94a502549b079f7a055c,meow1,AMD Ryzen 9 9950X 16-Core Processor,c++ (Ubuntu 15.2.0-4ubuntu4) 15.2.0,CMAKE_CXX_FLAGS:STRING= CMAKE_CXX_FLAGS_RELEASE:STRING=-O3 -DNDEBUG,wikimedia_wikipedia_mxbai,/home/yunchih/code/simsearch/python/out/local_query_embeddings_1024.parquet,/home/yunchih/code/simsearch/python/query_embeddings/combined.jsonl,313,1024,100,0,float32_avx2,46,0,0.0,0.0,0.0,0.0,0.0,0.012,1.0000000000000004,1.0,100
0bbeb0653a569e5394ac94a502549b079f7a055c,meow1,AMD Ryzen 9 9950X 16-Core Processor,c++ (Ubuntu 15.2.0-4ubuntu4) 15.2.0,CMAKE_CXX_FLAGS:STRING= CMAKE_CXX_FLAGS_RELEASE:STRING=-O3 -DNDEBUG,wikimedia_wikipedia_mxbai,/home/yunchih/code/simsearch/python/out/local_query_embeddings_1024.parquet,/home/yunchih/code/simsearch/python/query_embeddings/combined.jsonl,313,1024,100,0,binary,46,0,0.003657,0.000721,0.001042,0.0,0.0,0.006151,1.0000000000000004,1.0,100
0bbeb0653a569e5394ac94a502549b079f7a055c,meow1,AMD Ryzen 9 9950X 16-Core Processor,c++ (Ubuntu 15.2.0-4ubuntu4) 15.2.0,CMAKE_CXX_FLAGS:STRING= CMAKE_CXX_FLAGS_RELEASE:STRING=-O3 -DNDEBUG,wikimedia_wikipedia_mxbai,/home/yunchih/code/simsearch/python/out/local_query_embeddings_1024.parquet,/home/yunchih/code/simsearch/python/query_embeddings/combined.jsonl,313,1024,100,10,two_step_RF10,46,0,0.003226,0.000692,0.003426,0.011862,0.001413,0.021611,0.25111553767168043,0.19047619047619047,313
0bbeb0653a569e5394ac94a502549b079f7a055c,meow1,AMD Ryzen 9 9950X 16-Core Processor,c++ (Ubuntu 15.2.0-4ubuntu4) 15.2.0,CMAKE_CXX_FLAGS:STRING= CMAKE_CXX_FLAGS_RELEASE:STRING=-O3 -DNDEBUG,wikimedia_wikipedia_mxbai,/home/yunchih/code/simsearch/python/out/local_query_embeddings_1024.parquet,/home/yunchih/code/simsearch/python/query_embeddings/combined.jsonl,313,1024,100,50,two_step_RF50,46,0,0.000911,0.000762,0.003406,0.011882,0.001413,0.019356,0.25111553767168043,0.19047619047619047,313
0bbeb0653a569e5394ac94a502549b079f7a055c,meow1,AMD Ryzen 9 9950X 16-Core Processor,c++ (Ubuntu 15.2.0-4ubuntu4) 15.2.0,CMAKE_CXX_FLAGS:STRING= CMAKE_CXX_FLAGS_RELEASE:STRING=-O3 -DNDEBUG,wikimedia_wikipedia_mxbai,/home/yunchih/code/simsearch/python/out/local_query_embeddings_1024.parquet,/home/yunchih/code/simsearch/python/query_embeddings/combined.jsonl,313,1024,100,10,two_step_mf_RF10,46,0,0.003326,0.000751,0.003357,0.087485,0.001412,0.097262,0.25111553767168043,0.19047619047619047,313
0bbeb0653a569e5394ac94a502549b079f7a055c,meow1,AMD Ryzen 9 9950X 16-Core Processor,c++ (Ubuntu 15.2.0-4ubuntu4) 15.2.0,CMAKE_CXX_FLAGS:STRING= CMAKE_CXX_FLAGS_RELEASE:STRING=-O3 -DNDEBUG,wikimedia_wikipedia_mxbai,/home/yunchih/code/simsearch/python/out/local_query_embeddings_1024.parquet,/home/yunchih/code/simsearch/python/query_embeddings/combined.jsonl,313,1024,100,50,two_step_mf_RF50,46,0,0.000842,0.000701,0.003416,0.086943,0.001393,0.094157,0.25111553767168043,0.19047619047619047,313
0bbeb0653a569e5394ac94a502549b079f7a055c,meow1,AMD Ryzen 9 9950X 16-Core Processor,c++ (Ubuntu 15.2.0-4ubuntu4) 15.2.0,CMAKE_CXX_FLAGS:STRING= CMAKE_CXX_FLAGS_RELEASE:STRING=-O3 -DNDEBUG,wikimedia_wikipedia_mxbai,/home/yunchih/code/simsearch/python/out/local_query_embeddings_1024.parquet,/home/yunchih/code/simsearch/python/query_embeddings/combined.jsonl,313,1024,100,0,float32_avx2,47,0,0.0,0.0,0.0,0.0,0.0,0.012,1.0000000000000004,1.0,100
0bbeb0653a569e5394ac94a502549b079f7a055c,meow1,AMD Ryzen 9 9950X 16-Core Processor,c++ (Ubuntu 15.2.0-4ubuntu4) 15.2.0,CMAKE_CXX_FLAGS:STRING= CMAKE_CXX_FLAGS_RELEASE:STRING=-O3 -DNDEBUG,wikimedia_wikipedia_mxbai,/home/yunchih/code/simsearch/python/out/local_query_embeddings_1024.parquet,/home/yunchih/code/simsearch/python/query_embeddings/combined.jsonl,313,1024,100,0,binary,47,0,0.003326,0.000751,0.001032,0.0,0.0,0.005851,1.0000000000000004,1.0,100
0bbeb0653a569e5394ac94a502549b079f7a055c,meow1,AMD Ryzen 9 9950X 16-Core Processor,c++ (Ubuntu 15.2.0-4ubuntu4) 15.2.0,CMAKE_CXX_FLAGS:STRING= CMAKE_CXX_FLAGS_RELEASE:STRING=-O3 -DNDEBUG,wikimedia_wikipedia_mxbai,/home/yunchih/code/simsearch/python/out/local_query_embeddings_1024.parquet,/home/yunchih/code/simsearch/python/query_embeddings/combined.jsonl,313,1024,100,10,two_step_RF10,47,0,0.003317,0.000711,0.003396,0.011862,0.001473,0.021761,0.25111553767168043,0.19047619047619047,313
0bbeb0653a569e5394ac94a502549b079f7a055c,meow1,AMD Ryzen 9 9950X 16-Core Processor,c++ (Ubuntu 15.2.0-4ubuntu4) 15.2.0,CMAKE_CXX_FLAGS:STRING= CMAKE_CXX_FLAGS_RELEASE:STRING=-O3 -DNDEBUG,wikimedia_wikipedia_mxbai,/home/yunchih/code/simsearch/python/out/local_query_embeddings_1024.parquet,/home/yunchih/code/simsearch/python/query_embeddings/combined.jsonl,313,1024,100,50,two_step_RF50,47,0,0.000852,0.000761,0.003436,0.011912,0.001503,0.019507,0.25111553767168043,0.19047619047619047,313
0bbeb0653a569e5394ac94a502549b079f7a055c,meow1,AMD Ryzen 9 9950X 16-Core Processor,c++ (Ubuntu 15.2.0-4ubuntu4) 15.2.0,CMAKE_CXX_FLAGS:STRING= CMAKE_CXX_FLAGS_RELEASE:STRING=-O3 -DNDEBUG,wikimedia_wikipedia_mxbai,/home/yunchih/code/simsearch/python/out/local_query_embeddings_1024.parquet,/home/yunchih/code/simsearch/python/query_embeddings/combined.jsonl,313,1024,100,10,two_step_mf_RF10,47,0,0.003306,0.000751,0.003397,0.087565,0.001402,0.097393,0.25111553767168043,0.19047619047619047,313
0bbeb0653a569e5394ac94a502549b079f7a055c,meow1,AMD Ryzen 9 9950X 16-Core Processor,c++ (Ubuntu 15.2.0-4ubuntu4) 15.2.0,CMAKE_CXX_FLAGS:STRING= CMAKE_CXX_FLAGS_RELEASE:STRING=-O3 -DNDEBUG,wikimedia_wikipedia_mxbai,/home/yunchih/code/simsearch/python/out/local_query_embeddings_1024.parquet,/home/yunchih/code/simsearch/python/query_embeddings/combined.jsonl,313,1024,100,50,two_step_mf_RF50,47,0,0.000941,0.000721,0.003416,0.086903,0.001443,0.094307,0.25111553767168043,0.19047619047619047,313
0bbeb0653a569e5394ac94a502549b079f7a055c,meow1,AMD Ryzen 9 9950X 16-Core Processor,c++ (Ubuntu 15.2.0-4ubuntu4) 15.2.0,CMAKE_CXX_FLAGS:STRING= CMAKE_CXX_FLAGS_RELEASE:STRING=-O3 -DNDEBUG,wikimedia_wikipedia_mxbai,/home/yunchih/code/simsearch/python/out/local_query_embeddings_1024.parquet,/home/yunchih/code/simsearch/python/query_embeddings/combined.jsonl,313,1024,100,0,float32_avx2,48,0,0.0,0.0,0.0,0.0,0.0,0.012,1.0000000000000004,1.0,100
0bbeb0653a569e5394ac94a502549b079f7a055c,meow1,AMD Ryzen 9 9950X 16-Core Processor,c++ (Ubuntu 15.2.0-4ubuntu4) 15.2.0,CMAKE_CXX_FLAGS:STRING= CMAKE_CXX_FLAGS_RELEASE:STRING=-O3 -DNDEBUG,wikimedia_wikipedia_mxbai,/home/yunchih/code/simsearch/python/out/local_query_embeddings_1024.parquet,/home/yunchih/code/simsearch/python/query_embeddings/combined.jsonl,313,1024,100,0,binary,48,0,0.003577,0.000731,0.001062,0.0,0.0,0.006102,1.0000000000000004,1.0,100
0bbeb0653a569e5394ac94a502549b079f7a055c,meow1,AMD Ryzen 9 9950X 16-Core Processor,c++ (Ubuntu 15.2.0-4ubuntu4) 15.2.0,CMAKE_CXX_FLAGS:STRING= CMAKE_CXX_FLAGS_RELEASE:STRING=-O3 -DNDEBUG,wikimedia_wikipedia_mxbai,/home/yunchih/code/simsearch/python/out/local_query_embeddings_1024.parquet,/home/yunchih/code/simsearch/python/query_embeddings/combined.jsonl,313,1024,100,10,two_step_RF10,48,0,0.003246,0.000702,0.003396,0.011822,0.001473,0.021601,0.25111553767168043,0.19047619047619047,313
0bbeb0653a569e5394ac94a502549b079f7a055c,meow1,AMD Ryzen 9 9950X 16-Core Processor,c++ (Ubuntu 15.2.0-4ubuntu4) 15.2.0,CMAKE_CXX_FLAGS:STRING= CMAKE_CXX_FLAGS_RELEASE:STRING=-O3 -DNDEBUG,wikimedia_wikipedia_mxbai,/home/yunchih/code/simsearch/python/out/local_query_embeddings_1024.parquet,/home/yunchih/code/simsearch/python/query_embeddings/combined.jsonl,313,1024,100,50,two_step_RF50,48,0,0.000952,0.000761,0.003437,0.011943,0.001452,0.019556,0.25111553767168043,0.19047619047619047,313
0bbeb0653a569e5394ac94a502549b079f7a055c,meow1,AMD Ryzen 9 9950X 16-Core Processor,c++ (Ubuntu 15.2.0-4ubuntu4) 15.2.0,CMAKE_CXX_FLAGS:STRING= CMAKE_CXX_FLAGS_RELEASE:STRING=-O3 -DNDEBUG,wikimedia_wikipedia_mxbai,/home/yunchih/code/simsearch/python/out/local_query_embeddings_1024.parquet,/home/yunchih/code/simsearch/python/query_embeddings/combined.jsonl,313,1024,100,10,two_step_mf_RF10,48,0,0.003226,0.000672,0.003426,0.087445,0.001382,0.097093,0.25111553767168043,0.19047619047619047,313
0bbeb0653a569e5394ac94a502549b079f7a055c,meow1,AMD Ryzen 9 9950X 16-Core Processor,c++ (Ubuntu 15.2.0-4ubuntu4) 15.2.0,CMAKE_CXX_FLAGS:STRING= CMAKE_CXX_FLAGS_RELEASE:STRING=-O3 -DNDEBUG,wikimedia_wikipedia_mxbai,/home/yunchih/code/simsearch/python/out/local_query_embeddings_1024.parquet,/home/yunchih/code/simsearch/python/query_embeddings/combined.jsonl,313,1024,100,50,two_step_mf_RF50,48,0,0.001042,0.001062,0.003417,0.089678,0.001362,0.097423,0.25111553767168043,0.19047619047619047,313
0bbeb0653a569e5394ac94a502549b079f7a055c,meow1,AMD Ryzen 9 9950X 16-Core Processor,c++ (Ubuntu 15.2.0-4ubuntu4) 15.2.0,CMAKE_CXX_FLAGS:STRING= CMAKE_CXX_FLAGS_RELEASE:STRING=-O3 -DNDEBUG,wikimedia_wikipedia_mxbai,/home/yunchih/code/simsearch/python/out/local_query_embeddings_1024.parquet,/home/yunchih/code/simsearch/python/query_embeddings/combined.jsonl,313,1024,100,0,float32_avx2,49,0,0.0,0.0,0.0,0.0,0.0,0.011,1.0000000000000004,1.0,100
0bbeb0653a569e5394ac94a502549b079f7a055c,meow1,AMD Ryzen 9 9950X 16-Core Processor,c++ (Ubuntu 15.2.0-4ubuntu4) 15.2.0,CMAKE_CXX_FLAGS:STRING= CMAKE_CXX_FLAGS_RELEASE:STRING=-O3 -DNDEBUG,wikimedia_wikipedia_mxbai,/home/yunchih/code/simsearch/python/out/local_query_embeddings_1024.parquet,/home/yunchih/code/simsearch/python/query_embeddings/combined.jsonl,313,1024,100,0,binary,49,0,0.003366,0.000672,0.001001,0.0,0.0,0.005801,1.0000000000000004,1.0,100
0bbeb0653a569e5394ac94a502549b079f7a055c,meow1,AMD Ryzen 9 9950X 16-Core Processor,c++ (Ubuntu 15.2.0-4ubuntu4) 15.2.0,CMAKE_CXX_FLAGS:STRING= CMAKE_CXX_FLAGS_RELEASE:STRING=-O3 -DNDEBUG,wikimedia_wikipedia_mxbai,/home/yunchih/code/simsearch/python/out/local_query_embeddings_1024.parquet,/home/yunchih/code/simsearch/python/query_embeddings/combined.jsonl,313,1024,100,10,two_step_RF10,49,0,0.003226,0.000651,0.003406,0.011612,0.001423,0.0213,0.25111553767168043,0.19047619047619047,313
0bbeb0653a569e5394ac94a502549b079f7a055c,meow1,AMD Ryzen 9 9950X 16-Core Processor,c++ (Ubuntu 15.2.0-4ubuntu4) 15.2.0,CMAKE_CXX_FLAGS:STRING= CMAKE_CXX_FLAGS_RELEASE:STRING=-O3 -DNDEBUG,wikimedia_wikipedia_mxbai,/home/yunchih/code/simsearch/python/out/local_query_embeddings_1024.parquet,/home/yunchih/code/simsearch/python/query_embeddings/combined.jsonl,313,1024,100,50,two_step_RF50,49,0,0.000982,0.000701,0.003467,0.011451,0.001453,0.019116,0.25111553767168043,0.19047619047619047,313
0bbeb0653a569e5394ac94a502549b079f7a055c,meow1,AMD Ryzen 9 9950X 16-Core Processor,c++ (Ubuntu 15.2.0-4ubuntu4) 15.2.0,CMAKE_CXX_FLAGS:STRING= CMAKE_CXX_FLAGS_RELEASE:STRING=-O3 -DNDEBUG,wikimedia_wikipedia_mxbai,/home/yunchih/code/simsearch/python/out/local_query_embeddings_1024.parquet,/home/yunchih/code/simsearch/python/query_embeddings/combined.jsonl,313,1024,100,10,two_step_mf_RF10,49,0,0.003306,0.000681,0.003377,0.087424,0.001423,0.097182,0.25111553767168043,0.19047619047619047,313
0bbeb0653a569e5394ac94a502549b079f7a055c,meow1,AMD Ryzen 9 9950X 16-Core Processor,c++ (Ubuntu 15.2.0-4ubuntu4) 15.2.0,CMAKE_CXX_FLAGS:STRING= CMAKE_CXX_FLAGS_RELEASE:STRING=-O3 -DNDEBUG,wikimedia_wikipedia_mxbai,/home/yunchih/code/simsearch/python/out/local_query_embeddings_1024.parquet,/home/yunchih/code/simsearch/python/query_embeddings/combined.jsonl,313,1024,100,50,two_step_mf_RF50,49,0,0.000982,0.000671,0.003387,0.089097,0.001353,0.096351,0.25111553767168043,0.19047619047619047,313
0bbeb0653a569e5394ac94a502549b079f7a055c,meow1,AMD Ryzen 9 9950X 16-Core Processor,c++ (Ubuntu 15.2.0-4ubuntu4) 15.2.0,CMAKE_CXX_FLAGS:STRING= CMAKE_CXX_FLAGS_RELEASE:STRING=-O3 -DNDEBUG,wikimedia_wikipedia_mxbai,/home/yunchih/code/simsearch/python/out/local_query_embeddings_1024.parquet,/home/yunchih/code/simsearch/python/query_embeddings/combined.jsonl,313,1024,100,0,float32_avx2,50,0,0.0,0.0,0.0,0.0,0.0,0.012,1.0000000000000004,1.0,100
0bbeb0653a569e5394ac94a502549b079f7a055c,meow1,AMD Ryzen 9 9950X 16-Core Processor,c++ (Ubuntu 15.2.0-4ubuntu4) 15.2.0,CMAKE_CXX_FLAGS:STRING= CMAKE_CXX_FLAGS_RELEASE:STRING=-O3 -DNDEBUG,wikimedia_wikipedia_mxbai,/home/yunchih/code/simsearch/python/out/local_query_embeddings_1024.parquet,/home/yunchih/code/simsearch/python/query_embeddings/combined.jsonl,313,1024,100,0,binary,50,0,0.003607,0.000671,0.001012,0.0,0.0,0.006001,1.0000000000000004,1.0,100
0bbeb0653a569e5394ac94a502549b079f7a055c,meow1,AMD Ryzen 9 9950X 16-Core Processor,c++ (Ubuntu 15.2.0-4ubuntu4) 15.2.0,CMAKE_CXX_FLAGS:STRING= CMAKE_CXX_FLAGS_RELEASE:STRING=-O3 -DNDEBUG,wikimedia_wikipedia_mxbai,/home/yunchih/code/simsearch/python/out/local_query_embeddings_1024.parquet,/home/yunchih/code/simsearch/python/query_embeddings/combined.jsonl,313,1024,100,10,two_step_RF10,50,0,0.003246,0.000641,0.003396,0.011652,0.001403,0.02133,0.25111553767168043,0.19047619047619047,313
0bbeb0653a569e5394ac94a502549b079f7a055c,meow1,AMD Ryzen 9 9950X 16-Core Processor,c++ (Ubuntu 15.2.0-4ubuntu4) 15.2.0,CMAKE_CXX_FLAGS:STRING= CMAKE_CXX_FLAGS_RELEASE:STRING=-O3 -DNDEBUG,wikimedia_wikipedia_mxbai,/home/yunchih/code/simsearch/python/out/local_query_embeddings_1024.parquet,/home/yunchih/code/simsearch/python/query_embeddings/combined.jsonl,313,1024,100,50,two_step_RF50,50,0,0.000711,0.000692,0.003426,0.011401,0.001453,0.018705,0.25111553767168043,0.19047619047619047,313
0bbeb0653a569e5394ac94a502549b079f7a055c,meow1,AMD Ryzen 9 9950X 16-Core Processor,c++ (Ubuntu 15.2.0-4ubuntu4) 15.2.0,CMAKE_CXX_FLAGS:STRING= CMAKE_CXX_FLAGS_RELEASE:STRING=-O3 -DNDEBUG,wikimedia_wikipedia_mxbai,/home/yunchih/code/simsearch/python/out/local_query_embeddings_1024.parquet,/home/yunchih/code/simsearch/python/query_embeddings/combined.jsonl,313,1024,100,10,two_step_mf_RF10,50,0,0.003156,0.000692,0.003376,0.087445,0.001432,0.097042,0.25111553767168043,0.19047619047619047,313
0bbeb0653a569e5394ac94a502549b079f7a055c,meow1,AMD Ryzen 9 9950X 16-Core Processor,c++ (Ubuntu 15.2.0-4ubuntu4) 15.2.0,CMAKE_CXX_FLAGS:STRING= CMAKE_CXX_FLAGS_RELEASE:STRING=-O3 -DNDEBUG,wikimedia_wikipedia_mxbai,/home/yunchih/code/simsearch/python/out/local_query_embeddings_1024.parquet,/home/yunchih/code/simsearch/python/query_embeddings/combined.jsonl,313,1024,100,50,two_step_mf_RF50,50,0,0.001042,0.000671,0.003397,0.086753,0.001383,0.094097,0.25111553767168043,0.19047619047619047,313
0bbeb0653a569e5394ac94a502549b079f7a055c,meow1,AMD Ryzen 9 9950X 16-Core Processor,c++ (Ubuntu 15.2.0-4ubuntu4) 15.2.0,CMAKE_CXX_FLAGS:STRING= CMAKE_CXX_FLAGS_RELEASE:STRING=-O3 -DNDEBUG,wikimedia_wikipedia_mxbai,/home/yunchih/code/simsearch/python/out/local_query_embeddings_1024.parquet,/home/yunchih/code/simsearch/python/query_embeddings/combined.jsonl,313,1024,100,0,float32_avx2,51,0,0.0,0.0,0.0,0.0,0.0,0.011,1.0000000000000004,1.0,100
0bbeb0653a569e5394ac94a502549b079f7a055c,meow1,AMD Ryzen 9 9950X 16-Core Processor,c++ (Ubuntu 15.2.0-4ubuntu4) 15.2.0,CMAKE_CXX_FLAGS:STRING= CMAKE_CXX_FLAGS_RELEASE:STRING=-O3 -DNDEBUG,wikimedia_wikipedia_mxbai,/home/yunchih/code/simsearch/python/out/local_query_embeddings_1024.parquet,/home/yunchih/code/simsearch/python/query_embeddings/combined.jsonl,313,1024,100,0,binary,51,0,0.003547,0.000681,0.001062,0.0,0.0,0.006021,1.0000000000000004,1.0,100
0bbeb0653a569e5394ac94a502549b079f7a055c,meow1,AMD Ryzen 9 9950X 16-Core Processor,c++ (Ubuntu 15.2.0-4ubuntu4) 15.2.0,CMAKE_CXX_FLAGS:STRING= CMAKE_CXX_FLAGS_RELEASE:STRING=-O3 -DNDEBUG,wikimedia_wikipedia_mxbai,/home/yunchih/code/simsearch/python/out/local_query_embeddings_1024.parquet,/home/yunchih/code/simsearch/python/query_embeddings/combined.jsonl,313,1024,100,10,two_step_RF10,51,0,0.003276,0.000661,0.003386,0.011572,0.001422,0.02133,0.25111553767168043,0.19047619047619047,313
0bbeb0653a569e5394ac94a502549b079f7a055c,meow1,AMD Ryzen 9 9950X 16-Core Processor,c++ (Ubuntu 15.2.0-4ubuntu4) 15.2.0,CMAKE_CXX_FLAGS:STRING= CMAKE_CXX_FLAGS_RELEASE:STRING=-O3 -DNDEBUG,wikimedia_wikipedia_mxbai,/home/yunchih/code/simsearch/python/out/local_query_embeddings_1024.parquet,/home/yunchih/code/simsearch/python/query_embeddings/combined.jsonl,313,1024,100,50,two_step_RF50,51,0,0.000822,0.000691,0.003406,0.011471,0.001452,0.018895,0.25111553767168043,0.19047619047619047,313
0bbeb0653a569e5394ac94a502549b079f7a055c,meow1,AMD Ryzen 9 9950X 16-Core Processor,c++ (Ubuntu 15.2.0-4ubuntu4) 15.2.0,CMAKE_CXX_FLAGS:STRING= CMAKE_CXX_FLAGS_RELEASE:STRING=-O3 -DNDEBUG,wikimedia_wikipedia_mxbai,/home/yunchih/code/simsearch/python/out/local_query_embeddings_1024.parquet,/home/yunchih/code/simsearch/python/query_embeddings/combined.jsonl,313,1024,100,10,two_step_mf_RF10,51,0,0.003316,0.000681,0.003397,0.087505,0.001392,0.097272,0.25111553767168043,0.19047619047619047,313
0bbeb0653a569e5394ac94a502549b079f7a055c,meow1,AMD Ryzen 9 9950X 16-Core Processor,c++ (Ubuntu 15.2.0-4ubuntu4) 15.2.0,CMAKE_CXX_FLAGS:STRING= CMAKE_CXX_FLAGS_RELEASE:STRING=-O3 -DNDEBUG,wikimedia_wikipedia_mxbai,/home/yunchih/code/simsearch/python/out/local_query_embeddings_1024.parquet,/home/yunchih/code/simsearch/python/query_embeddings/combined.jsonl,313,1024,100,50,two_step_mf_RF50,51,0,0.001012,0.000661,0.003377,0.086823,0.001383,0.094127,0.25111553767168043,0.19047619047619047,313
0bbeb0653a569e5394ac94a502549b079f7a055c,meow1,AMD Ryzen 9 9950X 16-Core Processor,c++ (Ubuntu 15.2.0-4ubuntu4) 15.2.0,CMAKE_CXX_FLAGS:STRING= CMAKE_CXX_FLAGS_RELEASE:STRING=-O3 -DNDEBUG,wikimedia_wikipedia_mxbai,/home/yunchih/code/simsearch/python/out/local_query_embeddings_1024.parquet,/home/yunchih/code/simsearch/python/query_embeddings/combined.jsonl,313,1024,100,0,float32_avx2,52,0,0.0,0.0,0.0,0.0,0.0,0.012,1.0000000000000004,1.0,100
0bbeb0653a569e5394ac94a502549b079f7a055c,meow1,AMD Ryzen 9 9950X 16-Core Processor,c++ (Ubuntu 15.2.0-4ubuntu4) 15.2.0,CMAKE_CXX_FLAGS:STRING= CMAKE_CXX_FLAGS_RELEASE:STRING=-O3 -DNDEBUG,wikimedia_wikipedia_mxbai,/home/yunchih/code/simsearch/python/out/local_query_embeddings_1024.parquet,/home/yunchih/code/simsearch/python/query_embeddings/combined.jsonl,313,1024,100,0,binary,52,0,0.003447,0.000681,0.001032,0.0,0.0,0.005861,1.0000000000000004,1.0,100
0bbeb0653a569e5394ac94a502549b079f7a055c,meow1,AMD Ryzen 9 9950X 16-Core Processor,c++ (Ubuntu 15.2.0-4ubuntu4) 15.2.0,CMAKE_CXX_FLAGS:STRING= CMAKE_CXX_FLAGS_RELEASE:STRING=-O3 -DNDEBUG,wikimedia_wikipedia_mxbai,/home/yunchih/code/simsearch/python/out/local_query_embeddings_1024.parquet,/home/yunchih/code/simsearch/python/query_embeddings/combined.jsonl,313,1024,100,10,two_step_RF10,52,0,0.003276,0.000661,0.003397,0.011542,0.001433,0.0213,0.25111553767168043,0.19047619047619047,313
0bbeb0653a569e5394ac94a502549b079f7a055c,meow1,AMD Ryzen 9 9950X 16-Core Processor,c++ (Ubuntu 15.2.0-4ubuntu4) 15.2.0,CMAKE_CXX_FLAGS:STRING= CMAKE_CXX_FLAGS_RELEASE:STRING=-O3 -DNDEBUG,wikimedia_wikipedia_mxbai,/home/yunchih/code/simsearch/python/out/local_query_embeddings_1024.parquet,/home/yunchih/code/simsearch/python/query_embeddings/combined.jsonl,313,1024,100,50,two_step_RF50,52,0,0.000912,0.000691,0.003396,0.011412,0.001432,0.018865,0.25111553767168043,0.19047619047619047,313
0bbeb0653a569e5394ac94a502549b079f7a055c,meow1,AMD Ryzen 9 9950X 16-Core Processor,c++ (Ubuntu 15.2.0-4ubuntu4) 15.2.0,CMAKE_CXX_FLAGS:STRING= CMAKE_CXX_FLAGS_RELEASE:STRING=-O3 -DNDEBUG,wikimedia_wikipedia_mxbai,/home/yunchih/code/simsearch/python/out/local_query_embeddings_1024.parquet,/home/yunchih/code/simsearch/python/query_embeddings/combined.jsonl,313,1024,100,10,two_step_mf_RF10,52,0,0.003276,0.000672,0.003396,0.087475,0.001463,0.097233,0.25111553767168043,0.19047619047619047,313
0bbeb0653a569e5394ac94a502549b079f7a055c,meow1,AMD Ryzen 9 9950X 16-Core Processor,c++ (Ubuntu 15.2.0-4ubuntu4) 15.2.0,CMAKE_CXX_FLAGS:STRING= CMAKE_CXX_FLAGS_RELEASE:STRING=-O3 -DNDEBUG,wikimedia_wikipedia_mxbai,/home/yunchih/code/simsearch/python/out/local_query_embeddings_1024.parquet,/home/yunchih/code/simsearch/python/query_embeddings/combined.jsonl,313,1024,100,50,two_step_mf_RF50,52,0,0.001133,0.000661,0.003416,0.086843,0.001393,0.094318,0.25111553767168043,0.19047619047619047,313
0bbeb0653a569e5394ac94a502549b079f7a055c,meow1,AMD Ryzen 9 9950X 16-Core Processor,c++ (Ubuntu 15.2.0-4ubuntu4) 15.2.0,CMAKE_CXX_FLAGS:STRING= CMAKE_CXX_FLAGS_RELEASE:STRING=-O3 -DNDEBUG,wikimedia_wikipedia_mxbai,/home/yunchih/code/simsearch/python/out/local_query_embeddings_1024.parquet,/home/yunchih/code/simsearch/python/query_embeddings/combined.jsonl,313,1024,100,0,float32_avx2,53,0,0.0,0.0,0.0,0.0,0.0,0.011,1.0000000000000004,1.0,100
0bbeb0653a569e5394ac94a502549b079f7a055c,meow1,AMD Ryzen 9 9950X 16-Core Processor,c++ (Ubuntu 15.2.0-4ubuntu4) 15.2.0,CMAKE_CXX_FLAGS:STRING= CMAKE_CXX_FLAGS_RELEASE:STRING=-O3 -DNDEBUG,wikimedia_wikipedia_mxbai,/home/yunchih/code/simsearch/python/out/local_query_embeddings_1024.parquet,/home/yunchih/code/simsearch/python/query_embeddings/combined.jsonl,313,1024,100,0,binary,53,0,0.003526,0.000682,0.001032,0.0,0.0,0.005982,1.0000000000000004,1.0,100
0bbeb0653a569e5394ac94a502549b079f7a055c,meow1,AMD Ryzen 9 9950X 16-Core Processor,c++ (Ubuntu 15.2.0-4ubuntu4) 15.2.0,CMAKE_CXX_FLAGS:STRING= CMAKE_CXX_FLAGS_RELEASE:STRING=-O3 -DNDEBUG,wikimedia_wikipedia_mxbai,/home/yunchih/code/simsearch/python/out/local_query_embeddings_1024.parquet,/home/yunchih/code/simsearch/python/query_embeddings/combined.jsonl,313,1024,100,10,two_step_RF10,53,0,0.003256,0.000651,0.003396,0.011541,0.001453,0.0213,0.25111553767168043,0.19047619047619047,313
0bbeb0653a569e5394ac94a502549b079f7a055c,meow1,AMD Ryzen 9 9950X 16-Core Processor,c++ (Ubuntu 15.2.0-4ubuntu4) 15.2.0,CMAKE_CXX_FLAGS:STRING= CMAKE_CXX_FLAGS_RELEASE:STRING=-O3 -DNDEBUG,wikimedia_wikipedia_mxbai,/home/yunchih/code/simsearch/python/out/local_query_embeddings_1024.parquet,/home/yunchih/code/simsearch/python/query_embeddings/combined.jsonl,313,1024,100,50,two_step_RF50,53,0,0.000932,0.001122,0.003396,0.013886,0.001483,0.021871,0.25111553767168043,0.19047619047619047,313
0bbeb0653a569e5394ac94a502549b079f7a055c,meow1,AMD Ryzen 9 9950X 16-Core Processor,c++ (Ubuntu 15.2.0-4ubuntu4) 15.2.0,CMAKE_CXX_FLAGS:STRING= CMAKE_CXX_FLAGS_RELEASE:STRING=-O3 -DNDEBUG,wikimedia_wikipedia_mxbai,/home/yunchih/code/simsearch/python/out/local_query_embeddings_1024.parquet,/home/yunchih/code/simsearch/python/query_embeddings/combined.jsonl,313,1024,100,10,two_step_mf_RF10,53,0,0.003296,0.000681,0.003377,0.087344,0.001363,0.097032,0.25111553767168043,0.19047619047619047,313
0bbeb0653a569e5394ac94a502549b079f7a055c,meow1,AMD Ryzen 9 9950X 16-Core Processor,c++ (Ubuntu 15.2.0-4ubuntu4) 15.2.0,CMAKE_CXX_FLAGS:STRING= CMAKE_CXX_FLAGS_RELEASE:STRING=-O3 -DNDEBUG,wikimedia_wikipedia_mxbai,/home/yunchih/code/simsearch/python/out/local_query_embeddings_1024.parquet,/home/yunchih/code/simsearch/python/query_embeddings/combined.jsonl,313,1024,100,50,two_step_mf_RF50,53,0,0.001082,0.000681,0.003396,0.086763,0.001382,0.094197,0.25111553767168043,0.19047619047619047,313
0bbeb0653a569e5394ac94a502549b079f7a055c,meow1,AMD Ryzen 9 9950X 16-Core Processor,c++ (Ubuntu 15.2.0-4ubuntu4) 15.2.0,CMAKE_CXX_FLAGS:STRING= CMAKE_CXX_FLAGS_RELEASE:STRING=-O3 -DNDEBUG,wikimedia_wikipedia_mxbai,/home/yunchih/code/simsearch/python/out/local_query_embeddings_1024.parquet,/home/yunchih/code/simsearch/python/query_embeddings/combined.jsonl,313,1024,100,0,float32_avx2,54,0,0.0,0.0,0.0,0.0,0.0,0.011,1.0000000000000004,1.0,100
0bbeb0653a569e5394ac94a502549b079f7a055c,meow1,AMD Ryzen 9 9950X 16-Core Processor,c++ (Ubuntu 15.2.0-4ubuntu4) 15.2.0,CMAKE_CXX_FLAGS:STRING= CMAKE_CXX_FLAGS_RELEASE:STRING=-O3 -DNDEBUG,wikimedia_wikipedia_mxbai,/home/yunchih/code/simsearch/python/out/local_query_embeddings_1024.parquet,/home/yunchih/code/simsearch/python/query_embeddings/combined.jsonl,313,1024,100,0,binary,54,0,0.003326,0.000691,0.001031,0.0,0.0,0.005751,1.0000000000000004,1.0,100
0bbeb0653a569e5394ac94a502549b079f7a055c,meow1,AMD Ryzen 9 9950X 16-Core Processor,c++ (Ubuntu 15.2.0-4ubuntu4) 15.2.0,CMAKE_CXX_FLAGS:STRING= CMAKE_CXX_FLAGS_RELEASE:STRING=-O3 -DNDEBUG,wikimedia_wikipedia_mxbai,/home/yunchih/code/simsearch/python/out/local_query_embeddings_1024.parquet,/home/yunchih/code/simsearch/python/query_embeddings/combined.jsonl,313,1024,100,10,two_step_RF10,54,0,0.003306,0.000632,0.003356,0.011571,0.001413,0.02125,0.25111553767168043,0.19047619047619047,313
0bbeb0653a569e5394ac94a502549b079f7a055c,meow1,AMD Ryzen 9 9950X 16-Core Processor,c++ (Ubuntu 15.2.0-4ubuntu4) 15.2.0,CMAKE_CXX_FLAGS:STRING= CMAKE_CXX_FLAGS_RELEASE:STRING=-O3 -DNDEBUG,wikimedia_wikipedia_mxbai,/home/yunchih/code/simsearch/python/out/local_query_embeddings_1024.parquet,/home/yunchih/code/simsearch/python/query_embeddings/combined.jsonl,313,1024,100,50,two_step_RF50,54,0,0.000731,0.000692,0.003406,0.011461,0.001453,0.018765,0.25111553767168043,0.19047619047619047,313
0bbeb0653a569e5394ac94a502549b079f7a055c,meow1,AMD Ryzen 9 9950X 16-Core Processor,c++ (Ubuntu 15.2.0-4ubuntu4) 15.2.0,CMAKE_CXX_FLAGS:STRING= CMAKE_CXX_FLAGS_RELEASE:STRING=-O3 -DNDEBUG,wikimedia_wikipedia_mxbai,/home/yunchih/code/simsearch/python/out/local_query_embeddings_1024.parquet,/home/yunchih/code/simsearch/python/query_embeddings/combined.jsonl,313,1024,100,10,two_step_mf_RF10,54,0,0.003306,0.000701,0.003387,0.087344,0.001393,0.097062,0.25111553767168043,0.19047619047619047,313
0bbeb0653a569e5394ac94a502549b079f7a055c,meow1,AMD Ryzen 9 9950X 16-Core Processor,c++ (Ubuntu 15.2.0-4ubuntu4) 15.2.0,CMAKE_CXX_FLAGS:STRING= CMAKE_CXX_FLAGS_RELEASE:STRING=-O3 -DNDEBUG,wikimedia_wikipedia_mxbai,/home/yunchih/code/simsearch/python/out/local_query_embeddings_1024.parquet,/home/yunchih/code/simsearch/python/query_embeddings/combined.jsonl,313,1024,100,50,two_step_mf_RF50,54,0,0.000912,0.000681,0.003386,0.086733,0.001392,0.093966,0.25111553767168043,0.19047619047619047,313
0bbeb0653a569e5394ac94a502549b079f7a055c,meow1,AMD Ryzen 9 9950X 16-Core Processor,c++ (Ubuntu 15.2.0-4ubuntu4) 15.2.0,CMAKE_CXX_FLAGS:STRING= CMAKE_CXX_FLAGS_RELEASE:STRING=-O3 -DNDEBUG,wikimedia_wikipedia_mxbai,/home/yunchih/code/simsearch/python/out/local_query_embeddings_1024.parquet,/home/yunchih/code/simsearch/python/query_embeddings/combined.jsonl,313,1024,100,0,float32_avx2,55,0,0.0,0.0,0.0,0.0,0.0,0.012,1.0000000000000004,1.0,100
0bbeb0653a569e5394ac94a502549b079f7a055c,meow1,AMD Ryzen 9 9950X 16-Core Processor,c++ (Ubuntu 15.2.0-4ubuntu4) 15.2.0,CMAKE_CXX_FLAGS:STRING= CMAKE_CXX_FLAGS_RELEASE:STRING=-O3 -DNDEBUG,wikimedia_wikipedia_mxbai,/home/yunchih/code/simsearch/python/out/local_query_embeddings_1024.parquet,/home/yunchih/code/simsearch/python/query_embeddings/combined.jsonl,313,1024,100,0,binary,55,0,0.003507,0.000671,0.001002,0.0,0.0,0.005931,1.0000000000000004,1.0,100
0bbeb0653a569e5394ac94a502549b079f7a055c,meow1,AMD Ryzen 9 9950X 16-Core Processor,c++ (Ubuntu 15.2.0-4ubuntu4) 15.2.0,CMAKE_CXX_FLAGS:STRING= CMAKE_CXX_FLAGS_RELEASE:STRING=-O3 -DNDEBUG,wikimedia_wikipedia_mxbai,/home/yunchih/code/simsearch/python/out/local_query_embeddings_1024.parquet,/home/yunchih/code/simsearch/python/query_embeddings/combined.jsonl,313,1024,100,10,two_step_RF10,55,0,0.003146,0.000651,0.003397,0.011562,0.001443,0.0212,0.25111553767168043,0.19047619047619047,313
0bbeb0653a569e5394ac94a502549b079f7a055c,meow1,AMD Ryzen 9 9950X 16-Core Processor,c++ (Ubuntu 15.2.0-4ubuntu4) 15.2.0,CMAKE_CXX_FLAGS:STRING= CMAKE_CXX_FLAGS_RELEASE:STRING=-O3 -DNDEBUG,wikimedia_wikipedia_mxbai,/home/yunchih/code/simsearch/python/out/local_query_embeddings_1024.parquet,/home/yunchih/code/simsearch/python/query_embeddings/combined.jsonl,313,1024,100,50,two_step_RF50,55,0,0.000902,0.000681,0.003417,0.011382,0.001412,0.018885,0.25111553767168043,0.19047619047619047,313
0bbeb0653a569e5394ac94a502549b079f7a055c,meow1,AMD Ryzen 9 9950X 16-Core Processor,c++ (Ubuntu 15.2.0-4ubuntu4) 15.2.0,CMAKE_CXX_FLAGS:STRING= CMAKE_CXX_FLAGS_RELEASE:STRING=-O3 -DNDEBUG,wikimedia_wikipedia_mxbai,/home/yunchih/code/simsearch/python/out/local_query_embeddings_1024.parquet,/home/yunchih/code/simsearch/python/query_embeddings/combined.jsonl,313,1024,100,10,two_step_mf_RF10,55,0,0.003456,0.000702,0.003376,0.087395,0.001422,0.097302,0.25111553767168043,0.19047619047619047,313
0bbeb0653a569e5394ac94a502549b079f7a055c,meow1,AMD Ryzen 9 9950X 16-Core Processor,c++ (Ubuntu 15.2.0-4ubuntu4) 15.2.0,CMAKE_CXX_FLAGS:STRING= CMAKE_CXX_FLAGS_RELEASE:STRING=-O3 -DNDEBUG,wikimedia_wikipedia_mxbai,/home/yunchih/code/simsearch/python/out/local_query_embeddings_1024.parquet,/home/yunchih/code/simsearch/python/query_embeddings/combined.jsonl,313,1024,100,50,two_step_mf_RF50,55,0,0.001452,0.000662,0.003426,0.086753,0.001382,0.094567,0.25111553767168043,0.19047619047619047,313
0bbeb0653a569e5394ac94a502549b079f7a055c,meow1,AMD Ryzen 9 9950X 16-Core Processor,c++ (Ubuntu 15.2.0-4ubuntu4) 15.2.0,CMAKE_CXX_FLAGS:STRING= CMAKE_CXX_FLAGS_RELEASE:STRING=-O3 -DNDEBUG,wikimedia_wikipedia_mxbai,/home/yunchih/code/simsearch/python/out/local_query_embeddings_1024.parquet,/home/yunchih/code/simsearch/python/query_embeddings/combined.jsonl,313,1024,100,0,float32_avx2,56,0,0.0,0.0,0.0,0.0,0.0,0.011,1.0000000000000004,1.0,100
0bbeb0653a569e5394ac94a502549b079f7a055c,meow1,AMD Ryzen 9 9950X 16-Core Processor,c++ (Ubuntu 15.2.0-4ubuntu4) 15.2.0,CMAKE_CXX_FLAGS:STRING= CMAKE_CXX_FLAGS_RELEASE:STRING=-O3 -DNDEBUG,wikimedia_wikipedia_mxbai,/home/yunchih/code/simsearch/python/out/local_query_embeddings_1024.parquet,/home/yunchih/code/simsearch/python/query_embeddings/combined.jsonl,313,1024,100,0,binary,56,0,0.003397,0.000691,0.001032,0.0,0.0,0.005831,1.0000000000000004,1.0,100
0bbeb0653a569e5394ac94a502549b079f7a055c,meow1,AMD Ryzen 9 9950X 16-Core Processor,c++ (Ubuntu 15.2.0-4ubuntu4) 15.2.0,CMAKE_CXX_FLAGS:STRING= CMAKE_CXX_FLAGS_RELEASE:STRING=-O3 -DNDEBUG,wikimedia_wikipedia_mxbai,/home/yunchih/code/simsearch/python/out/local_query_embeddings_1024.parquet,/home/yunchih/code/simsearch/python/query_embeddings/combined.jsonl,313,1024,100,10,two_step_RF10,56,0,0.003336,0.000661,0.003386,0.011551,0.001413,0.02134,0.25111553767168043,0.19047619047619047,313
0bbeb0653a569e5394ac94a502549b079f7a055c,meow1,AMD Ryzen 9 9950X 16-Core Processor,c++ (Ubuntu 15.2.0-4ubuntu4) 15.2.0,CMAKE_CXX_FLAGS:STRING= CMAKE_CXX_FLAGS_RELEASE:STRING=-O3 -DNDEBUG,wikimedia_wikipedia_mxbai,/home/yunchih/code/simsearch/python/out/local_query_embeddings_1024.parquet,/home/yunchih/code/simsearch/python/query_embeddings/combined.jsonl,313,1024,100,50,two_step_RF50,56,0,0.000821,0.000692,0.003416,0.011431,0.001503,0.018895,0.25111553767168043,0.19047619047619047,313
0bbeb0653a569e5394ac94a502549b079f7a055c,meow1,AMD Ryzen 9 9950X 16-Core Processor,c++ (Ubuntu 15.2.0-4ubuntu4) 15.2.0,CMAKE_CXX_FLAGS:STRING= CMAKE_CXX_FLAGS_RELEASE:STRING=-O3 -DNDEBUG,wikimedia_wikipedia_mxbai,/home/yunchih/code/simsearch/python/out/local_query_embeddings_1024.parquet,/home/yunchih/code/simsearch/python/query_embeddings/combined.jsonl,313,1024,100,10,two_step_mf_RF10,56,0,0.003396,0.000692,0.003386,0.090681,0.001402,0.100509,0.25111553767168043,0.19047619047619047,313
0bbeb0653a569e5394ac94a502549b079f7a055c,meow1,AMD Ryzen 9 9950X 16-Core Processor,c++ (Ubuntu 15.2.0-4ubuntu4) 15.2.0,CMAKE_CXX_FLAGS:STRING= CMAKE_CXX_FLAGS_RELEASE:STRING=-O3 -DNDEBUG,wikimedia_wikipedia_mxbai,/home/yunchih/code/simsearch/python/out/local_query_embeddings_1024.parquet,/home/yunchih/code/simsearch/python/query_embeddings/combined.jsonl,313,1024,100,50,two_step_mf_RF50,56,0,0.001944,0.000651,0.003387,0.086803,0.001383,0.095049,0.25111553767168043,0.19047619047619047,313
0bbeb0653a569e5394ac94a502549b079f7a055c,meow1,AMD Ryzen 9 9950X 16-Core Processor,c++ (Ubuntu 15.2.0-4ubuntu4) 15.2.0,CMAKE_CXX_FLAGS:STRING= CMAKE_CXX_FLAGS_RELEASE:STRING=-O3 -DNDEBUG,wikimedia_wikipedia_mxbai,/home/yunchih/code/simsearch/python/out/local_query_embeddings_1024.parquet,/home/yunchih/code/simsearch/python/query_embeddings/combined.jsonl,313,1024,100,0,float32_avx2,57,0,0.0,0.0,0.0,0.0,0.0,0.011,1.0000000000000004,1.0,100
0bbeb0653a569e5394ac94a502549b079f7a055c,meow1,AMD Ryzen 9 9950X 16-Core Processor,c++ (Ubuntu 15.2.0-4ubuntu4) 15.2.0,CMAKE_CXX_FLAGS:STRING= CMAKE_CXX_FLAGS_RELEASE:STRING=-O3 -DNDEBUG,wikimedia_wikipedia_mxbai,/home/yunchih/code/simsearch/python/out/local_query_embeddings_1024.parquet,/home/yunchih/code/simsearch/python/query_embeddings/combined.jsonl,313,1024,100,0,binary,57,0,0.003386,0.000692,0.001052,0.0,0.0,0.005881,1.0000000000000004,1.0,100
0bbeb0653a569e5394ac94a502549b079f7a055c,meow1,AMD Ryzen 9 9950X 16-Core Processor,c++ (Ubuntu 15.2.0-4ubuntu4) 15.2.0,CMAKE_CXX_FLAGS:STRING= CMAKE_CXX_FLAGS_RELEASE:STRING=-O3 -DNDEBUG,wikimedia_wikipedia_mxbai,/home/yunchih/code/simsearch/python/out/local_query_embeddings_1024.parquet,/home/yunchih/code/simsearch/python/query_embeddings/combined.jsonl,313,1024,100,10,two_step_RF10,57,0,0.003246,0.000651,0.003376,0.011522,0.001373,0.02117,0.25111553767168043,0.19047619047619047,313
0bbeb0653a569e5394ac94a502549b079f7a055c,meow1,AMD Ryzen 9 9950X 16-Core Processor,c++ (Ubuntu 15.2.0-4ubuntu4) 15.2.0,CMAKE_CXX_FLAGS:STRING= CMAKE_CXX_FLAGS_RELEASE:STRING=-O3 -DNDEBUG,wikimedia_wikipedia_mxbai,/home/yunchih/code/simsearch/python/out/local_query_embeddings_1024.parquet,/home/yunchih/code/simsearch/python/query_embeddings/combined.jsonl,313,1024,100,50,two_step_RF50,57,0,0.000782,0.000701,0.003417,0.011462,0.001432,0.018886,0.25111553767168043,0.19047619047619047,313
0bbeb0653a569e5394ac94a502549b079f7a055c,meow1,AMD Ryzen 9 9950X 16-Core Processor,c++ (Ubuntu 15.2.0-4ubuntu4) 15.2.0,CMAKE_CXX_FLAGS:STRING= CMAKE_CXX_FLAGS_RELEASE:STRING=-O3 -DNDEBUG,wikimedia_wikipedia_mxbai,/home/yunchih/code/simsearch/python/out/local_query_embeddings_1024.parquet,/home/yunchih/code/simsearch/python/query_embeddings/combined.jsonl,313,1024,100,10,two_step_mf_RF10,57,0,0.003376,0.000702,0.003376,0.087484,0.001453,0.097383,0.25111553767168043,0.19047619047619047,313
0bbeb0653a569e5394ac94a502549b079f7a055c,meow1,AMD Ryzen 9 9950X 16-Core Processor,c++ (Ubuntu 15.2.0-4ubuntu4) 15.2.0,CMAKE_CXX_FLAGS:STRING= CMAKE_CXX_FLAGS_RELEASE:STRING=-O3 -DNDEBUG,wikimedia_wikipedia_mxbai,/home/yunchih/code/simsearch/python/out/local_query_embeddings_1024.parquet,/home/yunchih/code/simsearch/python/query_embeddings/combined.jsonl,313,1024,100,50,two_step_mf_RF50,57,0,0.001142,0.000661,0.003387,0.086793,0.001423,0.094287,0.25111553767168043,0.19047619047619047,313
0bbeb0653a569e5394ac94a502549b079f7a055c,meow1,AMD Ryzen 9 9950X 16-Core Processor,c++ (Ubuntu 15.2.0-4ubuntu4) 15.2.0,CMAKE_CXX_FLAGS:STRING= CMAKE_CXX_FLAGS_RELEASE:STRING=-O3 -DNDEBUG,wikimedia_wikipedia_mxbai,/home/yunchih/code/simsearch/python/out/local_query_embeddings_1024.parquet,/home/yunchih/code/simsearch/python/query_embeddings/combined.jsonl,313,1024,100,0,float32_avx2,58,0,0.0,0.0,0.0,0.0,0.0,0.011,1.0000000000000004,1.0,100
0bbeb0653a569e5394ac94a502549b079f7a055c,meow1,AMD Ryzen 9 9950X 16-Core Processor,c++ (Ubuntu 15.2.0-4ubuntu4) 15.2.0,CMAKE_CXX_FLAGS:STRING= CMAKE_CXX_FLAGS_RELEASE:STRING=-O3 -DNDEBUG,wikimedia_wikipedia_mxbai,/home/yunchih/code/simsearch/python/out/local_query_embeddings_1024.parquet,/home/yunchih/code/simsearch/python/query_embeddings/combined.jsonl,313,1024,100,0,binary,58,0,0.003376,0.000681,0.001032,0.0,0.0,0.005811,1.0000000000000004,1.0,100
0bbeb0653a569e5394ac94a502549b079f7a055c,meow1,AMD Ryzen 9 9950X 16-Core Processor,c++ (Ubuntu 15.2.0-4ubuntu4) 15.2.0,CMAKE_CXX_FLAGS:STRING= CMAKE_CXX_FLAGS_RELEASE:STRING=-O3 -DNDEBUG,wikimedia_wikipedia_mxbai,/home/yunchih/code/simsearch/python/out/local_query_embeddings_1024.parquet,/home/yunchih/code/simsearch/python/query_embeddings/combined.jsonl,313,1024,100,10,two_step_RF10,58,0,0.003196,0.000641,0.003396,0.011602,0.001463,0.02124,0.25111553767168043,0.19047619047619047,313
0bbeb0653a569e5394ac94a502549b079f7a055c,meow1,AMD Ryzen 9 9950X 16-Core Processor,c++ (Ubuntu 15.2.0-4ubuntu4) 15.2.0,CMAKE_CXX_FLAGS:STRING= CMAKE_CXX_FLAGS_RELEASE:STRING=-O3 -DNDEBUG,wikimedia_wikipedia_mxbai,/home/yunchih/code/simsearch/python/out/local_query_embeddings_1024.parquet,/home/yunchih/code/simsearch/python/query_embeddings/combined.jsonl,313,1024,100,50,two_step_RF50,58,0,0.000851,0.000692,0.003386,0.011461,0.001433,0.018855,0.25111553767168043,0.19047619047619047,313
0bbeb0653a569e5394ac94a502549b079f7a055c,meow1,AMD Ryzen 9 9950X 16-Core Processor,c++ (Ubuntu 15.2.0-4ubuntu4) 15.2.0,CMAKE_CXX_FLAGS:STRING= CMAKE_CXX_FLAGS_RELEASE:STRING=-O3 -DNDEBUG,wikimedia_wikipedia_mxbai,/home/yunchih/code/simsearch/python/out/local_query_embeddings_1024.parquet,/home/yunchih/code/simsearch/python/query_embeddings/combined.jsonl,313,1024,100,10,two_step_mf_RF10,58,0,0.003226,0.000691,0.003377,0.087324,0.001433,0.096972,0.25111553767168043,0.19047619047619047,313
0bbeb0653a569e5394ac94a502549b079f7a055c,meow1,AMD Ryzen 9 9950X 16-Core Processor,c++ (Ubuntu 15.2.0-4ubuntu4) 15.2.0,CMAKE_CXX_FLAGS:STRING= CMAKE_CXX_FLAGS_RELEASE:STRING=-O3 -DNDEBUG,wikimedia_wikipedia_mxbai,/home/yunchih/code/simsearch/python/out/local_query_embeddings_1024.parquet,/home/yunchih/code/simsearch/python/query_embeddings/combined.jsonl,313,1024,100,50,two_step_mf_RF50,58,0,0.001042,0.000662,0.003396,0.086723,0.001343,0.094037,0.25111553767168043,0.19047619047619047,313
0bbeb0653a569e5394ac94a502549b079f7a055c,meow1,AMD Ryzen 9 9950X 16-Core Processor,c++ (Ubuntu 15.2.0-4ubuntu4) 15.2.0,CMAKE_CXX_FLAGS:STRING= CMAKE_CXX_FLAGS_RELEASE:STRING=-O3 -DNDEBUG,wikimedia_wikipedia_mxbai,/home/yunchih/code/simsearch/python/out/local_query_embeddings_1024.parquet,/home/yunchih/code/simsearch/python/query_embeddings/combined.jsonl,313,1024,100,0,float32_avx2,59,0,0.0,0.0,0.0,0.0,0.0,0.011,1.0000000000000004,1.0,100
0bbeb0653a569e5394ac94a502549b079f7a055c,meow1,AMD Ryzen 9 9950X 16-Core Processor,c++ (Ubuntu 15.2.0-4ubuntu4) 15.2.0,CMAKE_CXX_FLAGS:STRING= CMAKE_CXX_FLAGS_RELEASE:STRING=-O3 -DNDEBUG,wikimedia_wikipedia_mxbai,/home/yunchih/code/simsearch/python/out/local_query_embeddings_1024.parquet,/home/yunchih/code/simsearch/python/query_embeddings/combined.jsonl,313,1024,100,0,binary,59,0,0.003536,0.000692,0.001012,0.0,0.0,0.005981,1.0000000000000004,1.0,100
0bbeb0653a569e5394ac94a502549b079f7a055c,meow1,AMD Ryzen 9 9950X 16-Core Processor,c++ (Ubuntu 15.2.0-4ubuntu4) 15.2.0,CMAKE_CXX_FLAGS:STRING= CMAKE_CXX_FLAGS_RELEASE:STRING=-O3 -DNDEBUG,wikimedia_wikipedia_mxbai,/home/yunchih/code/simsearch/python/out/local_query_embeddings_1024.parquet,/home/yunchih/code/simsearch/python/query_embeddings/combined.jsonl,313,1024,100,10,two_step_RF10,59,0,0.003376,0.000651,0.003376,0.011481,0.001403,0.02127,0.25111553767168043,0.19047619047619047,313
0bbeb0653a569e5394ac94a502549b079f7a055c,meow1,AMD Ryzen 9 9950X 16-Core Processor,c++ (Ubuntu 15.2.0-4ubuntu4) 15.2.0,CMAKE_CXX_FLAGS:STRING= CMAKE_CXX_FLAGS_RELEASE:STRING=-O3 -DNDEBUG,wikimedia_wikipedia_mxbai,/home/yunchih/code/simsearch/python/out/local_query_embeddings_1024.parquet,/home/yunchih/code/simsearch/python/query_embeddings/combined.jsonl,313,1024,100,50,two_step_RF50,59,0,0.000761,0.000682,0.003416,0.011441,0.001463,0.018805,0.25111553767168043,0.19047619047619047,313
0bbeb0653a569e5394ac94a502549b079f7a055c,meow1,AMD Ryzen 9 9950X 16-Core Processor,c++ (Ubuntu 15.2.0-4ubuntu4) 15.2.0,CMAKE_CXX_FLAGS:STRING= CMAKE_CXX_FLAGS_RELEASE:STRING=-O3 -DNDEBUG,wikimedia_wikipedia_mxbai,/home/yunchih/code/simsearch/python/out/local_query_embeddings_1024.parquet,/home/yunchih/code/simsearch/python/query_embeddings/combined.jsonl,313,1024,100,10,two_step_mf_RF10,59,0,0.003336,0.000692,0.003356,0.087354,0.001363,0.097072,0.25111553767168043,0.19047619047619047,313
0bbeb0653a569e5394ac94a502549b079f7a055c,meow1,AMD Ryzen 9 9950X 16-Core Processor,c++ (Ubuntu 15.2.0-4ubuntu4) 15.2.0,CMAKE_CXX_FLAGS:STRING= CMAKE_CXX_FLAGS_RELEASE:STRING=-O3 -DNDEBUG,wikimedia_wikipedia_mxbai,/home/yunchih/code/simsearch/python/out/local_query_embeddings_1024.parquet,/home/yunchih/code/simsearch/python/query_embeddings/combined.jsonl,313,1024,100,50,two_step_mf_RF50,59,0,0.001132,0.000672,0.003396,0.089739,0.001413,0.097243,0.25111553767168043,0.19047619047619047,313
0bbeb0653a569e5394ac94a502549b079f7a055c,meow1,AMD Ryzen 9 9950X 16-Core Processor,c++ (Ubuntu 15.2.0-4ubuntu4) 15.2.0,CMAKE_CXX_FLAGS:STRING= CMAKE_CXX_FLAGS_RELEASE:STRING=-O3 -DNDEBUG,wikimedia_wikipedia_mxbai,/home/yunchih/code/simsearch/python/out/local_query_embeddings_1024.parquet,/home/yunchih/code/simsearch/python/query_embeddings/combined.jsonl,313,1024,100,0,float32_avx2,60,0,0.0,0.0,0.0,0.0,0.0,0.012,1.0000000000000004,1.0,100
0bbeb0653a569e5394ac94a502549b079f7a055c,meow1,AMD Ryzen 9 9950X 16-Core Processor,c++ (Ubuntu 15.2.0-4ubuntu4) 15.2.0,CMAKE_CXX_FLAGS:STRING= CMAKE_CXX_FLAGS_RELEASE:STRING=-O3 -DNDEBUG,wikimedia_wikipedia_mxbai,/home/yunchih/code/simsearch/python/out/local_query_embeddings_1024.parquet,/home/yunchih/code/simsearch/python/query_embeddings/combined.jsonl,313,1024,100,0,binary,60,0,0.003377,0.000661,0.001052,0.0,0.0,0.005801,1.0000000000000004,1.0,100
0bbeb0653a569e5394ac94a502549b079f7a055c,meow1,AMD Ryzen 9 9950X 16-Core Processor,c++ (Ubuntu 15.2.0-4ubuntu4) 15.2.0,CMAKE_CXX_FLAGS:STRING= CMAKE_CXX_FLAGS_RELEASE:STRING=-O3 -DNDEBUG,wikimedia_wikipedia_mxbai,/home/yunchih/code/simsearch/python/out/local_query_embeddings_1024.parquet,/home/yunchih/code/simsearch/python/query_embeddings/combined.jsonl,313,1024,100,10,two_step_RF10,60,0,0.003156,0.000661,0.003397,0.011572,0.001443,0.02119,0.25111553767168043,0.19047619047619047,313
0bbeb0653a569e5394ac94a502549b079f7a055c,meow1,AMD Ryzen 9 9950X 16-Core Processor,c++ (Ubuntu 15.2.0-4ubuntu4) 15.2.0,CMAKE_CXX_FLAGS:STRING= CMAKE_CXX_FLAGS_RELEASE:STRING=-O3 -DNDEBUG,wikimedia_wikipedia_mxbai,/home/yunchih/code/simsearch/python/out/local_query_embeddings_1024.parquet,/home/yunchih/code/simsearch/python/query_embeddings/combined.jsonl,313,1024,100,50,two_step_RF50,60,0,0.000892,0.000691,0.003406,0.011391,0.001432,0.018845,0.25111553767168043,0.19047619047619047,313
0bbeb0653a569e5394ac94a502549b079f7a055c,meow1,AMD Ryzen 9 9950X 16-Core Processor,c++ (Ubuntu 15.2.0-4ubuntu4) 15.2.0,CMAKE_CXX_FLAGS:STRING= CMAKE_CXX_FLAGS_RELEASE:STRING=-O3 -DNDEBUG,wikimedia_wikipedia_mxbai,/home/yunchih/code/simsearch/python/out/local_query_embeddings_1024.parquet,/home/yunchih/code/simsearch/python/query_embeddings/combined.jsonl,313,1024,100,10,two_step_mf_RF10,60,0,0.003236,0.000692,0.003376,0.087535,0.001312,0.097062,0.25111553767168043,0.19047619047619047,313
0bbeb0653a569e5394ac94a502549b079f7a055c,meow1,AMD Ryzen 9 9950X 16-Core Processor,c++ (Ubuntu 15.2.0-4ubuntu4) 15.2.0,CMAKE_CXX_FLAGS:STRING= CMAKE_CXX_FLAGS_RELEASE:STRING=-O3 -DNDEBUG,wikimedia_wikipedia_mxbai,/home/yunchih/code/simsearch/python/out/local_query_embeddings_1024.parquet,/home/yunchih/code/simsearch/python/query_embeddings/combined.jsonl,313,1024,100,50,two_step_mf_RF50,60,0,0.000911,0.000652,0.003406,0.086753,0.001453,0.094036,0.25111553767168043,0.19047619047619047,313
0bbeb0653a569e5394ac94a502549b079f7a055c,meow1,AMD Ryzen 9 9950X 16-Core Processor,c++ (Ubuntu 15.2.0-4ubuntu4) 15.2.0,CMAKE_CXX_FLAGS:STRING= CMAKE_CXX_FLAGS_RELEASE:STRING=-O3 -DNDEBUG,wikimedia_wikipedia_mxbai,/home/yunchih/code/simsearch/python/out/local_query_embeddings_1024.parquet,/home/yunchih/code/simsearch/python/query_embeddings/combined.jsonl,313,1024,100,0,float32_avx2,61,0,0.0,0.0,0.0,0.0,0.0,0.011,1.0000000000000004,1.0,100
0bbeb0653a569e5394ac94a502549b079f7a055c,meow1,AMD Ryzen 9 9950X 16-Core Processor,c++ (Ubuntu 15.2.0-4ubuntu4) 15.2.0,CMAKE_CXX_FLAGS:STRING= CMAKE_CXX_FLAGS_RELEASE:STRING=-O3 -DNDEBUG,wikimedia_wikipedia_mxbai,/home/yunchih/code/simsearch/python/out/local_query_embeddings_1024.parquet,/home/yunchih/code/simsearch/python/query_embeddings/combined.jsonl,313,1024,100,0,binary,61,0,0.003426,0.000692,0.001022,0.0,0.0,0.005891,1.0000000000000004,1.0,100
0bbeb0653a569e5394ac94a502549b079f7a055c,meow1,AMD Ryzen 9 9950X 16-Core Processor,c++ (Ubuntu 15.2.0-4ubuntu4) 15.2.0,CMAKE_CXX_FLAGS:STRING= CMAKE_CXX_FLAGS_RELEASE:STRING=-O3 -DNDEBUG,wikimedia_wikipedia_mxbai,/home/yunchih/code/simsearch/python/out/local_query_embeddings_1024.parquet,/home/yunchih/code/simsearch/python/query_embeddings/combined.jsonl,313,1024,100,10,two_step_RF10,61,0,0.005661,0.000641,0.003366,0.011572,0.001442,0.023674,0.25111553767168043,0.19047619047619047,313
0bbeb0653a569e5394ac94a502549b079f7a055c,meow1,AMD Ryzen 9 9950X 16-Core Processor,c++ (Ubuntu 15.2.0-4ubuntu4) 15.2.0,CMAKE_CXX_FLAGS:STRING= CMAKE_CXX_FLAGS_RELEASE:STRING=-O3 -DNDEBUG,wikimedia_wikipedia_mxbai,/home/yunchih/code/simsearch/python/out/local_query_embeddings_1024.parquet,/home/yunchih/code/simsearch/python/query_embeddings/combined.jsonl,313,1024,100,50,two_step_RF50,61,0,0.001022,0.000681,0.003396,0.011431,0.001433,0.019016,0.25111553767168043,0.19047619047619047,313
0bbeb0653a569e5394ac94a502549b079f7a055c,meow1,AMD Ryzen 9 9950X 16-Core Processor,c++ (Ubuntu 15.2.0-4ubuntu4) 15.2.0,CMAKE_CXX_FLAGS:STRING= CMAKE_CXX_FLAGS_RELEASE:STRING=-O3 -DNDEBUG,wikimedia_wikipedia_mxbai,/home/yunchih/code/simsearch/python/out/local_query_embeddings_1024.parquet,/home/yunchih/code/simsearch/python/query_embeddings/combined.jsonl,313,1024,100,10,two_step_mf_RF10,61,0,0.003356,0.000681,0.003396,0.087334,0.001392,0.097113,0.25111553767168043,0.19047619047619047,313
0bbeb0653a569e5394ac94a502549b079f7a055c,meow1,AMD Ryzen 9 9950X 16-Core Processor,c++ (Ubuntu 15.2.0-4ubuntu4) 15.2.0,CMAKE_CXX_FLAGS:STRING= CMAKE_CXX_FLAGS_RELEASE:STRING=-O3 -DNDEBUG,wikimedia_wikipedia_mxbai,/home/yunchih/code/simsearch/python/out/local_query_embeddings_1024.parquet,/home/yunchih/code/simsearch/python/query_embeddings/combined.jsonl,313,1024,100,50,two_step_mf_RF50,61,0,0.001001,0.000651,0.003446,0.086723,0.001462,0.094136,0.25111553767168043,0.19047619047619047,313
0bbeb0653a569e5394ac94a502549b079f7a055c,meow1,AMD Ryzen 9 9950X 16-Core Processor,c++ (Ubuntu 15.2.0-4ubuntu4) 15.2.0,CMAKE_CXX_FLAGS:STRING= CMAKE_CXX_FLAGS_RELEASE:STRING=-O3 -DNDEBUG,wikimedia_wikipedia_mxbai,/home/yunchih/code/simsearch/python/out/local_query_embeddings_1024.parquet,/home/yunchih/code/simsearch/python/query_embeddings/combined.jsonl,313,1024,100,0,float32_avx2,62,0,0.0,0.0,0.0,0.0,0.0,0.011,1.0000000000000004,1.0,100
0bbeb0653a569e5394ac94a502549b079f7a055c,meow1,AMD Ryzen 9 9950X 16-Core Processor,c++ (Ubuntu 15.2.0-4ubuntu4) 15.2.0,CMAKE_CXX_FLAGS:STRING= CMAKE_CXX_FLAGS_RELEASE:STRING=-O3 -DNDEBUG,wikimedia_wikipedia_mxbai,/home/yunchih/code/simsearch/python/out/local_query_embeddings_1024.parquet,/home/yunchih/code/simsearch/python/query_embeddings/combined.jsonl,313,1024,100,0,binary,62,0,0.003427,0.000691,0.001042,0.0,0.0,0.005871,1.0000000000000004,1.0,100
0bbeb0653a569e5394ac94a502549b079f7a055c,meow1,AMD Ryzen 9 9950X 16-Core Processor,c++ (Ubuntu 15.2.0-4ubuntu4) 15.2.0,CMAKE_CXX_FLAGS:STRING= CMAKE_CXX_FLAGS_RELEASE:STRING=-O3 -DNDEBUG,wikimedia_wikipedia_mxbai,/home/yunchih/code/simsearch/python/out/local_query_embeddings_1024.parquet,/home/yunchih/code/simsearch/python/query_embeddings/combined.jsonl,313,1024,100,10,two_step_RF10,62,0,0.003466,0.000661,0.003396,0.011632,0.001422,0.02155,0.25111553767168043,0.19047619047619047,313
0bbeb0653a569e5394ac94a502549b079f7a055c,meow1,AMD Ryzen 9 9950X 16-Core Processor,c++ (Ubuntu 15.2.0-4ubuntu4) 15.2.0,CMAKE_CXX_FLAGS:STRING= CMAKE_CXX_FLAGS_RELEASE:STRING=-O3 -DNDEBUG,wikimedia_wikipedia_mxbai,/home/yunchih/code/simsearch/python/out/local_query_embeddings_1024.parquet,/home/yunchih/code/simsearch/python/query_embeddings/combined.jsonl,313,1024,100,50,two_step_RF50,62,0,0.000972,0.000701,0.003396,0.011492,0.001443,0.019016,0.25111553767168043,0.19047619047619047,313
0bbeb0653a569e5394ac94a502549b079f7a055c,meow1,AMD Ryzen 9 9950X 16-Core Processor,c++ (Ubuntu 15.2.0-4ubuntu4) 15.2.0,CMAKE_CXX_FLAGS:STRING= CMAKE_CXX_FLAGS_RELEASE:STRING=-O3 -DNDEBUG,wikimedia_wikipedia_mxbai,/home/yunchih/code/simsearch/python/out/local_query_embeddings_1024.parquet,/home/yunchih/code/simsearch/python/query_embeddings/combined.jsonl,313,1024,100,10,two_step_mf_RF10,62,0,0.003246,0.000681,0.003387,0.087354,0.001403,0.097022,0.25111553767168043,0.19047619047619047,313
0bbeb0653a569e5394ac94a502549b079f7a055c,meow1,AMD Ryzen 9 9950X 16-Core Processor,c++ (Ubuntu 15.2.0-4ubuntu4) 15.2.0,CMAKE_CXX_FLAGS:STRING= CMAKE_CXX_FLAGS_RELEASE:STRING=-O3 -DNDEBUG,wikimedia_wikipedia_mxbai,/home/yunchih/code/simsearch/python/out/local_query_embeddings_1024.parquet,/home/yunchih/code/simsearch/python/query_embeddings/combined.jsonl,313,1024,100,50,two_step_mf_RF50,62,0,0.001202,0.000671,0.003437,0.086753,0.001433,0.094347,0.25111553767168043,0.19047619047619047,313
0bbeb0653a569e5394ac94a502549b079f7a055c,meow1,AMD Ryzen 9 9950X 16-Core Processor,c++ (Ubuntu 15.2.0-4ubuntu4) 15.2.0,CMAKE_CXX_FLAGS:STRING= CMAKE_CXX_FLAGS_RELEASE:STRING=-O3 -DNDEBUG,wikimedia_wikipedia_mxbai,/home/yunchih/code/simsearch/python/out/local_query_embeddings_1024.parquet,/home/yunchih/code/simsearch/python/query_embeddings/combined.jsonl,313,1024,100,0,float32_avx2,63,0,0.0,0.0,0.0,0.0,0.0,0.011,1.0000000000000004,1.0,100
0bbeb0653a569e5394ac94a502549b079f7a055c,meow1,AMD Ryzen 9 9950X 16-Core Processor,c++ (Ubuntu 15.2.0-4ubuntu4) 15.2.0,CMAKE_CXX_FLAGS:STRING= CMAKE_CXX_FLAGS_RELEASE:STRING=-O3 -DNDEBUG,wikimedia_wikipedia_mxbai,/home/yunchih/code/simsearch/python/out/local_query_embeddings_1024.parquet,/home/yunchih/code/simsearch/python/query_embeddings/combined.jsonl,313,1024,100,0,binary,63,0,0.003566,0.000691,0.001032,0.0,0.0,0.006041,1.0000000000000004,1.0,100
0bbeb0653a569e5394ac94a502549b079f7a055c,meow1,AMD Ryzen 9 9950X 16-Core Processor,c++ (Ubuntu 15.2.0-4ubuntu4) 15.2.0,CMAKE_CXX_FLAGS:STRING= CMAKE_CXX_FLAGS_RELEASE:STRING=-O3 -DNDEBUG,wikimedia_wikipedia_mxbai,/home/yunchih/code/simsearch/python/out/local_query_embeddings_1024.parquet,/home/yunchih/code/simsearch/python/query_embeddings/combined.jsonl,313,1024,100,10,two_step_RF10,63,0,0.003326,0.000652,0.003366,0.011441,0.001453,0.02125,0.25111553767168043,0.19047619047619047,313
0bbeb0653a569e5394ac94a502549b079f7a055c,meow1,AMD Ryzen 9 9950X 16-Core Processor,c++ (Ubuntu 15.2.0-4ubuntu4) 15.2.0,CMAKE_CXX_FLAGS:STRING= CMAKE_CXX_FLAGS_RELEASE:STRING=-O3 -DNDEBUG,wikimedia_wikipedia_mxbai,/home/yunchih/code/simsearch/python/out/local_query_embeddings_1024.parquet,/home/yunchih/code/simsearch/python/query_embeddings/combined.jsonl,313,1024,100,50,two_step_RF50,63,0,0.000922,0.000692,0.003406,0.011441,0.001423,0.018936,0.25111553767168043,0.19047619047619047,313
0bbeb0653a569e5394ac94a502549b079f7a055c,meow1,AMD Ryzen 9 9950X 16-Core Processor,c++ (Ubuntu 15.2.0-4ubuntu4) 15.2.0,CMAKE_CXX_FLAGS:STRING= CMAKE_CXX_FLAGS_RELEASE:STRING=-O3 -DNDEBUG,wikimedia_wikipedia_mxbai,/home/yunchih/code/simsearch/python/out/local_query_embeddings_1024.parquet,/home/yunchih/code/simsearch/python/query_embeddings/combined.jsonl,313,1024,100,10,two_step_mf_RF10,63,0,0.003386,0.000691,0.003417,0.087435,0.001432,0.097322,0.25111553767168043,0.19047619047619047,313
0bbeb0653a569e5394ac94a502549b079f7a055c,meow1,AMD Ryzen 9 9950X 16-Core Processor,c++ (Ubuntu 15.2.0-4ubuntu4) 15.2.0,CMAKE_CXX_FLAGS:STRING= CMAKE_CXX_FLAGS_RELEASE:STRING=-O3 -DNDEBUG,wikimedia_wikipedia_mxbai,/home/yunchih/code/simsearch/python/out/local_query_embeddings_1024.parquet,/home/yunchih/code/simsearch/python/query_embeddings/combined.jsonl,313,1024,100,50,two_step_mf_RF50,63,0,0.001092,0.000641,0.003396,0.086733,0.001412,0.094146,0.25111553767168043,0.19047619047619047,313
0bbeb0653a569e5394ac94a502549b079f7a055c,meow1,AMD Ryzen 9 9950X 16-Core Processor,c++ (Ubuntu 15.2.0-4ubuntu4) 15.2.0,CMAKE_CXX_FLAGS:STRING= CMAKE_CXX_FLAGS_RELEASE:STRING=-O3 -DNDEBUG,wikimedia_wikipedia_mxbai,/home/yunchih/code/simsearch/python/out/local_query_embeddings_1024.parquet,/home/yunchih/code/simsearch/python/query_embeddings/combined.jsonl,313,1024,100,0,float32_avx2,64,0,0.0,0.0,0.0,0.0,0.0,0.012,1.0000000000000004,1.0,100
0bbeb0653a569e5394ac94a502549b079f7a055c,meow1,AMD Ryzen 9 9950X 16-Core Processor,c++ (Ubuntu 15.2.0-4ubuntu4) 15.2.0,CMAKE_CXX_FLAGS:STRING= CMAKE_CXX_FLAGS_RELEASE:STRING=-O3 -DNDEBUG,wikimedia_wikipedia_mxbai,/home/yunchih/code/simsearch/python/out/local_query_embeddings_1024.parquet,/home/yunchih/code/simsearch/python/query_embeddings/combined.jsonl,313,1024,100,0,binary,64,0,0.003596,0.000692,0.001052,0.0,0.0,0.006051,1.0000000000000004,1.0,100
0bbeb0653a569e5394ac94a502549b079f7a055c,meow1,AMD Ryzen 9 9950X 16-Core Processor,c++ (Ubuntu 15.2.0-4ubuntu4) 15.2.0,CMAKE_CXX_FLAGS:STRING= CMAKE_CXX_FLAGS_RELEASE:STRING=-O3 -DNDEBUG,wikimedia_wikipedia_mxbai,/home/yunchih/code/simsearch/python/out/local_query_embeddings_1024.parquet,/home/yunchih/code/simsearch/python/query_embeddings/combined.jsonl,313,1024,100,10,two_step_RF10,64,0,0.003447,0.000641,0.003376,0.011582,0.001422,0.021431,0.25111553767168043,0.19047619047619047,313
0bbeb0653a569e5394ac94a502549b079f7a055c,meow1,AMD Ryzen 9 9950X 16-Core Processor,c++ (Ubuntu 15.2.0-4ubuntu4) 15.2.0,CMAKE_CXX_FLAGS:STRING= CMAKE_CXX_FLAGS_RELEASE:STRING=-O3 -DNDEBUG,wikimedia_wikipedia_mxbai,/home/yunchih/code/simsearch/python/out/local_query_embeddings_1024.parquet,/home/yunchih/code/simsearch/python/query_embeddings/combined.jsonl,313,1024,100,50,two_step_RF50,64,0,0.000702,0.000691,0.003407,0.011432,0.001432,0.018675,0.25111553767168043,0.19047619047619047,313
0bbeb0653a569e5394ac94a502549b079f7a055c,meow1,AMD Ryzen 9 9950X 16-Core Processor,c++ (Ubuntu 15.2.0-4ubuntu4) 15.2.0,CMAKE_CXX_FLAGS:STRING= CMAKE_CXX_FLAGS_RELEASE:STRING=-O3 -DNDEBUG,wikimedia_wikipedia_mxbai,/home/yunchih/code/simsearch/python/out/local_query_embeddings_1024.parquet,/home/yunchih/code/simsearch/python/query_embeddings/combined.jsonl,313,1024,100,10,two_step_mf_RF10,64,0,0.003376,0.000692,0.003396,0.091051,0.001392,0.100819,0.25111553767168043,0.19047619047619047,313
0bbeb0653a569e5394ac94a502549b079f7a055c,meow1,AMD Ryzen 9 9950X 16-Core Processor,c++ (Ubuntu 15.2.0-4ubuntu4) 15.2.0,CMAKE_CXX_FLAGS:STRING= CMAKE_CXX_FLAGS_RELEASE:STRING=-O3 -DNDEBUG,wikimedia_wikipedia_mxbai,/home/yunchih/code/simsearch/python/out/local_query_embeddings_1024.parquet,/home/yunchih/code/simsearch/python/query_embeddings/combined.jsonl,313,1024,100,50,two_step_mf_RF50,64,0,0.001182,0.000671,0.003366,0.086773,0.001332,0.094217,0.25111553767168043,0.19047619047619047,313
0bbeb0653a569e5394ac94a502549b079f7a055c,meow1,AMD Ryzen 9 9950X 16-Core Processor,c++ (Ubuntu 15.2.0-4ubuntu4) 15.2.0,CMAKE_CXX_FLAGS:STRING= CMAKE_CXX_FLAGS_RELEASE:STRING=-O3 -DNDEBUG,wikimedia_wikipedia_mxbai,/home/yunchih/code/simsearch/python/out/local_query_embeddings_1024.parquet,/home/yunchih/code/simsearch/python/query_embeddings/combined.jsonl,313,1024,100,0,float32_avx2,65,0,0.0,0.0,0.0,0.0,0.0,0.011,1.0000000000000004,1.0,100
0bbeb0653a569e5394ac94a502549b079f7a055c,meow1,AMD Ryzen 9 9950X 16-Core Processor,c++ (Ubuntu 15.2.0-4ubuntu4) 15.2.0,CMAKE_CXX_FLAGS:STRING= CMAKE_CXX_FLAGS_RELEASE:STRING=-O3 -DNDEBUG,wikimedia_wikipedia_mxbai,/home/yunchih/code/simsearch/python/out/local_query_embeddings_1024.parquet,/home/yunchih/code/simsearch/python/query_embeddings/combined.jsonl,313,1024,100,0,binary,65,0,0.003516,0.000692,0.001042,0.0,0.0,0.005971,1.0000000000000004,1.0,100
0bbeb0653a569e5394ac94a502549b079f7a055c,meow1,AMD Ryzen 9 9950X 16-Core Processor,c++ (Ubuntu 15.2.0-4ubuntu4) 15.2.0,CMAKE_CXX_FLAGS:STRING= CMAKE_CXX_FLAGS_RELEASE:STRING=-O3 -DNDEBUG,wikimedia_wikipedia_mxbai,/home/yunchih/code/simsearch/python/out/local_query_embeddings_1024.parquet,/home/yunchih/code/simsearch/python/query_embeddings/combined.jsonl,313,1024,100,10,two_step_RF10,65,0,0.003276,0.000661,0.003397,0.011502,0.001433,0.02128,0.25111553767168043,0.19047619047619047,313
0bbeb0653a569e5394ac94a502549b079f7a055c,meow1,AMD Ryzen 9 9950X 16-Core Processor,c++ (Ubuntu 15.2.0-4ubuntu4) 15.2.0,CMAKE_CXX_FLAGS:STRING= CMAKE_CXX_FLAGS_RELEASE:STRING=-O3 -DNDEBUG,wikimedia_wikipedia_mxbai,/home/yunchih/code/simsearch/python/out/local_query_embeddings_1024.parquet,/home/yunchih/code/simsearch/python/query_embeddings/combined.jsonl,313,1024,100,50,two_step_RF50,65,0,0.000831,0.000712,0.003446,0.011441,0.001463,0.018966,0.25111553767168043,0.19047619047619047,313
0bbeb0653a569e5394ac94a502549b079f7a055c,meow1,AMD Ryzen 9 9950X 16-Core Processor,c++ (Ubuntu 15.2.0-4ubuntu4) 15.2.0,CMAKE_CXX_FLAGS:STRING= CMAKE_CXX_FLAGS_RELEASE:STRING=-O3 -DNDEBUG,wikimedia_wikipedia_mxbai,/home/yunchih/code/simsearch/python/out/local_query_embeddings_1024.parquet,/home/yunchih/code/simsearch/python/query_embeddings/combined.jsonl,313,1024,100,10,two_step_mf_RF10,65,0,0.003256,0.000691,0.003396,0.087394,0.001392,0.097082,0.25111553767168043,0.19047619047619047,313
0bbeb0653a569e5394ac94a502549b079f7a055c,meow1,AMD Ryzen 9 9950X 16-Core Processor,c++ (Ubuntu 15.2.0-4ubuntu4) 15.2.0,CMAKE_CXX_FLAGS:STRING= CMAKE_CXX_FLAGS_RELEASE:STRING=-O3 -DNDEBUG,wikimedia_wikipedia_mxbai,/home/yunchih/code/simsearch/python/out/local_query_embeddings_1024.parquet,/home/yunchih/code/simsearch/python/query_embeddings/combined.jsonl,313,1024,100,50,two_step_mf_RF50,65,0,0.001052,0.000671,0.003407,0.086773,0.001373,0.094177,0.25111553767168043,0.19047619047619047,313
0bbeb0653a569e5394ac94a502549b079f7a055c,meow1,AMD Ryzen 9 9950X 16-Core Processor,c++ (Ubuntu 15.2.0-4ubuntu4) 15.2.0,CMAKE_CXX_FLAGS:STRING= CMAKE_CXX_FLAGS_RELEASE:STRING=-O3 -DNDEBUG,wikimedia_wikipedia_mxbai,/home/yunchih/code/simsearch/python/out/local_query_embeddings_1024.parquet,/home/yunchih/code/simsearch/python/query_embeddings/combined.jsonl,313,1024,100,0,float32_avx2,66,0,0.0,0.0,0.0,0.0,0.0,0.011,1.0000000000000004,1.0,100
0bbeb0653a569e5394ac94a502549b079f7a055c,meow1,AMD Ryzen 9 9950X 16-Core Processor,c++ (Ubuntu 15.2.0-4ubuntu4) 15.2.0,CMAKE_CXX_FLAGS:STRING= CMAKE_CXX_FLAGS_RELEASE:STRING=-O3 -DNDEBUG,wikimedia_wikipedia_mxbai,/home/yunchih/code/simsearch/python/out/local_query_embeddings_1024.parquet,/home/yunchih/code/simsearch/python/query_embeddings/combined.jsonl,313,1024,100,0,binary,66,0,0.003396,0.000681,0.001032,0.0,0.0,0.005821,1.0000000000000004,1.0,100
0bbeb0653a569e5394ac94a502549b079f7a055c,meow1,AMD Ryzen 9 9950X 16-Core Processor,c++ (Ubuntu 15.2.0-4ubuntu4) 15.2.0,CMAKE_CXX_FLAGS:STRING= CMAKE_CXX_FLAGS_RELEASE:STRING=-O3 -DNDEBUG,wikimedia_wikipedia_mxbai,/home/yunchih/code/simsearch/python/out/local_query_embeddings_1024.parquet,/home/yunchih/code/simsearch/python/query_embeddings/combined.jsonl,313,1024,100,10,two_step_RF10,66,0,0.003206,0.000651,0.003346,0.011611,0.001482,0.02128,0.25111553767168043,0.19047619047619047,313
0bbeb0653a569e5394ac94a502549b079f7a055c,meow1,AMD Ryzen 9 9950X 16-Core Processor,c++ (Ubuntu 15.2.0-4ubuntu4) 15.2.0,CMAKE_CXX_FLAGS:STRING= CMAKE_CXX_FLAGS_RELEASE:STRING=-O3 -DNDEBUG,wikimedia_wikipedia_mxbai,/home/yunchih/code/simsearch/python/out/local_query_embeddings_1024.parquet,/home/yunchih/code/simsearch/python/query_embeddings/combined.jsonl,313,1024,100,50,two_step_RF50,66,0,0.000952,0.000691,0.003417,0.011422,0.001402,0.018895,0.25111553767168043,0.19047619047619047,313
0bbeb0653a569e5394ac94a502549b079f7a055c,meow1,AMD Ryzen 9 9950X 16-Core Processor,c++ (Ubuntu 15.2.0-4ubuntu4) 15.2.0,CMAKE_CXX_FLAGS:STRING= CMAKE_CXX_FLAGS_RELEASE:STRING=-O3 -DNDEBUG,wikimedia_wikipedia_mxbai,/home/yunchih/code/simsearch/python/out/local_query_embeddings_1024.parquet,/home/yunchih/code/simsearch/python/query_embeddings/combined.jsonl,313,1024,100,10,two_step_mf_RF10,66,0,0.003216,0.000671,0.003377,0.087354,0.001393,0.096962,0.25111553767168043,0.19047619047619047,313
0bbeb0653a569e5394ac94a502549b079f7a055c,meow1,AMD Ryzen 9 9950X 16-Core Processor,c++ (Ubuntu 15.2.0-4ubuntu4) 15.2.0,CMAKE_CXX_FLAGS:STRING= CMAKE_CXX_FLAGS_RELEASE:STRING=-O3 -DNDEBUG,wikimedia_wikipedia_mxbai,/home/yunchih/code/simsearch/python/out/local_query_embeddings_1024.parquet,/home/yunchih/code/simsearch/python/query_embeddings/combined.jsonl,313,1024,100,50,two_step_mf_RF50,66,0,0.000962,0.000661,0.003396,0.086753,0.001392,0.094026,0.25111553767168043,0.19047619047619047,313
0bbeb0653a569e5394ac94a502549b079f7a055c,meow1,AMD Ryzen 9 9950X 16-Core Processor,c++ (Ubuntu 15.2.0-4ubuntu4) 15.2.0,CMAKE_CXX_FLAGS:STRING= CMAKE_CXX_FLAGS_RELEASE:STRING=-O3 -DNDEBUG,wikimedia_wikipedia_mxbai,/home/yunchih/code/simsearch/python/out/local_query_embeddings_1024.parquet,/home/yunchih/code/simsearch/python/query_embeddings/combined.jsonl,313,1024,100,0,float32_avx2,67,0,0.0,0.0,0.0,0.0,0.0,0.011,1.0000000000000004,1.0,100
0bbeb0653a569e5394ac94a502549b079f7a055c,meow1,AMD Ryzen 9 9950X 16-Core Processor,c++ (Ubuntu 15.2.0-4ubuntu4) 15.2.0,CMAKE_CXX_FLAGS:STRING= CMAKE_CXX_FLAGS_RELEASE:STRING=-O3 -DNDEBUG,wikimedia_wikipedia_mxbai,/home/yunchih/code/simsearch/python/out/local_query_embeddings_1024.parquet,/home/yunchih/code/simsearch/python/query_embeddings/combined.jsonl,313,1024,100,0,binary,67,0,0.003446,0.000692,0.001062,0.0,0.0,0.005921,1.0000000000000004,1.0,100
0bbeb0653a569e5394ac94a502549b079f7a055c,meow1,AMD Ryzen 9 9950X 16-Core Processor,c++ (Ubuntu 15.2.0-4ubuntu4) 15.2.0,CMAKE_CXX_FLAGS:STRING= CMAKE_CXX_FLAGS_RELEASE:STRING=-O3 -DNDEBUG,wikimedia_wikipedia_mxbai,/home/yunchih/code/simsearch/python/out/local_query_embeddings_1024.parquet,/home/yunchih/code/simsearch/python/query_embeddings/combined.jsonl,313,1024,100,10,two_step_RF10,67,0,0.003116,0.000642,0.003376,0.011462,0.001413,0.021,0.25111553767168043,0.19047619047619047,313
0bbeb0653a569e5394ac94a502549b079f7a055c,meow1,AMD Ryzen 9 9950X 16-Core Processor,c++ (Ubuntu 15.2.0-4ubuntu4) 15.2.0,CMAKE_CXX_FLAGS:STRING= CMAKE_CXX_FLAGS_RELEASE:STRING=-O3 -DNDEBUG,wikimedia_wikipedia_mxbai,/home/yunchih/code/simsearch/python/out/local_query_embeddings_1024.parquet,/home/yunchih/code/simsearch/python/query_embeddings/combined.jsonl,313,1024,100,50,two_step_RF50,67,0,0.000892,0.000691,0.003387,0.011622,0.001443,0.019096,0.25111553767168043,0.19047619047619047,313
0bbeb0653a569e5394ac94a502549b079f7a055c,meow1,AMD Ryzen 9 9950X 16-Core Processor,c++ (Ubuntu 15.2.0-4ubuntu4) 15.2.0,CMAKE_CXX_FLAGS:STRING= CMAKE_CXX_FLAGS_RELEASE:STRING=-O3 -DNDEBUG,wikimedia_wikipedia_mxbai,/home/yunchih/code/simsearch/python/out/local_query_embeddings_1024.parquet,/home/yunchih/code/simsearch/python/query_embeddings/combined.jsonl,313,1024,100,10,two_step_mf_RF10,67,0,0.003126,0.000691,0.003387,0.087294,0.001413,0.096892,0.25111553767168043,0.19047619047619047,313
0bbeb0653a569e5394ac94a502549b079f7a055c,meow1,AMD Ryzen 9 9950X 16-Core Processor,c++ (Ubuntu 15.2.0-4ubuntu4) 15.2.0,CMAKE_CXX_FLAGS:STRING= CMAKE_CXX_FLAGS_RELEASE:STRING=-O3 -DNDEBUG,wikimedia_wikipedia_mxbai,/home/yunchih/code/simsearch/python/out/local_query_embeddings_1024.parquet,/home/yunchih/code/simsearch/python/query_embeddings/combined.jsonl,313,1024,100,50,two_step_mf_RF50,67,0,0.001062,0.000661,0.005891,0.086723,0.001382,0.096581,0.25111553767168043,0.19047619047619047,313
0bbeb0653a569e5394ac94a502549b079f7a055c,meow1,AMD Ryzen 9 9950X 16-Core Processor,c++ (Ubuntu 15.2.0-4ubuntu4) 15.2.0,CMAKE_CXX_FLAGS:STRING= CMAKE_CXX_FLAGS_RELEASE:STRING=-O3 -DNDEBUG,wikimedia_wikipedia_mxbai,/home/yunchih/code/simsearch/python/out/local_query_embeddings_1024.parquet,/home/yunchih/code/simsearch/python/query_embeddings/combined.jsonl,313,1024,100,0,float32_avx2,68,0,0.0,0.0,0.0,0.0,0.0,0.012,1.0000000000000004,1.0,100
0bbeb0653a569e5394ac94a502549b079f7a055c,meow1,AMD Ryzen 9 9950X 16-Core Processor,c++ (Ubuntu 15.2.0-4ubuntu4) 15.2.0,CMAKE_CXX_FLAGS:STRING= CMAKE_CXX_FLAGS_RELEASE:STRING=-O3 -DNDEBUG,wikimedia_wikipedia_mxbai,/home/yunchih/code/simsearch/python/out/local_query_embeddings_1024.parquet,/home/yunchih/code/simsearch/python/query_embeddings/combined.jsonl,313,1024,100,0,binary,68,0,0.003446,0.000691,0.001032,0.0,0.0,0.005881,1.0000000000000004,1.0,100
0bbeb0653a569e5394ac94a502549b079f7a055c,meow1,AMD Ryzen 9 9950X 16-Core Processor,c++ (Ubuntu 15.2.0-4ubuntu4) 15.2.0,CMAKE_CXX_FLAGS:STRING= CMAKE_CXX_FLAGS_RELEASE:STRING=-O3 -DNDEBUG,wikimedia_wikipedia_mxbai,/home/yunchih/code/simsearch/python/out/local_query_embeddings_1024.parquet,/home/yunchih/code/simsearch/python/query_embeddings/combined.jsonl,313,1024,100,10,two_step_RF10,68,0,0.003216,0.000651,0.003397,0.011552,0.001433,0.02121,0.25111553767168043,0.19047619047619047,313
0bbeb0653a569e5394ac94a502549b079f7a055c,meow1,AMD Ryzen 9 9950X 16-Core Processor,c++ (Ubuntu 15.2.0-4ubuntu4) 15.2.0,CMAKE_CXX_FLAGS:STRING= CMAKE_CXX_FLAGS_RELEASE:STRING=-O3 -DNDEBUG,wikimedia_wikipedia_mxbai,/home/yunchih/code/simsearch/python/out/local_query_embeddings_1024.parquet,/home/yunchih/code/simsearch/python/query_embeddings/combined.jsonl,313,1024,100,50,two_step_RF50,68,0,0.000962,0.000692,0.003456,0.011321,0.001453,0.018906,0.25111553767168043,0.19047619047619047,313
0bbeb0653a569e5394ac94a502549b079f7a055c,meow1,AMD Ryzen 9 9950X 16-Core Processor,c++ (Ubuntu 15.2.0-4ubuntu4) 15.2.0,CMAKE_CXX_FLAGS:STRING= CMAKE_CXX_FLAGS_RELEASE:STRING=-O3 -DNDEBUG,wikimedia_wikipedia_mxbai,/home/yunchih/code/simsearch/python/out/local_query_embeddings_1024.parquet,/home/yunchih/code/simsearch/python/query_embeddings/combined.jsonl,313,1024,100,10,two_step_mf_RF10,68,0,0.003347,0.000691,0.003367,0.087384,0.001353,0.097063,0.25111553767168043,0.19047619047619047,313
0bbeb0653a569e5394ac94a502549b079f7a055c,meow1,AMD Ryzen 9 9950X 16-Core Processor,c++ (Ubuntu 15.2.0-4ubuntu4) 15.2.0,CMAKE_CXX_FLAGS:STRING= CMAKE_CXX_FLAGS_RELEASE:STRING=-O3 -DNDEBUG,wikimedia_wikipedia_mxbai,/home/yunchih/code/simsearch/python/out/local_query_embeddings_1024.parquet,/home/yunchih/code/simsearch/python/query_embeddings/combined.jsonl,313,1024,100,50,two_step_mf_RF50,68,0,0.001062,0.000661,0.003406,0.086723,0.001372,0.094106,0.25111553767168043,0.19047619047619047,313
0bbeb0653a569e5394ac94a502549b079f7a055c,meow1,AMD Ryzen 9 9950X 16-Core Processor,c++ (Ubuntu 15.2.0-4ubuntu4) 15.2.0,CMAKE_CXX_FLAGS:STRING= CMAKE_CXX_FLAGS_RELEASE:STRING=-O3 -DNDEBUG,wikimedia_wikipedia_mxbai,/home/yunchih/code/simsearch/python/out/local_query_embeddings_1024.parquet,/home/yunchih/code/simsearch/python/query_embeddings/combined.jsonl,313,1024,100,0,float32_avx2,69,0,0.0,0.0,0.0,0.0,0.0,0.012,1.0000000000000004,1.0,100
0bbeb0653a569e5394ac94a502549b079f7a055c,meow1,AMD Ryzen 9 9950X 16-Core Processor,c++ (Ubuntu 15.2.0-4ubuntu4) 15.2.0,CMAKE_CXX_FLAGS:STRING= CMAKE_CXX_FLAGS_RELEASE:STRING=-O3 -DNDEBUG,wikimedia_wikipedia_mxbai,/home/yunchih/code/simsearch/python/out/local_query_embeddings_1024.parquet,/home/yunchih/code/simsearch/python/query_embeddings/combined.jsonl,313,1024,100,0,binary,69,0,0.003357,0.000711,0.001062,0.0,0.0,0.005841,1.0000000000000004,1.0,100
0bbeb0653a569e5394ac94a502549b079f7a055c,meow1,AMD Ryzen 9 9950X 16-Core Processor,c++ (Ubuntu 15.2.0-4ubuntu4) 15.2.0,CMAKE_CXX_FLAGS:STRING= CMAKE_CXX_FLAGS_RELEASE:STRING=-O3 -DNDEBUG,wikimedia_wikipedia_mxbai,/home/yunchih/code/simsearch/python/out/local_query_embeddings_1024.parquet,/home/yunchih/code/simsearch/python/query_embeddings/combined.jsonl,313,1024,100,10,two_step_RF10,69,0,0.003296,0.000642,0.003356,0.011642,0.001433,0.02137,0.25111553767168043,0.19047619047619047,313
0bbeb0653a569e5394ac94a502549b079f7a055c,meow1,AMD Ryzen 9 9950X 16-Core Processor,c++ (Ubuntu 15.2.0-4ubuntu4) 15.2.0,CMAKE_CXX_FLAGS:STRING= CMAKE_CXX_FLAGS_RELEASE:STRING=-O3 -DNDEBUG,wikimedia_wikipedia_mxbai,/home/yunchih/code/simsearch/python/out/local_query_embeddings_1024.parquet,/home/yunchih/code/simsearch/python/query_embeddings/combined.jsonl,313,1024,100,50,two_step_RF50,69,0,0.000932,0.000671,0.003426,0.011431,0.001483,0.019005,0.25111553767168043,0.19047619047619047,313
0bbeb0653a569e5394ac94a502549b079f7a055c,meow1,AMD Ryzen 9 9950X 16-Core Processor,c++ (Ubuntu 15.2.0-4ubuntu4) 15.2.0,CMAKE_CXX_FLAGS:STRING= CMAKE_CXX_FLAGS_RELEASE:STRING=-O3 -DNDEBUG,wikimedia_wikipedia_mxbai,/home/yunchih/code/simsearch/python/out/local_query_embeddings_1024.parquet,/home/yunchih/code/simsearch/python/query_embeddings/combined.jsonl,313,1024,100,10,two_step_mf_RF10,69,0,0.003246,0.000681,0.003386,0.087344,0.001332,0.096963,0.25111553767168043,0.19047619047619047,313
0bbeb0653a569e5394ac94a502549b079f7a055c,meow1,AMD Ryzen 9 9950X 16-Core Processor,c++ (Ubuntu 15.2.0-4ubuntu4) 15.2.0,CMAKE_CXX_FLAGS:STRING= CMAKE_CXX_FLAGS_RELEASE:STRING=-O3 -DNDEBUG,wikimedia_wikipedia_mxbai,/home/yunchih/code/simsearch/python/out/local_query_embeddings_1024.parquet,/home/yunchih/code/simsearch/python/query_embeddings/combined.jsonl,313,1024,100,50,two_step_mf_RF50,69,0,0.001162,0.000662,0.003416,0.086793,0.001423,0.094297,0.25111553767168043,0.19047619047619047,313
0bbeb0653a569e5394ac94a502549b079f7a055c,meow1,AMD Ryzen 9 9950X 16-Core Processor,c++ (Ubuntu 15.2.0-4ubuntu4) 15.2.0,CMAKE_CXX_FLAGS:STRING= CMAKE_CXX_FLAGS_RELEASE:STRING=-O3 -DNDEBUG,wikimedia_wikipedia_mxbai,/home/yunchih/code/simsearch/python/out/local_query_embeddings_1024.parquet,/home/yunchih/code/simsearch/python/query_embeddings/combined.jsonl,313,1024,100,0,float32_avx2,70,0,0.0,0.0,0.0,0.0,0.0,0.011,1.0000000000000004,1.0,100
0bbeb0653a569e5394ac94a502549b079f7a055c,meow1,AMD Ryzen 9 9950X 16-Core Processor,c++ (Ubuntu 15.2.0-4ubuntu4) 15.2.0,CMAKE_CXX_FLAGS:STRING= CMAKE_CXX_FLAGS_RELEASE:STRING=-O3 -DNDEBUG,wikimedia_wikipedia_mxbai,/home/yunchih/code/simsearch/python/out/local_query_embeddings_1024.parquet,/home/yunchih/code/simsearch/python/query_embeddings/combined.jsonl,313,1024,100,0,binary,70,0,0.003447,0.000671,0.001042,0.0,0.0,0.005861,1.0000000000000004,1.0,100
0bbeb0653a569e5394ac94a502549b079f7a055c,meow1,AMD Ryzen 9 9950X 16-Core Processor,c++ (Ubuntu 15.2.0-4ubuntu4) 15.2.0,CMAKE_CXX_FLAGS:STRING= CMAKE_CXX_FLAGS_RELEASE:STRING=-O3 -DNDEBUG,wikimedia_wikipedia_mxbai,/home/yunchih/code/simsearch/python/out/local_query_embeddings_1024.parquet,/home/yunchih/code/simsearch/python/query_embeddings/combined.jsonl,313,1024,100,10,two_step_RF10,70,0,0.003206,0.000641,0.003386,0.011441,0.001403,0.021089,0.25111553767168043,0.19047619047619047,313
0bbeb0653a569e5394ac94a502549b079f7a055c,meow1,AMD Ryzen 9 9950X 16-Core Processor,c++ (Ubuntu 15.2.0-4ubuntu4) 15.2.0,CMAKE_CXX_FLAGS:STRING= CMAKE_CXX_FLAGS_RELEASE:STRING=-O3 -DNDEBUG,wikimedia_wikipedia_mxbai,/home/yunchih/code/simsearch/python/out/local_query_embeddings_1024.parquet,/home/yunchih/code/simsearch/python/query_embeddings/combined.jsonl,313,1024,100,50,two_step_RF50,70,0,0.000952,0.000712,0.003486,0.012905,0.001402,0.020779,0.25111553767168043,0.19047619047619047,313
0bbeb0653a569e5394ac94a502549b079f7a055c,meow1,AMD Ryzen 9 9950X 16-Core Processor,c++ (Ubuntu 15.2.0-4ubuntu4) 15.2.0,CMAKE_CXX_FLAGS:STRING= CMAKE_CXX_FLAGS_RELEASE:STRING=-O3 -DNDEBUG,wikimedia_wikipedia_mxbai,/home/yunchih/code/simsearch/python/out/local_query_embeddings_1024.parquet,/home/yunchih/code/simsearch/python/query_embeddings/combined.jsonl,313,1024,100,10,two_step_mf_RF10,70,0,0.003356,0.000681,0.003407,0.087535,0.001382,0.097322,0.25111553767168043,0.19047619047619047,313
0bbeb0653a569e5394ac94a502549b079f7a055c,meow1,AMD Ryzen 9 9950X 16-Core Processor,c++ (Ubuntu 15.2.0-4ubuntu4) 15.2.0,CMAKE_CXX_FLAGS:STRING= CMAKE_CXX_FLAGS_RELEASE:STRING=-O3 -DNDEBUG,wikimedia_wikipedia_mxbai,/home/yunchih/code/simsearch/python/out/local_query_embeddings_1024.parquet,/home/yunchih/code/simsearch/python/query_embeddings/combined.jsonl,313,1024,100,50,two_step_mf_RF50,70,0,0.001192,0.000671,0.003397,0.086813,0.001823,0.094748,0.25111553767168043,0.19047619047619047,313
0bbeb0653a569e5394ac94a502549b079f7a055c,meow1,AMD Ryzen 9 9950X 16-Core Processor,c++ (Ubuntu 15.2.0-4ubuntu4) 15.2.0,CMAKE_CXX_FLAGS:STRING= CMAKE_CXX_FLAGS_RELEASE:STRING=-O3 -DNDEBUG,wikimedia_wikipedia_mxbai,/home/yunchih/code/simsearch/python/out/local_query_embeddings_1024.parquet,/home/yunchih/code/simsearch/python/query_embeddings/combined.jsonl,313,1024,100,0,float32_avx2,71,0,0.0,0.0,0.0,0.0,0.0,0.012,1.0000000000000004,1.0,100
0bbeb0653a569e5394ac94a502549b079f7a055c,meow1,AMD Ryzen 9 9950X 16-Core Processor,c++ (Ubuntu 15.2.0-4ubuntu4) 15.2.0,CMAKE_CXX_FLAGS:STRING= CMAKE_CXX_FLAGS_RELEASE:STRING=-O3 -DNDEBUG,wikimedia_wikipedia_mxbai,/home/yunchih/code/simsearch/python/out/local_query_embeddings_1024.parquet,/home/yunchih/code/simsearch/python/query_embeddings/combined.jsonl,313,1024,100,0,binary,71,0,0.003286,0.000682,0.001002,0.0,0.0,0.005711,1.0000000000000004,1.0,100
0bbeb0653a569e5394ac94a502549b079f7a055c,meow1,AMD Ryzen 9 9950X 16-Core Processor,c++ (Ubuntu 15.2.0-4ubuntu4) 15.2.0,CMAKE_CXX_FLAGS:STRING= CMAKE_CXX_FLAGS_RELEASE:STRING=-O3 -DNDEBUG,wikimedia_wikipedia_mxbai,/home/yunchih/code/simsearch/python/out/local_query_embeddings_1024.parquet,/home/yunchih/code/simsearch/python/query_embeddings/combined.jsonl,313,1024,100,10,two_step_RF10,71,0,0.003096,0.000631,0.003387,0.011512,0.001392,0.020999,0.25111553767168043,0.19047619047619047,313
0bbeb0653a569e5394ac94a502549b079f7a055c,meow1,AMD Ryzen 9 9950X 16-Core Processor,c++ (Ubuntu 15.2.0-4ubuntu4) 15.2.0,CMAKE_CXX_FLAGS:STRING= CMAKE_CXX_FLAGS_RELEASE:STRING=-O3 -DNDEBUG,wikimedia_wikipedia_mxbai,/home/yunchih/code/simsearch/python/out/local_query_embeddings_1024.parquet,/home/yunchih/code/simsearch/python/query_embeddings/combined.jsonl,313,1024,100,50,two_step_RF50,71,0,0.000861,0.000682,0.003396,0.011481,0.001443,0.018956,0.25111553767168043,0.19047619047619047,313
0bbeb0653a569e5394ac94a502549b079f7a055c,meow1,AMD Ryzen 9 9950X 16-Core Processor,c++ (Ubuntu 15.2.0-4ubuntu4) 15.2.0,CMAKE_CXX_FLAGS:STRING= CMAKE_CXX_FLAGS_RELEASE:STRING=-O3 -DNDEBUG,wikimedia_wikipedia_mxbai,/home/yunchih/code/simsearch/python/out/local_query_embeddings_1024.parquet,/home/yunchih/code/simsearch/python/query_embeddings/combined.jsonl,313,1024,100,10,two_step_mf_RF10,71,0,0.003226,0.000702,0.003386,0.087415,0.001392,0.097102,0.25111553767168043,0.19047619047619047,313
0bbeb0653a569e5394ac94a502549b079f7a055c,meow1,AMD Ryzen 9 9950X 16-Core Processor,c++ (Ubuntu 15.2.0-4ubuntu4) 15.2.0,CMAKE_CXX_FLAGS:STRING= CMAKE_CXX_FLAGS_RELEASE:STRING=-O3 -DNDEBUG,wikimedia_wikipedia_mxbai,/home/yunchih/code/simsearch/python/out/local_query_embeddings_1024.parquet,/home/yunchih/code/simsearch/python/query_embeddings/combined.jsonl,313,1024,100,50,two_step_mf_RF50,71,0,0.001062,0.000651,0.003376,0.086733,0.001372,0.094086,0.25111553767168043,0.19047619047619047,313
0bbeb0653a569e5394ac94a502549b079f7a055c,meow1,AMD Ryzen 9 9950X 16-Core Processor,c++ (Ubuntu 15.2.0-4ubuntu4) 15.2.0,CMAKE_CXX_FLAGS:STRING= CMAKE_CXX_FLAGS_RELEASE:STRING=-O3 -DNDEBUG,wikimedia_wikipedia_mxbai,/home/yunchih/code/simsearch/python/out/local_query_embeddings_1024.parquet,/home/yunchih/code/simsearch/python/query_embeddings/combined.jsonl,313,1024,100,0,float32_avx2,72,0,0.0,0.0,0.0,0.0,0.0,0.011,1.0000000000000004,1.0,100
0bbeb0653a569e5394ac94a502549b079f7a055c,meow1,AMD Ryzen 9 9950X 16-Core Processor,c++ (Ubuntu 15.2.0-4ubuntu4) 15.2.0,CMAKE_CXX_FLAGS:STRING= CMAKE_CXX_FLAGS_RELEASE:STRING=-O3 -DNDEBUG,wikimedia_wikipedia_mxbai,/home/yunchih/code/simsearch/python/out/local_query_embeddings_1024.parquet,/home/yunchih/code/simsearch/python/query_embeddings/combined.jsonl,313,1024,100,0,binary,72,0,0.003547,0.000691,0.001042,0.0,0.0,0.005981,1.0000000000000004,1.0,100
0bbeb0653a569e5394ac94a502549b079f7a055c,meow1,AMD Ryzen 9 9950X 16-Core Processor,c++ (Ubuntu 15.2.0-4ubuntu4) 15.2.0,CMAKE_CXX_FLAGS:STRING= CMAKE_CXX_FLAGS_RELEASE:STRING=-O3 -DNDEBUG,wikimedia_wikipedia_mxbai,/home/yunchih/code/simsearch/python/out/local_query_embeddings_1024.parquet,/home/yunchih/code/simsearch/python/query_embeddings/combined.jsonl,313,1024,100,10,two_step_RF10,72,0,0.003356,0.000652,0.003366,0.011672,0.001422,0.02142,0.25111553767168043,0.19047619047619047,313
0bbeb0653a569e5394ac94a502549b079f7a055c,meow1,AMD Ryzen 9 9950X 16-Core Processor,c++ (Ubuntu 15.2.0-4ubuntu4) 15.2.0,CMAKE_CXX_FLAGS:STRING= CMAKE_CXX_FLAGS_RELEASE:STRING=-O3 -DNDEBUG,wikimedia_wikipedia_mxbai,/home/yunchih/code/simsearch/python/out/local_query_embeddings_1024.parquet,/home/yunchih/code/simsearch/python/query_embeddings/combined.jsonl,313,1024,100,50,two_step_RF50,72,0,0.000882,0.000712,0.003436,0.011521,0.001423,0.02154,0.25111553767168043,0.19047619047619047,313
0bbeb0653a569e5394ac94a502549b079f7a055c,meow1,AMD Ryzen 9 9950X 16-Core Processor,c++ (Ubuntu 15.2.0-4ubuntu4) 15.2.0,CMAKE_CXX_FLAGS:STRING= CMAKE_CXX_FLAGS_RELEASE:STRING=-O3 -DNDEBUG,wikimedia_wikipedia_mxbai,/home/yunchih/code/simsearch/python/out/local_query_embeddings_1024.parquet,/home/yunchih/code/simsearch/python/query_embeddings/combined.jsonl,313,1024,100,10,two_step_mf_RF10,72,0,0.003276,0.000702,0.003406,0.087655,0.001403,0.097373,0.25111553767168043,0.19047619047619047,313
0bbeb0653a569e5394ac94a502549b079f7a055c,meow1,AMD Ryzen 9 9950X 16-Core Processor,c++ (Ubuntu 15.2.0-4ubuntu4) 15.2.0,CMAKE_CXX_FLAGS:STRING= CMAKE_CXX_FLAGS_RELEASE:STRING=-O3 -DNDEBUG,wikimedia_wikipedia_mxbai,/home/yunchih/code/simsearch/python/out/local_query_embeddings_1024.parquet,/home/yunchih/code/simsearch/python/query_embeddings/combined.jsonl,313,1024,100,50,two_step_mf_RF50,72,0,0.001122,0.000661,0.003367,0.086813,0.001363,0.094197,0.25111553767168043,0.19047619047619047,313
0bbeb0653a569e5394ac94a502549b079f7a055c,meow1,AMD Ryzen 9 9950X 16-Core Processor,c++ (Ubuntu 15.2.0-4ubuntu4) 15.2.0,CMAKE_CXX_FLAGS:STRING= CMAKE_CXX_FLAGS_RELEASE:STRING=-O3 -DNDEBUG,wikimedia_wikipedia_mxbai,/home/yunchih/code/simsearch/python/out/local_query_embeddings_1024.parquet,/home/yunchih/code/simsearch/python/query_embeddings/combined.jsonl,313,1024,100,0,float32_avx2,73,0,0.0,0.0,0.0,0.0,0.0,0.011,1.0000000000000004,1.0,100
0bbeb0653a569e5394ac94a502549b079f7a055c,meow1,AMD Ryzen 9 9950X 16-Core Processor,c++ (Ubuntu 15.2.0-4ubuntu4) 15.2.0,CMAKE_CXX_FLAGS:STRING= CMAKE_CXX_FLAGS_RELEASE:STRING=-O3 -DNDEBUG,wikimedia_wikipedia_mxbai,/home/yunchih/code/simsearch/python/out/local_query_embeddings_1024.parquet,/home/yunchih/code/simsearch/python/query_embeddings/combined.jsonl,313,1024,100,0,binary,73,0,0.003446,0.000682,0.001001,0.0,0.0,0.005851,1.0000000000000004,1.0,100
0bbeb0653a569e5394ac94a502549b079f7a055c,meow1,AMD Ryzen 9 9950X 16-Core Processor,c++ (Ubuntu 15.2.0-4ubuntu4) 15.2.0,CMAKE_CXX_FLAGS:STRING= CMAKE_CXX_FLAGS_RELEASE:STRING=-O3 -DNDEBUG,wikimedia_wikipedia_mxbai,/home/yunchih/code/simsearch/python/out/local_query_embeddings_1024.parquet,/home/yunchih/code/simsearch/python/query_embeddings/combined.jsonl,313,1024,100,10,two_step_RF10,73,0,0.003196,0.000641,0.003407,0.011512,0.001413,0.02116,0.25111553767168043,0.19047619047619047,313
0bbeb0653a569e5394ac94a502549b079f7a055c,meow1,AMD Ryzen 9 9950X 16-Core Processor,c++ (Ubuntu 15.2.0-4ubuntu4) 15.2.0,CMAKE_CXX_FLAGS:STRING= CMAKE_CXX_FLAGS_RELEASE:STRING=-O3 -DNDEBUG,wikimedia_wikipedia_mxbai,/home/yunchih/code/simsearch/python/out/local_query_embeddings_1024.parquet,/home/yunchih/code/simsearch/python/query_embeddings/combined.jsonl,313,1024,100,50,two_step_RF50,73,0,0.001021,0.000701,0.003416,0.011411,0.001473,0.019066,0.25111553767168043,0.19047619047619047,313
0bbeb0653a569e5394ac94a502549b079f7a055c,meow1,AMD Ryzen 9 9950X 16-Core Processor,c++ (Ubuntu 15.2.0-4ubuntu4) 15.2.0,CMAKE_CXX_FLAGS:STRING= CMAKE_CXX_FLAGS_RELEASE:STRING=-O3 -DNDEBUG,wikimedia_wikipedia_mxbai,/home/yunchih/code/simsearch/python/out/local_query_embeddings_1024.parquet,/home/yunchih/code/simsearch/python/query_embeddings/combined.jsonl,313,1024,100,10,two_step_mf_RF10,73,0,0.003356,0.000702,0.003386,0.087375,0.001392,0.097152,0.25111553767168043,0.19047619047619047,313
0bbeb0653a569e5394ac94a502549b079f7a055c,meow1,AMD Ryzen 9 9950X 16-Core Processor,c++ (Ubuntu 15.2.0-4ubuntu4) 15.2.0,CMAKE_CXX_FLAGS:STRING= CMAKE_CXX_FLAGS_RELEASE:STRING=-O3 -DNDEBUG,wikimedia_wikipedia_mxbai,/home/yunchih/code/simsearch/python/out/local_query_embeddings_1024.parquet,/home/yunchih/code/simsearch/python/query_embeddings/combined.jsonl,313,1024,100,50,two_step_mf_RF50,73,0,0.000922,0.000681,0.003406,0.086793,0.001423,0.094137,0.25111553767168043,0.19047619047619047,313
0bbeb0653a569e5394ac94a502549b079f7a055c,meow1,AMD Ryzen 9 9950X 16-Core Processor,c++ (Ubuntu 15.2.0-4ubuntu4) 15.2.0,CMAKE_CXX_FLAGS:STRING= CMAKE_CXX_FLAGS_RELEASE:STRING=-O3 -DNDEBUG,wikimedia_wikipedia_mxbai,/home/yunchih/code/simsearch/python/out/local_query_embeddings_1024.parquet,/home/yunchih/code/simsearch/python/query_embeddings/combined.jsonl,313,1024,100,0,float32_avx2,74,0,0.0,0.0,0.0,0.0,0.0,0.011,1.0000000000000004,1.0,100
0bbeb0653a569e5394ac94a502549b079f7a055c,meow1,AMD Ryzen 9 9950X 16-Core Processor,c++ (Ubuntu 15.2.0-4ubuntu4) 15.2.0,CMAKE_CXX_FLAGS:STRING= CMAKE_CXX_FLAGS_RELEASE:STRING=-O3 -DNDEBUG,wikimedia_wikipedia_mxbai,/home/yunchih/code/simsearch/python/out/local_query_embeddings_1024.parquet,/home/yunchih/code/simsearch/python/query_embeddings/combined.jsonl,313,1024,100,0,binary,74,0,0.003587,0.000671,0.001092,0.0,0.0,0.006051,1.0000000000000004,1.0,100
0bbeb0653a569e5394ac94a502549b079f7a055c,meow1,AMD Ryzen 9 9950X 16-Core Processor,c++ (Ubuntu 15.2.0-4ubuntu4) 15.2.0,CMAKE_CXX_FLAGS:STRING= CMAKE_CXX_FLAGS_RELEASE:STRING=-O3 -DNDEBUG,wikimedia_wikipedia_mxbai,/home/yunchih/code/simsearch/python/out/local_query_embeddings_1024.parquet,/home/yunchih/code/simsearch/python/query_embeddings/combined.jsonl,313,1024,100,10,two_step_RF10,74,0,0.003286,0.000651,0.003367,0.011482,0.001393,0.02117,0.25111553767168043,0.19047619047619047,313
0bbeb0653a569e5394ac94a502549b079f7a055c,meow1,AMD Ryzen 9 9950X 16-Core Processor,c++ (Ubuntu 15.2.0-4ubuntu4) 15.2.0,CMAKE_CXX_FLAGS:STRING= CMAKE_CXX_FLAGS_RELEASE:STRING=-O3 -DNDEBUG,wikimedia_wikipedia_mxbai,/home/yunchih/code/simsearch/python/out/local_query_embeddings_1024.parquet,/home/yunchih/code/simsearch/python/query_embeddings/combined.jsonl,313,1024,100,50,two_step_RF50,74,0,0.001042,0.000682,0.003446,0.011461,0.001453,0.019086,0.25111553767168043,0.19047619047619047,313
0bbeb0653a569e5394ac94a502549b079f7a055c,meow1,AMD Ryzen 9 9950X 16-Core Processor,c++ (Ubuntu 15.2.0-4ubuntu4) 15.2.0,CMAKE_CXX_FLAGS:STRING= CMAKE_CXX_FLAGS_RELEASE:STRING=-O3 -DNDEBUG,wikimedia_wikipedia_mxbai,/home/yunchih/code/simsearch/python/out/local_query_embeddings_1024.parquet,/home/yunchih/code/simsearch/python/query_embeddings/combined.jsonl,313,1024,100,10,two_step_mf_RF10,74,0,0.003256,0.000692,0.003396,0.087435,0.001402,0.097113,0.25111553767168043,0.19047619047619047,313
0bbeb0653a569e5394ac94a502549b079f7a055c,meow1,AMD Ryzen 9 9950X 16-Core Processor,c++ (Ubuntu 15.2.0-4ubuntu4) 15.2.0,CMAKE_CXX_FLAGS:STRING= CMAKE_CXX_FLAGS_RELEASE:STRING=-O3 -DNDEBUG,wikimedia_wikipedia_mxbai,/home/yunchih/code/simsearch/python/out/local_query_embeddings_1024.parquet,/home/yunchih/code/simsearch/python/query_embeddings/combined.jsonl,313,1024,100,50,two_step_mf_RF50,74,0,0.001062,0.000681,0.003377,0.086783,0.001383,0.094147,0.25111553767168043,0.19047619047619047,313
0bbeb0653a569e5394ac94a502549b079f7a055c,meow1,AMD Ryzen 9 9950X 16-Core Processor,c++ (Ubuntu 15.2.0-4ubuntu4) 15.2.0,CMAKE_CXX_FLAGS:STRING= CMAKE_CXX_FLAGS_RELEASE:STRING=-O3 -DNDEBUG,wikimedia_wikipedia_mxbai,/home/yunchih/code/simsearch/python/out/local_query_embeddings_1024.parquet,/home/yunchih/code/simsearch/python/query_embeddings/combined.jsonl,313,1024,100,0,float32_avx2,75,0,0.0,0.0,0.0,0.0,0.0,0.012,1.0000000000000004,1.0,100
0bbeb0653a569e5394ac94a502549b079f7a055c,meow1,AMD Ryzen 9 9950X 16-Core Processor,c++ (Ubuntu 15.2.0-4ubuntu4) 15.2.0,CMAKE_CXX_FLAGS:STRING= CMAKE_CXX_FLAGS_RELEASE:STRING=-O3 -DNDEBUG,wikimedia_wikipedia_mxbai,/home/yunchih/code/simsearch/python/out/local_query_embeddings_1024.parquet,/home/yunchih/code/simsearch/python/query_embeddings/combined.jsonl,313,1024,100,0,binary,75,0,0.003427,0.000691,0.001072,0.0,0.0,0.005931,1.0000000000000004,1.0,100
0bbeb0653a569e5394ac94a502549b079f7a055c,meow1,AMD Ryzen 9 9950X 16-Core Processor,c++ (Ubuntu 15.2.0-4ubuntu4) 15.2.0,CMAKE_CXX_FLAGS:STRING= CMAKE_CXX_FLAGS_RELEASE:STRING=-O3 -DNDEBUG,wikimedia_wikipedia_mxbai,/home/yunchih/code/simsearch/python/out/local_query_embeddings_1024.parquet,/home/yunchih/code/simsearch/python/query_embeddings/combined.jsonl,313,1024,100,10,two_step_RF10,75,0,0.003376,0.000651,0.003397,0.011512,0.001403,0.02133,0.25111553767168043,0.19047619047619047,313
0bbeb0653a569e5394ac94a502549b079f7a055c,meow1,AMD Ryzen 9 9950X 16-Core Processor,c++ (Ubuntu 15.2.0-4ubuntu4) 15.2.0,CMAKE_CXX_FLAGS:STRING= CMAKE_CXX_FLAGS_RELEASE:STRING=-O3 -DNDEBUG,wikimedia_wikipedia_mxbai,/home/yunchih/code/simsearch/python/out/local_query_embeddings_1024.parquet,/home/yunchih/code/simsearch/python/query_embeddings/combined.jsonl,313,1024,100,50,two_step_RF50,75,0,0.000932,0.000721,0.003417,0.011442,0.001463,0.019026,0.25111553767168043,0.19047619047619047,313
0bbeb0653a569e5394ac94a502549b079f7a055c,meow1,AMD Ryzen 9 9950X 16-Core Processor,c++ (Ubuntu 15.2.0-4ubuntu4) 15.2.0,CMAKE_CXX_FLAGS:STRING= CMAKE_CXX_FLAGS_RELEASE:STRING=-O3 -DNDEBUG,wikimedia_wikipedia_mxbai,/home/yunchih/code/simsearch/python/out/local_query_embeddings_1024.parquet,/home/yunchih/code/simsearch/python/query_embeddings/combined.jsonl,313,1024,100,10,two_step_mf_RF10,75,0,0.003096,0.000681,0.003376,0.09064,0.001403,0.100168,0.25111553767168043,0.19047619047619047,313
0bbeb0653a569e5394ac94a502549b079f7a055c,meow1,AMD Ryzen 9 9950X 16-Core Processor,c++ (Ubuntu 15.2.0-4ubuntu4) 15.2.0,CMAKE_CXX_FLAGS:STRING= CMAKE_CXX_FLAGS_RELEASE:STRING=-O3 -DNDEBUG,wikimedia_wikipedia_mxbai,/home/yunchih/code/simsearch/python/out/local_query_embeddings_1024.parquet,/home/yunchih/code/simsearch/python/query_embeddings/combined.jsonl,313,1024,100,50,two_step_mf_RF50,75,0,0.000971,0.000662,0.003416,0.086773,0.001402,0.094126,0.25111553767168043,0.19047619047619047,313
0bbeb0653a569e5394ac94a502549b079f7a055c,meow1,AMD Ryzen 9 9950X 16-Core Processor,c++ (Ubuntu 15.2.0-4ubuntu4) 15.2.0,CMAKE_CXX_FLAGS:STRING= CMAKE_CXX_FLAGS_RELEASE:STRING=-O3 -DNDEBUG,wikimedia_wikipedia_mxbai,/home/yunchih/code/simsearch/python/out/local_query_embeddings_1024.parquet,/home/yunchih/code/simsearch/python/query_embeddings/combined.jsonl,313,1024,100,0,float32_avx2,76,0,0.0,0.0,0.0,0.0,0.0,0.012,1.0000000000000004,1.0,100
0bbeb0653a569e5394ac94a502549b079f7a055c,meow1,AMD Ryzen 9 9950X 16-Core Processor,c++ (Ubuntu 15.2.0-4ubuntu4) 15.2.0,CMAKE_CXX_FLAGS:STRING= CMAKE_CXX_FLAGS_RELEASE:STRING=-O3 -DNDEBUG,wikimedia_wikipedia_mxbai,/home/yunchih/code/simsearch/python/out/local_query_embeddings_1024.parquet,/home/yunchih/code/simsearch/python/query_embeddings/combined.jsonl,313,1024,100,0,binary,76,0,0.003647,0.000681,0.001051,0.0,0.0,0.006102,1.0000000000000004,1.0,100
0bbeb0653a569e5394ac94a502549b079f7a055c,meow1,AMD Ryzen 9 9950X 16-Core Processor,c++ (Ubuntu 15.2.0-4ubuntu4) 15.2.0,CMAKE_CXX_FLAGS:STRING= CMAKE_CXX_FLAGS_RELEASE:STRING=-O3 -DNDEBUG,wikimedia_wikipedia_mxbai,/home/yunchih/code/simsearch/python/out/local_query_embeddings_1024.parquet,/home/yunchih/code/simsearch/python/query_embeddings/combined.jsonl,313,1024,100,10,two_step_RF10,76,0,0.003156,0.000641,0.003396,0.011511,0.001383,0.02107,0.25111553767168043,0.19047619047619047,313
0bbeb0653a569e5394ac94a502549b079f7a055c,meow1,AMD Ryzen 9 9950X 16-Core Processor,c++ (Ubuntu 15.2.0-4ubuntu4) 15.2.0,CMAKE_CXX_FLAGS:STRING= CMAKE_CXX_FLAGS_RELEASE:STRING=-O3 -DNDEBUG,wikimedia_wikipedia_mxbai,/home/yunchih/code/simsearch/python/out/local_query_embeddings_1024.parquet,/home/yunchih/code/simsearch/python/query_embeddings/combined.jsonl,313,1024,100,50,two_step_RF50,76,0,0.000751,0.000692,0.003406,0.011461,0.001463,0.018795,0.25111553767168043,0.19047619047619047,313
0bbeb0653a569e5394ac94a502549b079f7a055c,meow1,AMD Ryzen 9 9950X 16-Core Processor,c++ (Ubuntu 15.2.0-4ubuntu4) 15.2.0,CMAKE_CXX_FLAGS:STRING= CMAKE_CXX_FLAGS_RELEASE:STRING=-O3 -DNDEBUG,wikimedia_wikipedia_mxbai,/home/yunchih/code/simsearch/python/out/local_query_embeddings_1024.parquet,/home/yunchih/code/simsearch/python/query_embeddings/combined.jsonl,313,1024,100,10,two_step_mf_RF10,76,0,0.003396,0.000672,0.003376,0.087465,0.001433,0.097293,0.25111553767168043,0.19047619047619047,313
0bbeb0653a569e5394ac94a502549b079f7a055c,meow1,AMD Ryzen 9 9950X 16-Core Processor,c++ (Ubuntu 15.2.0-4ubuntu4) 15.2.0,CMAKE_CXX_FLAGS:STRING= CMAKE_CXX_FLAGS_RELEASE:STRING=-O3 -DNDEBUG,wikimedia_wikipedia_mxbai,/home/yunchih/code/simsearch/python/out/local_query_embeddings_1024.parquet,/home/yunchih/code/simsearch/python/query_embeddings/combined.jsonl,313,1024,100,50,two_step_mf_RF50,76,0,0.001002,0.000661,0.003417,0.086853,0.001413,0.094207,0.25111553767168043,0.19047619047619047,313
0bbeb0653a569e5394ac94a502549b079f7a055c,meow1,AMD Ryzen 9 9950X 16-Core Processor,c++ (Ubuntu 15.2.0-4ubuntu4) 15.2.0,CMAKE_CXX_FLAGS:STRING= CMAKE_CXX_FLAGS_RELEASE:STRING=-O3 -DNDEBUG,wikimedia_wikipedia_mxbai,/home/yunchih/code/simsearch/python/out/local_query_embeddings_1024.parquet,/home/yunchih/code/simsearch/python/query_embeddings/combined.jsonl,313,1024,100,0,float32_avx2,77,0,0.0,0.0,0.0,0.0,0.0,0.012,1.0000000000000004,1.0,100
0bbeb0653a569e5394ac94a502549b079f7a055c,meow1,AMD Ryzen 9 9950X 16-Core Processor,c++ (Ubuntu 15.2.0-4ubuntu4) 15.2.0,CMAKE_CXX_FLAGS:STRING= CMAKE_CXX_FLAGS_RELEASE:STRING=-O3 -DNDEBUG,wikimedia_wikipedia_mxbai,/home/yunchih/code/simsearch/python/out/local_query_embeddings_1024.parquet,/home/yunchih/code/simsearch/python/query_embeddings/combined.jsonl,313,1024,100,0,binary,77,0,0.003566,0.000681,0.001072,0.0,0.0,0.006061,1.0000000000000004,1.0,100
0bbeb0653a569e5394ac94a502549b079f7a055c,meow1,AMD Ryzen 9 9950X 16-Core Processor,c++ (Ubuntu 15.2.0-4ubuntu4) 15.2.0,CMAKE_CXX_FLAGS:STRING= CMAKE_CXX_FLAGS_RELEASE:STRING=-O3 -DNDEBUG,wikimedia_wikipedia_mxbai,/home/yunchih/code/simsearch/python/out/local_query_embeddings_1024.parquet,/home/yunchih/code/simsearch/python/query_embeddings/combined.jsonl,313,1024,100,10,two_step_RF10,77,0,0.003156,0.000651,0.003397,0.011482,0.001422,0.0211,0.25111553767168043,0.19047619047619047,313
0bbeb0653a569e5394ac94a502549b079f7a055c,meow1,AMD Ryzen 9 9950X 16-Core Processor,c++ (Ubuntu 15.2.0-4ubuntu4) 15.2.0,CMAKE_CXX_FLAGS:STRING= CMAKE_CXX_FLAGS_RELEASE:STRING=-O3 -DNDEBUG,wikimedia_wikipedia_mxbai,/home/yunchih/code/simsearch/python/out/local_query_embeddings_1024.parquet,/home/yunchih/code/simsearch/python/query_embeddings/combined.jsonl,313,1024,100,50,two_step_RF50,77,0,0.000872,0.000701,0.003387,0.011322,0.001453,0.018876,0.25111553767168043,0.19047619047619047,313
0bbeb0653a569e5394ac94a502549b079f7a055c,meow1,AMD Ryzen 9 9950X 16-Core Processor,c++ (Ubuntu 15.2.0-4ubuntu4) 15.2.0,CMAKE_CXX_FLAGS:STRING= CMAKE_CXX_FLAGS_RELEASE:STRING=-O3 -DNDEBUG,wikimedia_wikipedia_mxbai,/home/yunchih/code/simsearch/python/out/local_query_embeddings_1024.parquet,/home/yunchih/code/simsearch/python/query_embeddings/combined.jsonl,313,1024,100,10,two_step_mf_RF10,77,0,0.003166,0.000682,0.003406,0.087364,0.001433,0.097032,0.25111553767168043,0.19047619047619047,313
0bbeb0653a569e5394ac94a502549b079f7a055c,meow1,AMD Ryzen 9 9950X 16-Core Processor,c++ (Ubuntu 15.2.0-4ubuntu4) 15.2.0,CMAKE_CXX_FLAGS:STRING= CMAKE_CXX_FLAGS_RELEASE:STRING=-O3 -DNDEBUG,wikimedia_wikipedia_mxbai,/home/yunchih/code/simsearch/python/out/local_query_embeddings_1024.parquet,/home/yunchih/code/simsearch/python/query_embeddings/combined.jsonl,313,1024,100,50,two_step_mf_RF50,77,0,0.001032,0.000671,0.003437,0.086723,0.001393,0.094137,0.25111553767168043,0.19047619047619047,313
0bbeb0653a569e5394ac94a502549b079f7a055c,meow1,AMD Ryzen 9 9950X 16-Core Processor,c++ (Ubuntu 15.2.0-4ubuntu4) 15.2.0,CMAKE_CXX_FLAGS:STRING= CMAKE_CXX_FLAGS_RELEASE:STRING=-O3 -DNDEBUG,wikimedia_wikipedia_mxbai,/home/yunchih/code/simsearch/python/out/local_query_embeddings_1024.parquet,/home/yunchih/code/simsearch/python/query_embeddings/combined.jsonl,313,1024,100,0,float32_avx2,78,0,0.0,0.0,0.0,0.0,0.0,0.012,1.0000000000000004,1.0,100
0bbeb0653a569e5394ac94a502549b079f7a055c,meow1,AMD Ryzen 9 9950X 16-Core Processor,c++ (Ubuntu 15.2.0-4ubuntu4) 15.2.0,CMAKE_CXX_FLAGS:STRING= CMAKE_CXX_FLAGS_RELEASE:STRING=-O3 -DNDEBUG,wikimedia_wikipedia_mxbai,/home/yunchih/code/simsearch/python/out/local_query_embeddings_1024.parquet,/home/yunchih/code/simsearch/python/query_embeddings/combined.jsonl,313,1024,100,0,binary,78,0,0.003387,0.000681,0.001042,0.0,0.0,0.005811,1.0000000000000004,1.0,100
0bbeb0653a569e5394ac94a502549b079f7a055c,meow1,AMD Ryzen 9 9950X 16-Core Processor,c++ (Ubuntu 15.2.0-4ubuntu4) 15.2.0,CMAKE_CXX_FLAGS:STRING= CMAKE_CXX_FLAGS_RELEASE:STRING=-O3 -DNDEBUG,wikimedia_wikipedia_mxbai,/home/yunchih/code/simsearch/python/out/local_query_embeddings_1024.parquet,/home/yunchih/code/simsearch/python/query_embeddings/combined.jsonl,313,1024,100,10,two_step_RF10,78,0,0.003227,0.000651,0.003366,0.011451,0.001423,0.02114,0.25111553767168043,0.19047619047619047,313
0bbeb0653a569e5394ac94a502549b079f7a055c,meow1,AMD Ryzen 9 9950X 16-Core Processor,c++ (Ubuntu 15.2.0-4ubuntu4) 15.2.0,CMAKE_CXX_FLAGS:STRING= CMAKE_CXX_FLAGS_RELEASE:STRING=-O3 -DNDEBUG,wikimedia_wikipedia_mxbai,/home/yunchih/code/simsearch/python/out/local_query_embeddings_1024.parquet,/home/yunchih/code/simsearch/python/query_embeddings/combined.jsonl,313,1024,100,50,two_step_RF50,78,0,0.000952,0.000682,0.003406,0.011511,0.001483,0.019056,0.25111553767168043,0.19047619047619047,313
0bbeb0653a569e5394ac94a502549b079f7a055c,meow1,AMD Ryzen 9 9950X 16-Core Processor,c++ (Ubuntu 15.2.0-4ubuntu4) 15.2.0,CMAKE_CXX_FLAGS:STRING= CMAKE_CXX_FLAGS_RELEASE:STRING=-O3 -DNDEBUG,wikimedia_wikipedia_mxbai,/home/yunchih/code/simsearch/python/out/local_query_embeddings_1024.parquet,/home/yunchih/code/simsearch/python/query_embeddings/combined.jsonl,313,1024,100,10,two_step_mf_RF10,78,0,0.003296,0.000701,0.003367,0.087374,0.001333,0.097013,0.25111553767168043,0.19047619047619047,313
0bbeb0653a569e5394ac94a502549b079f7a055c,meow1,AMD Ryzen 9 9950X 16-Core Processor,c++ (Ubuntu 15.2.0-4ubuntu4) 15.2.0,CMAKE_CXX_FLAGS:STRING= CMAKE_CXX_FLAGS_RELEASE:STRING=-O3 -DNDEBUG,wikimedia_wikipedia_mxbai,/home/yunchih/code/simsearch/python/out/local_query_embeddings_1024.parquet,/home/yunchih/code/simsearch/python/query_embeddings/combined.jsonl,313,1024,100,50,two_step_mf_RF50,78,0,0.001012,0.000672,0.003396,0.091031,0.001393,0.098355,0.25111553767168043,0.19047619047619047,313
0bbeb0653a569e5394ac94a502549b079f7a055c,meow1,AMD Ryzen 9 9950X 16-Core Processor,c++ (Ubuntu 15.2.0-4ubuntu4) 15.2.0,CMAKE_CXX_FLAGS:STRING= CMAKE_CXX_FLAGS_RELEASE:STRING=-O3 -DNDEBUG,wikimedia_wikipedia_mxbai,/home/yunchih/code/simsearch/python/out/local_query_embeddings_1024.parquet,/home/yunchih/code/simsearch/python/query_embeddings/combined.jsonl,313,1024,100,0,float32_avx2,79,0,0.0,0.0,0.0,0.0,0.0,0.012,1.0000000000000004,1.0,100
0bbeb0653a569e5394ac94a502549b079f7a055c,meow1,AMD Ryzen 9 9950X 16-Core Processor,c++ (Ubuntu 15.2.0-4ubuntu4) 15.2.0,CMAKE_CXX_FLAGS:STRING= CMAKE_CXX_FLAGS_RELEASE:STRING=-O3 -DNDEBUG,wikimedia_wikipedia_mxbai,/home/yunchih/code/simsearch/python/out/local_query_embeddings_1024.parquet,/home/yunchih/code/simsearch/python/query_embeddings/combined.jsonl,313,1024,100,0,binary,79,0,0.003537,0.000671,0.001032,0.0,0.0,0.005961,1.0000000000000004,1.0,100
0bbeb0653a569e5394ac94a502549b079f7a055c,meow1,AMD Ryzen 9 9950X 16-Core Processor,c++ (Ubuntu 15.2.0-4ubuntu4) 15.2.0,CMAKE_CXX_FLAGS:STRING= CMAKE_CXX_FLAGS_RELEASE:STRING=-O3 -DNDEBUG,wikimedia_wikipedia_mxbai,/home/yunchih/code/simsearch/python/out/local_query_embeddings_1024.parquet,/home/yunchih/code/simsearch/python/query_embeddings/combined.jsonl,313,1024,100,10,two_step_RF10,79,0,0.003256,0.000641,0.003416,0.011572,0.001432,0.0213,0.25111553767168043,0.19047619047619047,313
0bbeb0653a569e5394ac94a502549b079f7a055c,meow1,AMD Ryzen 9 9950X 16-Core Processor,c++ (Ubuntu 15.2.0-4ubuntu4) 15.2.0,CMAKE_CXX_FLAGS:STRING= CMAKE_CXX_FLAGS_RELEASE:STRING=-O3 -DNDEBUG,wikimedia_wikipedia_mxbai,/home/yunchih/code/simsearch/python/out/local_query_embeddings_1024.parquet,/home/yunchih/code/simsearch/python/query_embeddings/combined.jsonl,313,1024,100,50,two_step_RF50,79,0,0.001032,0.000702,0.003396,0.011401,0.001443,0.019026,0.25111553767168043,0.19047619047619047,313
0bbeb0653a569e5394ac94a502549b079f7a055c,meow1,AMD Ryzen 9 9950X 16-Core Processor,c++ (Ubuntu 15.2.0-4ubuntu4) 15.2.0,CMAKE_CXX_FLAGS:STRING= CMAKE_CXX_FLAGS_RELEASE:STRING=-O3 -DNDEBUG,wikimedia_wikipedia_mxbai,/home/yunchih/code/simsearch/python/out/local_query_embeddings_1024.parquet,/home/yunchih/code/simsearch/python/query_embeddings/combined.jsonl,313,1024,100,10,two_step_mf_RF10,79,0,0.003247,0.000681,0.003346,0.087394,0.001393,0.097053,0.25111553767168043,0.19047619047619047,313
0bbeb0653a569e5394ac94a502549b079f7a055c,meow1,AMD Ryzen 9 9950X 16-Core Processor,c++ (Ubuntu 15.2.0-4ubuntu4) 15.2.0,CMAKE_CXX_FLAGS:STRING= CMAKE_CXX_FLAGS_RELEASE:STRING=-O3 -DNDEBUG,wikimedia_wikipedia_mxbai,/home/yunchih/code/simsearch/python/out/local_query_embeddings_1024.parquet,/home/yunchih/code/simsearch/python/query_embeddings/combined.jsonl,313,1024,100,50,two_step_mf_RF50,79,0,0.001062,0.000672,0.003386,0.086763,0.001433,0.094177,0.25111553767168043,0.19047619047619047,313
0bbeb0653a569e5394ac94a502549b079f7a055c,meow1,AMD Ryzen 9 9950X 16-Core Processor,c++ (Ubuntu 15.2.0-4ubuntu4) 15.2.0,CMAKE_CXX_FLAGS:STRING= CMAKE_CXX_FLAGS_RELEASE:STRING=-O3 -DNDEBUG,wikimedia_wikipedia_mxbai,/home/yunchih/code/simsearch/python/out/local_query_embeddings_1024.parquet,/home/yunchih/code/simsearch/python/query_embeddings/combined.jsonl,313,1024,100,0,float32_avx2,80,0,0.0,0.0,0.0,0.0,0.0,0.011,1.0000000000000004,1.0,100
0bbeb0653a569e5394ac94a502549b079f7a055c,meow1,AMD Ryzen 9 9950X 16-Core Processor,c++ (Ubuntu 15.2.0-4ubuntu4) 15.2.0,CMAKE_CXX_FLAGS:STRING= CMAKE_CXX_FLAGS_RELEASE:STRING=-O3 -DNDEBUG,wikimedia_wikipedia_mxbai,/home/yunchih/code/simsearch/python/out/local_query_embeddings_1024.parquet,/home/yunchih/code/simsearch/python/query_embeddings/combined.jsonl,313,1024,100,0,binary,80,0,0.003537,0.000671,0.001072,0.0,0.0,0.005971,1.0000000000000004,1.0,100
0bbeb0653a569e5394ac94a502549b079f7a055c,meow1,AMD Ryzen 9 9950X 16-Core Processor,c++ (Ubuntu 15.2.0-4ubuntu4) 15.2.0,CMAKE_CXX_FLAGS:STRING= CMAKE_CXX_FLAGS_RELEASE:STRING=-O3 -DNDEBUG,wikimedia_wikipedia_mxbai,/home/yunchih/code/simsearch/python/out/local_query_embeddings_1024.parquet,/home/yunchih/code/simsearch/python/query_embeddings/combined.jsonl,313,1024,100,10,two_step_RF10,80,0,0.003286,0.000651,0.003387,0.011562,0.001413,0.02126,0.25111553767168043,0.19047619047619047,313
0bbeb0653a569e5394ac94a502549b079f7a055c,meow1,AMD Ryzen 9 9950X 16-Core Processor,c++ (Ubuntu 15.2.0-4ubuntu4) 15.2.0,CMAKE_CXX_FLAGS:STRING= CMAKE_CXX_FLAGS_RELEASE:STRING=-O3 -DNDEBUG,wikimedia_wikipedia_mxbai,/home/yunchih/code/simsearch/python/out/local_query_embeddings_1024.parquet,/home/yunchih/code/simsearch/python/query_embeddings/combined.jsonl,313,1024,100,50,two_step_RF50,80,0,0.000922,0.000691,0.003386,0.011421,0.001403,0.018845,0.25111553767168043,0.19047619047619047,313
0bbeb0653a569e5394ac94a502549b079f7a055c,meow1,AMD Ryzen 9 9950X 16-Core Processor,c++ (Ubuntu 15.2.0-4ubuntu4) 15.2.0,CMAKE_CXX_FLAGS:STRING= CMAKE_CXX_FLAGS_RELEASE:STRING=-O3 -DNDEBUG,wikimedia_wikipedia_mxbai,/home/yunchih/code/simsearch/python/out/local_query_embeddings_1024.parquet,/home/yunchih/code/simsearch/python/query_embeddings/combined.jsonl,313,1024,100,10,two_step_mf_RF10,80,0,0.003306,0.000691,0.003416,0.087494,0.001453,0.097303,0.25111553767168043,0.19047619047619047,313
0bbeb0653a569e5394ac94a502549b079f7a055c,meow1,AMD Ryzen 9 9950X 16-Core Processor,c++ (Ubuntu 15.2.0-4ubuntu4) 15.2.0,CMAKE_CXX_FLAGS:STRING= CMAKE_CXX_FLAGS_RELEASE:STRING=-O3 -DNDEBUG,wikimedia_wikipedia_mxbai,/home/yunchih/code/simsearch/python/out/local_query_embeddings_1024.parquet,/home/yunchih/code/simsearch/python/query_embeddings/combined.jsonl,313,1024,100,50,two_step_mf_RF50,80,0,0.001012,0.000661,0.003366,0.086783,0.001392,0.094066,0.25111553767168043,0.19047619047619047,313
0bbeb0653a569e5394ac94a502549b079f7a055c,meow1,AMD Ryzen 9 9950X 16-Core Processor,c++ (Ubuntu 15.2.0-4ubuntu4) 15.2.0,CMAKE_CXX_FLAGS:STRING= CMAKE_CXX_FLAGS_RELEASE:STRING=-O3 -DNDEBUG,wikimedia_wikipedia_mxbai,/home/yunchih/code/simsearch/python/out/local_query_embeddings_1024.parquet,/home/yunchih/code/simsearch/python/query_embeddings/combined.jsonl,313,1024,100,0,float32_avx2,81,0,0.0,0.0,0.0,0.0,0.0,0.012,1.0000000000000004,1.0,100
0bbeb0653a569e5394ac94a502549b079f7a055c,meow1,AMD Ryzen 9 9950X 16-Core Processor,c++ (Ubuntu 15.2.0-4ubuntu4) 15.2.0,CMAKE_CXX_FLAGS:STRING= CMAKE_CXX_FLAGS_RELEASE:STRING=-O3 -DNDEBUG,wikimedia_wikipedia_mxbai,/home/yunchih/code/simsearch/python/out/local_query_embeddings_1024.parquet,/home/yunchih/code/simsearch/python/query_embeddings/combined.jsonl,313,1024,100,0,binary,81,0,0.003396,0.000682,0.001002,0.0,0.0,0.005811,1.0000000000000004,1.0,100
0bbeb0653a569e5394ac94a502549b079f7a055c,meow1,AMD Ryzen 9 9950X 16-Core Processor,c++ (Ubuntu 15.2.0-4ubuntu4) 15.2.0,CMAKE_CXX_FLAGS:STRING= CMAKE_CXX_FLAGS_RELEASE:STRING=-O3 -DNDEBUG,wikimedia_wikipedia_mxbai,/home/yunchih/code/simsearch/python/out/local_query_embeddings_1024.parquet,/home/yunchih/code/simsearch/python/query_embeddings/combined.jsonl,313,1024,100,10,two_step_RF10,81,0,0.003176,0.000681,0.003356,0.011602,0.001393,0.02124,0.25111553767168043,0.19047619047619047,313
0bbeb0653a569e5394ac94a502549b079f7a055c,meow1,AMD Ryzen 9 9950X 16-Core Processor,c++ (Ubuntu 15.2.0-4ubuntu4) 15.2.0,CMAKE_CXX_FLAGS:STRING= CMAKE_CXX_FLAGS_RELEASE:STRING=-O3 -DNDEBUG,wikimedia_wikipedia_mxbai,/home/yunchih/code/simsearch/python/out/local_query_embeddings_1024.parquet,/home/yunchih/code/simsearch/python/query_embeddings/combined.jsonl,313,1024,100,50,two_step_RF50,81,0,0.000942,0.000692,0.003426,0.011341,0.001443,0.018916,0.25111553767168043,0.19047619047619047,313
0bbeb0653a569e5394ac94a502549b079f7a055c,meow1,AMD Ryzen 9 9950X 16-Core Processor,c++ (Ubuntu 15.2.0-4ubuntu4) 15.2.0,CMAKE_CXX_FLAGS:STRING= CMAKE_CXX_FLAGS_RELEASE:STRING=-O3 -DNDEBUG,wikimedia_wikipedia_mxbai,/home/yunchih/code/simsearch/python/out/local_query_embeddings_1024.parquet,/home/yunchih/code/simsearch/python/query_embeddings/combined.jsonl,313,1024,100,10,two_step_mf_RF10,81,0,0.003356,0.000691,0.003367,0.087454,0.001403,0.097243,0.25111553767168043,0.19047619047619047,313
0bbeb0653a569e5394ac94a502549b079f7a055c,meow1,AMD Ryzen 9 9950X 16-Core Processor,c++ (Ubuntu 15.2.0-4ubuntu4) 15.2.0,CMAKE_CXX_FLAGS:STRING= CMAKE_CXX_FLAGS_RELEASE:STRING=-O3 -DNDEBUG,wikimedia_wikipedia_mxbai,/home/yunchih/code/simsearch/python/out/local_query_embeddings_1024.parquet,/home/yunchih/code/simsearch/python/query_embeddings/combined.jsonl,313,1024,100,50,two_step_mf_RF50,81,0,0.001022,0.000682,0.003406,0.086763,0.001363,0.094117,0.25111553767168043,0.19047619047619047,313
0bbeb0653a569e5394ac94a502549b079f7a055c,meow1,AMD Ryzen 9 9950X 16-Core Processor,c++ (Ubuntu 15.2.0-4ubuntu4) 15.2.0,CMAKE_CXX_FLAGS:STRING= CMAKE_CXX_FLAGS_RELEASE:STRING=-O3 -DNDEBUG,wikimedia_wikipedia_mxbai,/home/yunchih/code/simsearch/python/out/local_query_embeddings_1024.parquet,/home/yunchih/code/simsearch/python/query_embeddings/combined.jsonl,313,1024,100,0,float32_avx2,82,0,0.0,0.0,0.0,0.0,0.0,0.012,1.0000000000000004,1.0,100
0bbeb0653a569e5394ac94a502549b079f7a055c,meow1,AMD Ryzen 9 9950X 16-Core Processor,c++ (Ubuntu 15.2.0-4ubuntu4) 15.2.0,CMAKE_CXX_FLAGS:STRING= CMAKE_CXX_FLAGS_RELEASE:STRING=-O3 -DNDEBUG,wikimedia_wikipedia_mxbai,/home/yunchih/code/simsearch/python/out/local_query_embeddings_1024.parquet,/home/yunchih/code/simsearch/python/query_embeddings/combined.jsonl,313,1024,100,0,binary,82,0,0.003527,0.000681,0.001012,0.0,0.0,0.005921,1.0000000000000004,1.0,100
0bbeb0653a569e5394ac94a502549b079f7a055c,meow1,AMD Ryzen 9 9950X 16-Core Processor,c++ (Ubuntu 15.2.0-4ubuntu4) 15.2.0,CMAKE_CXX_FLAGS:STRING= CMAKE_CXX_FLAGS_RELEASE:STRING=-O3 -DNDEBUG,wikimedia_wikipedia_mxbai,/home/yunchih/code/simsearch/python/out/local_query_embeddings_1024.parquet,/home/yunchih/code/simsearch/python/query_embeddings/combined.jsonl,313,1024,100,10,two_step_RF10,82,0,0.003266,0.000631,0.003377,0.011522,0.001443,0.02121,0.25111553767168043,0.19047619047619047,313
0bbeb0653a569e5394ac94a502549b079f7a055c,meow1,AMD Ryzen 9 9950X 16-Core Processor,c++ (Ubuntu 15.2.0-4ubuntu4) 15.2.0,CMAKE_CXX_FLAGS:STRING= CMAKE_CXX_FLAGS_RELEASE:STRING=-O3 -DNDEBUG,wikimedia_wikipedia_mxbai,/home/yunchih/code/simsearch/python/out/local_query_embeddings_1024.parquet,/home/yunchih/code/simsearch/python/query_embeddings/combined.jsonl,313,1024,100,50,two_step_RF50,82,0,0.000872,0.000701,0.003417,0.011552,0.001463,0.019036,0.25111553767168043,0.19047619047619047,313
0bbeb0653a569e5394ac94a502549b079f7a055c,meow1,AMD Ryzen 9 9950X 16-Core Processor,c++ (Ubuntu 15.2.0-4ubuntu4) 15.2.0,CMAKE_CXX_FLAGS:STRING= CMAKE_CXX_FLAGS_RELEASE:STRING=-O3 -DNDEBUG,wikimedia_wikipedia_mxbai,/home/yunchih/code/simsearch/python/out/local_query_embeddings_1024.parquet,/home/yunchih/code/simsearch/python/query_embeddings/combined.jsonl,313,1024,100,10,two_step_mf_RF10,82,0,0.003176,0.000671,0.003357,0.087384,0.001393,0.096932,0.25111553767168043,0.19047619047619047,313
0bbeb0653a569e5394ac94a502549b079f7a055c,meow1,AMD Ryzen 9 9950X 16-Core Processor,c++ (Ubuntu 15.2.0-4ubuntu4) 15.2.0,CMAKE_CXX_FLAGS:STRING= CMAKE_CXX_FLAGS_RELEASE:STRING=-O3 -DNDEBUG,wikimedia_wikipedia_mxbai,/home/yunchih/code/simsearch/python/out/local_query_embeddings_1024.parquet,/home/yunchih/code/simsearch/python/query_embeddings/combined.jsonl,313,1024,100,50,two_step_mf_RF50,82,0,0.000901,0.000642,0.003386,0.086834,0.001402,0.094046,0.25111553767168043,0.19047619047619047,313
0bbeb0653a569e5394ac94a502549b079f7a055c,meow1,AMD Ryzen 9 9950X 16-Core Processor,c++ (Ubuntu 15.2.0-4ubuntu4) 15.2.0,CMAKE_CXX_FLAGS:STRING= CMAKE_CXX_FLAGS_RELEASE:STRING=-O3 -DNDEBUG,wikimedia_wikipedia_mxbai,/home/yunchih/code/simsearch/python/out/local_query_embeddings_1024.parquet,/home/yunchih/code/simsearch/python/query_embeddings/combined.jsonl,313,1024,100,0,float32_avx2,83,0,0.0,0.0,0.0,0.0,0.0,0.012,1.0000000000000004,1.0,100
0bbeb0653a569e5394ac94a502549b079f7a055c,meow1,AMD Ryzen 9 9950X 16-Core Processor,c++ (Ubuntu 15.2.0-4ubuntu4) 15.2.0,CMAKE_CXX_FLAGS:STRING= CMAKE_CXX_FLAGS_RELEASE:STRING=-O3 -DNDEBUG,wikimedia_wikipedia_mxbai,/home/yunchih/code/simsearch/python/out/local_query_embeddings_1024.parquet,/home/yunchih/code/simsearch/python/query_embeddings/combined.jsonl,313,1024,100,0,binary,83,0,0.003407,0.000691,0.001052,0.0,0.0,0.005871,1.0000000000000004,1.0,100
0bbeb0653a569e5394ac94a502549b079f7a055c,meow1,AMD Ryzen 9 9950X 16-Core Processor,c++ (Ubuntu 15.2.0-4ubuntu4) 15.2.0,CMAKE_CXX_FLAGS:STRING= CMAKE_CXX_FLAGS_RELEASE:STRING=-O3 -DNDEBUG,wikimedia_wikipedia_mxbai,/home/yunchih/code/simsearch/python/out/local_query_embeddings_1024.parquet,/home/yunchih/code/simsearch/python/query_embeddings/combined.jsonl,313,1024,100,10,two_step_RF10,83,0,0.003196,0.000641,0.003377,0.011552,0.001393,0.02115,0.25111553767168043,0.19047619047619047,313
0bbeb0653a569e5394ac94a502549b079f7a055c,meow1,AMD Ryzen 9 9950X 16-Core Processor,c++ (Ubuntu 15.2.0-4ubuntu4) 15.2.0,CMAKE_CXX_FLAGS:STRING= CMAKE_CXX_FLAGS_RELEASE:STRING=-O3 -DNDEBUG,wikimedia_wikipedia_mxbai,/home/yunchih/code/simsearch/python/out/local_query_embeddings_1024.parquet,/home/yunchih/code/simsearch/python/query_embeddings/combined.jsonl,313,1024,100,50,two_step_RF50,83,0,0.000792,0.000711,0.003387,0.011422,0.001493,0.018856,0.25111553767168043,0.19047619047619047,313
0bbeb0653a569e5394ac94a502549b079f7a055c,meow1,AMD Ryzen 9 9950X 16-Core Processor,c++ (Ubuntu 15.2.0-4ubuntu4) 15.2.0,CMAKE_CXX_FLAGS:STRING= CMAKE_CXX_FLAGS_RELEASE:STRING=-O3 -DNDEBUG,wikimedia_wikipedia_mxbai,/home/yunchih/code/simsearch/python/out/local_query_embeddings_1024.parquet,/home/yunchih/code/simsearch/python/query_embeddings/combined.jsonl,313,1024,100,10,two_step_mf_RF10,83,0,0.003617,0.000691,0.003436,0.090279,0.001433,0.100388,0.25111553767168043,0.19047619047619047,313
0bbeb0653a569e5394ac94a502549b079f7a055c,meow1,AMD Ryzen 9 9950X 16-Core Processor,c++ (Ubuntu 15.2.0-4ubuntu4) 15.2.0,CMAKE_CXX_FLAGS:STRING= CMAKE_CXX_FLAGS_RELEASE:STRING=-O3 -DNDEBUG,wikimedia_wikipedia_mxbai,/home/yunchih/code/simsearch/python/out/local_query_embeddings_1024.parquet,/home/yunchih/code/simsearch/python/query_embeddings/combined.jsonl,313,1024,100,50,two_step_mf_RF50,83,0,0.001122,0.000672,0.003406,0.086794,0.001422,0.094307,0.25111553767168043,0.19047619047619047,313
0bbeb0653a569e5394ac94a502549b079f7a055c,meow1,AMD Ryzen 9 9950X 16-Core Processor,c++ (Ubuntu 15.2.0-4ubuntu4) 15.2.0,CMAKE_CXX_FLAGS:STRING= CMAKE_CXX_FLAGS_RELEASE:STRING=-O3 -DNDEBUG,wikimedia_wikipedia_mxbai,/home/yunchih/code/simsearch/python/out/local_query_embeddings_1024.parquet,/home/yunchih/code/simsearch/python/query_embeddings/combined.jsonl,313,1024,100,0,float32_avx2,84,0,0.0,0.0,0.0,0.0,0.0,0.011,1.0000000000000004,1.0,100
0bbeb0653a569e5394ac94a502549b079f7a055c,meow1,AMD Ryzen 9 9950X 16-Core Processor,c++ (Ubuntu 15.2.0-4ubuntu4) 15.2.0,CMAKE_CXX_FLAGS:STRING= CMAKE_CXX_FLAGS_RELEASE:STRING=-O3 -DNDEBUG,wikimedia_wikipedia_mxbai,/home/yunchih/code/simsearch/python/out/local_query_embeddings_1024.parquet,/home/yunchih/code/simsearch/python/query_embeddings/combined.jsonl,313,1024,100,0,binary,84,0,0.003407,0.000681,0.001042,0.0,0.0,0.005841,1.0000000000000004,1.0,100
0bbeb0653a569e5394ac94a502549b079f7a055c,meow1,AMD Ryzen 9 9950X 16-Core Processor,c++ (Ubuntu 15.2.0-4ubuntu4) 15.2.0,CMAKE_CXX_FLAGS:STRING= CMAKE_CXX_FLAGS_RELEASE:STRING=-O3 -DNDEBUG,wikimedia_wikipedia_mxbai,/home/yunchih/code/simsearch/python/out/local_query_embeddings_1024.parquet,/home/yunchih/code/simsearch/python/query_embeddings/combined.jsonl,313,1024,100,10,two_step_RF10,84,0,0.003226,0.000661,0.003396,0.011612,0.001492,0.021361,0.25111553767168043,0.19047619047619047,313
0bbeb0653a569e5394ac94a502549b079f7a055c,meow1,AMD Ryzen 9 9950X 16-Core Processor,c++ (Ubuntu 15.2.0-4ubuntu4) 15.2.0,CMAKE_CXX_FLAGS:STRING= CMAKE_CXX_FLAGS_RELEASE:STRING=-O3 -DNDEBUG,wikimedia_wikipedia_mxbai,/home/yunchih/code/simsearch/python/out/local_query_embeddings_1024.parquet,/home/yunchih/code/simsearch/python/query_embeddings/combined.jsonl,313,1024,100,50,two_step_RF50,84,0,0.000942,0.000691,0.003387,0.011402,0.001443,0.018906,0.25111553767168043,0.19047619047619047,313
0bbeb0653a569e5394ac94a502549b079f7a055c,meow1,AMD Ryzen 9 9950X 16-Core Processor,c++ (Ubuntu 15.2.0-4ubuntu4) 15.2.0,CMAKE_CXX_FLAGS:STRING= CMAKE_CXX_FLAGS_RELEASE:STRING=-O3 -DNDEBUG,wikimedia_wikipedia_mxbai,/home/yunchih/code/simsearch/python/out/local_query_embeddings_1024.parquet,/home/yunchih/code/simsearch/python/query_embeddings/combined.jsonl,313,1024,100,10,two_step_mf_RF10,84,0,0.003136,0.000681,0.003376,0.087524,0.001393,0.097042,0.25111553767168043,0.19047619047619047,313
0bbeb0653a569e5394ac94a502549b079f7a055c,meow1,AMD Ryzen 9 9950X 16-Core Processor,c++ (Ubuntu 15.2.0-4ubuntu4) 15.2.0,CMAKE_CXX_FLAGS:STRING= CMAKE_CXX_FLAGS_RELEASE:STRING=-O3 -DNDEBUG,wikimedia_wikipedia_mxbai,/home/yunchih/code/simsearch/python/out/local_query_embeddings_1024.parquet,/home/yunchih/code/simsearch/python/query_embeddings/combined.jsonl,313,1024,100,50,two_step_mf_RF50,84,0,0.000992,0.000651,0.003397,0.086823,0.001423,0.094147,0.25111553767168043,0.19047619047619047,313
0bbeb0653a569e5394ac94a502549b079f7a055c,meow1,AMD Ryzen 9 9950X 16-Core Processor,c++ (Ubuntu 15.2.0-4ubuntu4) 15.2.0,CMAKE_CXX_FLAGS:STRING= CMAKE_CXX_FLAGS_RELEASE:STRING=-O3 -DNDEBUG,wikimedia_wikipedia_mxbai,/home/yunchih/code/simsearch/python/out/local_query_embeddings_1024.parquet,/home/yunchih/code/simsearch/python/query_embeddings/combined.jsonl,313,1024,100,0,float32_avx2,85,0,0.0,0.0,0.0,0.0,0.0,0.012,1.0000000000000004,1.0,100
0bbeb0653a569e5394ac94a502549b079f7a055c,meow1,AMD Ryzen 9 9950X 16-Core Processor,c++ (Ubuntu 15.2.0-4ubuntu4) 15.2.0,CMAKE_CXX_FLAGS:STRING= CMAKE_CXX_FLAGS_RELEASE:STRING=-O3 -DNDEBUG,wikimedia_wikipedia_mxbai,/home/yunchih/code/simsearch/python/out/local_query_embeddings_1024.parquet,/home/yunchih/code/simsearch/python/query_embeddings/combined.jsonl,313,1024,100,0,binary,85,0,0.003397,0.000691,0.001062,0.0,0.0,0.005891,1.0000000000000004,1.0,100
0bbeb0653a569e5394ac94a502549b079f7a055c,meow1,AMD Ryzen 9 9950X 16-Core Processor,c++ (Ubuntu 15.2.0-4ubuntu4) 15.2.0,CMAKE_CXX_FLAGS:STRING= CMAKE_CXX_FLAGS_RELEASE:STRING=-O3 -DNDEBUG,wikimedia_wikipedia_mxbai,/home/yunchih/code/simsearch/python/out/local_query_embeddings_1024.parquet,/home/yunchih/code/simsearch/python/query_embeddings/combined.jsonl,313,1024,100,10,two_step_RF10,85,0,0.003487,0.000651,0.003366,0.011532,0.001412,0.02145,0.25111553767168043,0.19047619047619047,313
0bbeb0653a569e5394ac94a502549b079f7a055c,meow1,AMD Ryzen 9 9950X 16-Core Processor,c++ (Ubuntu 15.2.0-4ubuntu4) 15.2.0,CMAKE_CXX_FLAGS:STRING= CMAKE_CXX_FLAGS_RELEASE:STRING=-O3 -DNDEBUG,wikimedia_wikipedia_mxbai,/home/yunchih/code/simsearch/python/out/local_query_embeddings_1024.parquet,/home/yunchih/code/simsearch/python/query_embeddings/combined.jsonl,313,1024,100,50,two_step_RF50,85,0,0.000842,0.000691,0.003457,0.011422,0.001422,0.018875,0.25111553767168043,0.19047619047619047,313
0bbeb0653a569e5394ac94a502549b079f7a055c,meow1,AMD Ryzen 9 9950X 16-Core Processor,c++ (Ubuntu 15.2.0-4ubuntu4) 15.2.0,CMAKE_CXX_FLAGS:STRING= CMAKE_CXX_FLAGS_RELEASE:STRING=-O3 -DNDEBUG,wikimedia_wikipedia_mxbai,/home/yunchih/code/simsearch/python/out/local_query_embeddings_1024.parquet,/home/yunchih/code/simsearch/python/query_embeddings/combined.jsonl,313,1024,100,10,two_step_mf_RF10,85,0,0.003347,0.000681,0.003366,0.087494,0.001443,0.097303,0.25111553767168043,0.19047619047619047,313
0bbeb0653a569e5394ac94a502549b079f7a055c,meow1,AMD Ryzen 9 9950X 16-Core Processor,c++ (Ubuntu 15.2.0-4ubuntu4) 15.2.0,CMAKE_CXX_FLAGS:STRING= CMAKE_CXX_FLAGS_RELEASE:STRING=-O3 -DNDEBUG,wikimedia_wikipedia_mxbai,/home/yunchih/code/simsearch/python/out/local_query_embeddings_1024.parquet,/home/yunchih/code/simsearch/python/query_embeddings/combined.jsonl,313,1024,100,50,two_step_mf_RF50,85,0,0.001042,0.000671,0.003407,0.086753,0.001403,0.094147,0.25111553767168043,0.19047619047619047,313
0bbeb0653a569e5394ac94a502549b079f7a055c,meow1,AMD Ryzen 9 9950X 16-Core Processor,c++ (Ubuntu 15.2.0-4ubuntu4) 15.2.0,CMAKE_CXX_FLAGS:STRING= CMAKE_CXX_FLAGS_RELEASE:STRING=-O3 -DNDEBUG,wikimedia_wikipedia_mxbai,/home/yunchih/code/simsearch/python/out/local_query_embeddings_1024.parquet,/home/yunchih/code/simsearch/python/query_embeddings/combined.jsonl,313,1024,100,0,float32_avx2,86,0,0.0,0.0,0.0,0.0,0.0,0.011,1.0000000000000004,1.0,100
0bbeb0653a569e5394ac94a502549b079f7a055c,meow1,AMD Ryzen 9 9950X 16-Core Processor,c++ (Ubuntu 15.2.0-4ubuntu4) 15.2.0,CMAKE_CXX_FLAGS:STRING= CMAKE_CXX_FLAGS_RELEASE:STRING=-O3 -DNDEBUG,wikimedia_wikipedia_mxbai,/home/yunchih/code/simsearch/python/out/local_query_embeddings_1024.parquet,/home/yunchih/code/simsearch/python/query_embeddings/combined.jsonl,313,1024,100,0,binary,86,0,0.003346,0.000672,0.001011,0.0,0.0,0.005751,1.0000000000000004,1.0,100
0bbeb0653a569e5394ac94a502549b079f7a055c,meow1,AMD Ryzen 9 9950X 16-Core Processor,c++ (Ubuntu 15.2.0-4ubuntu4) 15.2.0,CMAKE_CXX_FLAGS:STRING= CMAKE_CXX_FLAGS_RELEASE:STRING=-O3 -DNDEBUG,wikimedia_wikipedia_mxbai,/home/yunchih/code/simsearch/python/out/local_query_embeddings_1024.parquet,/home/yunchih/code/simsearch/python/query_embeddings/combined.jsonl,313,1024,100,10,two_step_RF10,86,0,0.003297,0.000651,0.003386,0.011561,0.001452,0.02131,0.25111553767168043,0.19047619047619047,313
0bbeb0653a569e5394ac94a502549b079f7a055c,meow1,AMD Ryzen 9 9950X 16-Core Processor,c++ (Ubuntu 15.2.0-4ubuntu4) 15.2.0,CMAKE_CXX_FLAGS:STRING= CMAKE_CXX_FLAGS_RELEASE:STRING=-O3 -DNDEBUG,wikimedia_wikipedia_mxbai,/home/yunchih/code/simsearch/python/out/local_query_embeddings_1024.parquet,/home/yunchih/code/simsearch/python/query_embeddings/combined.jsonl,313,1024,100,50,two_step_RF50,86,0,0.000782,0.000701,0.003376,0.011492,0.001442,0.018815,0.25111553767168043,0.19047619047619047,313
0bbeb0653a569e5394ac94a502549b079f7a055c,meow1,AMD Ryzen 9 9950X 16-Core Processor,c++ (Ubuntu 15.2.0-4ubuntu4) 15.2.0,CMAKE_CXX_FLAGS:STRING= CMAKE_CXX_FLAGS_RELEASE:STRING=-O3 -DNDEBUG,wikimedia_wikipedia_mxbai,/home/yunchih/code/simsearch/python/out/local_query_embeddings_1024.parquet,/home/yunchih/code/simsearch/python/query_embeddings/combined.jsonl,313,1024,100,10,two_step_mf_RF10,86,0,0.003156,0.000691,0.003387,0.087474,0.001403,0.097032,0.25111553767168043,0.19047619047619047,313
0bbeb0653a569e5394ac94a502549b079f7a055c,meow1,AMD Ryzen 9 9950X 16-Core Processor,c++ (Ubuntu 15.2.0-4ubuntu4) 15.2.0,CMAKE_CXX_FLAGS:STRING= CMAKE_CXX_FLAGS_RELEASE:STRING=-O3 -DNDEBUG,wikimedia_wikipedia_mxbai,/home/yunchih/code/simsearch/python/out/local_query_embeddings_1024.parquet,/home/yunchih/code/simsearch/python/query_embeddings/combined.jsonl,313,1024,100,50,two_step_mf_RF50,86,0,0.000912,0.000661,0.003377,0.086773,0.001413,0.093997,0.25111553767168043,0.19047619047619047,313
0bbeb0653a569e5394ac94a502549b079f7a055c,meow1,AMD Ryzen 9 9950X 16-Core Processor,c++ (Ubuntu 15.2.0-4ubuntu4) 15.2.0,CMAKE_CXX_FLAGS:STRING= CMAKE_CXX_FLAGS_RELEASE:STRING=-O3 -DNDEBUG,wikimedia_wikipedia_mxbai,/home/yunchih/code/simsearch/python/out/local_query_embeddings_1024.parquet,/home/yunchih/code/simsearch/python/query_embeddings/combined.jsonl,313,1024,100,0,float32_avx2,87,0,0.0,0.0,0.0,0.0,0.0,0.012,1.0000000000000004,1.0,100
0bbeb0653a569e5394ac94a502549b079f7a055c,meow1,AMD Ryzen 9 9950X 16-Core Processor,c++ (Ubuntu 15.2.0-4ubuntu4) 15.2.0,CMAKE_CXX_FLAGS:STRING= CMAKE_CXX_FLAGS_RELEASE:STRING=-O3 -DNDEBUG,wikimedia_wikipedia_mxbai,/home/yunchih/code/simsearch/python/out/local_query_embeddings_1024.parquet,/home/yunchih/code/simsearch/python/query_embeddings/combined.jsonl,313,1024,100,0,binary,87,0,0.003496,0.000662,0.001042,0.0,0.0,0.005941,1.0000000000000004,1.0,100
0bbeb0653a569e5394ac94a502549b079f7a055c,meow1,AMD Ryzen 9 9950X 16-Core Processor,c++ (Ubuntu 15.2.0-4ubuntu4) 15.2.0,CMAKE_CXX_FLAGS:STRING= CMAKE_CXX_FLAGS_RELEASE:STRING=-O3 -DNDEBUG,wikimedia_wikipedia_mxbai,/home/yunchih/code/simsearch/python/out/local_query_embeddings_1024.parquet,/home/yunchih/code/simsearch/python/query_embeddings/combined.jsonl,313,1024,100,10,two_step_RF10,87,0,0.003096,0.000641,0.003366,0.011622,0.001372,0.021099,0.25111553767168043,0.19047619047619047,313
0bbeb0653a569e5394ac94a502549b079f7a055c,meow1,AMD Ryzen 9 9950X 16-Core Processor,c++ (Ubuntu 15.2.0-4ubuntu4) 15.2.0,CMAKE_CXX_FLAGS:STRING= CMAKE_CXX_FLAGS_RELEASE:STRING=-O3 -DNDEBUG,wikimedia_wikipedia_mxbai,/home/yunchih/code/simsearch/python/out/local_query_embeddings_1024.parquet,/home/yunchih/code/simsearch/python/query_embeddings/combined.jsonl,313,1024,100,50,two_step_RF50,87,0,0.000892,0.000661,0.003417,0.011552,0.001483,0.019076,0.25111553767168043,0.19047619047619047,313
0bbeb0653a569e5394ac94a502549b079f7a055c,meow1,AMD Ryzen 9 9950X 16-Core Processor,c++ (Ubuntu 15.2.0-4ubuntu4) 15.2.0,CMAKE_CXX_FLAGS:STRING= CMAKE_CXX_FLAGS_RELEASE:STRING=-O3 -DNDEBUG,wikimedia_wikipedia_mxbai,/home/yunchih/code/simsearch/python/out/local_query_embeddings_1024.parquet,/home/yunchih/code/simsearch/python/query_embeddings/combined.jsonl,313,1024,100,10,two_step_mf_RF10,87,0,0.003266,0.000671,0.003377,0.087434,0.001423,0.097092,0.25111553767168043,0.19047619047619047,313
0bbeb0653a569e5394ac94a502549b079f7a055c,meow1,AMD Ryzen 9 9950X 16-Core Processor,c++ (Ubuntu 15.2.0-4ubuntu4) 15.2.0,CMAKE_CXX_FLAGS:STRING= CMAKE_CXX_FLAGS_RELEASE:STRING=-O3 -DNDEBUG,wikimedia_wikipedia_mxbai,/home/yunchih/code/simsearch/python/out/local_query_embeddings_1024.parquet,/home/yunchih/code/simsearch/python/query_embeddings/combined.jsonl,313,1024,100,50,two_step_mf_RF50,87,0,0.000932,0.000651,0.003406,0.086833,0.001423,0.094127,0.25111553767168043,0.19047619047619047,313
0bbeb0653a569e5394ac94a502549b079f7a055c,meow1,AMD Ryzen 9 9950X 16-Core Processor,c++ (Ubuntu 15.2.0-4ubuntu4) 15.2.0,CMAKE_CXX_FLAGS:STRING= CMAKE_CXX_FLAGS_RELEASE:STRING=-O3 -DNDEBUG,wikimedia_wikipedia_mxbai,/home/yunchih/code/simsearch/python/out/local_query_embeddings_1024.parquet,/home/yunchih/code/simsearch/python/query_embeddings/combined.jsonl,313,1024,100,0,float32_avx2,88,0,0.0,0.0,0.0,0.0,0.0,0.012,1.0000000000000004,1.0,100
0bbeb0653a569e5394ac94a502549b079f7a055c,meow1,AMD Ryzen 9 9950X 16-Core Processor,c++ (Ubuntu 15.2.0-4ubuntu4) 15.2.0,CMAKE_CXX_FLAGS:STRING= CMAKE_CXX_FLAGS_RELEASE:STRING=-O3 -DNDEBUG,wikimedia_wikipedia_mxbai,/home/yunchih/code/simsearch/python/out/local_query_embeddings_1024.parquet,/home/yunchih/code/simsearch/python/query_embeddings/combined.jsonl,313,1024,100,0,binary,88,0,0.003417,0.000661,0.001042,0.0,0.0,0.005841,1.0000000000000004,1.0,100
0bbeb0653a569e5394ac94a502549b079f7a055c,meow1,AMD Ryzen 9 9950X 16-Core Processor,c++ (Ubuntu 15.2.0-4ubuntu4) 15.2.0,CMAKE_CXX_FLAGS:STRING= CMAKE_CXX_FLAGS_RELEASE:STRING=-O3 -DNDEBUG,wikimedia_wikipedia_mxbai,/home/yunchih/code/simsearch/python/out/local_query_embeddings_1024.parquet,/home/yunchih/code/simsearch/python/query_embeddings/combined.jsonl,313,1024,100,10,two_step_RF10,88,0,0.003236,0.000651,0.003407,0.011492,0.001383,0.02114,0.25111553767168043,0.19047619047619047,313
0bbeb0653a569e5394ac94a502549b079f7a055c,meow1,AMD Ryzen 9 9950X 16-Core Processor,c++ (Ubuntu 15.2.0-4ubuntu4) 15.2.0,CMAKE_CXX_FLAGS:STRING= CMAKE_CXX_FLAGS_RELEASE:STRING=-O3 -DNDEBUG,wikimedia_wikipedia_mxbai,/home/yunchih/code/simsearch/python/out/local_query_embeddings_1024.parquet,/home/yunchih/code/simsearch/python/query_embeddings/combined.jsonl,313,1024,100,50,two_step_RF50,88,0,0.000692,0.000691,0.003397,0.011412,0.001432,0.018665,0.25111553767168043,0.19047619047619047,313
0bbeb0653a569e5394ac94a502549b079f7a055c,meow1,AMD Ryzen 9 9950X 16-Core Processor,c++ (Ubuntu 15.2.0-4ubuntu4) 15.2.0,CMAKE_CXX_FLAGS:STRING= CMAKE_CXX_FLAGS_RELEASE:STRING=-O3 -DNDEBUG,wikimedia_wikipedia_mxbai,/home/yunchih/code/simsearch/python/out/local_query_embeddings_1024.parquet,/home/yunchih/code/simsearch/python/query_embeddings/combined.jsonl,313,1024,100,10,two_step_mf_RF10,88,0,0.003347,0.000681,0.003397,0.087494,0.001413,0.097283,0.25111553767168043,0.19047619047619047,313
0bbeb0653a569e5394ac94a502549b079f7a055c,meow1,AMD Ryzen 9 9950X 16-Core Processor,c++ (Ubuntu 15.2.0-4ubuntu4) 15.2.0,CMAKE_CXX_FLAGS:STRING= CMAKE_CXX_FLAGS_RELEASE:STRING=-O3 -DNDEBUG,wikimedia_wikipedia_mxbai,/home/yunchih/code/simsearch/python/out/local_query_embeddings_1024.parquet,/home/yunchih/code/simsearch/python/query_embeddings/combined.jsonl,313,1024,100,50,two_step_mf_RF50,88,0,0.001112,0.000632,0.003376,0.086733,0.001373,0.094097,0.25111553767168043,0.19047619047619047,313
0bbeb0653a569e5394ac94a502549b079f7a055c,meow1,AMD Ryzen 9 9950X 16-Core Processor,c++ (Ubuntu 15.2.0-4ubuntu4) 15.2.0,CMAKE_CXX_FLAGS:STRING= CMAKE_CXX_FLAGS_RELEASE:STRING=-O3 -DNDEBUG,wikimedia_wikipedia_mxbai,/home/yunchih/code/simsearch/python/out/local_query_embeddings_1024.parquet,/home/yunchih/code/simsearch/python/query_embeddings/combined.jsonl,313,1024,100,0,float32_avx2,89,0,0.0,0.0,0.0,0.0,0.0,0.011,1.0000000000000004,1.0,100
0bbeb0653a569e5394ac94a502549b079f7a055c,meow1,AMD Ryzen 9 9950X 16-Core Processor,c++ (Ubuntu 15.2.0-4ubuntu4) 15.2.0,CMAKE_CXX_FLAGS:STRING= CMAKE_CXX_FLAGS_RELEASE:STRING=-O3 -DNDEBUG,wikimedia_wikipedia_mxbai,/home/yunchih/code/simsearch/python/out/local_query_embeddings_1024.parquet,/home/yunchih/code/simsearch/python/query_embeddings/combined.jsonl,313,1024,100,0,binary,89,0,0.003507,0.000671,0.001062,0.0,0.0,0.006001,1.0000000000000004,1.0,100
0bbeb0653a569e5394ac94a502549b079f7a055c,meow1,AMD Ryzen 9 9950X 16-Core Processor,c++ (Ubuntu 15.2.0-4ubuntu4) 15.2.0,CMAKE_CXX_FLAGS:STRING= CMAKE_CXX_FLAGS_RELEASE:STRING=-O3 -DNDEBUG,wikimedia_wikipedia_mxbai,/home/yunchih/code/simsearch/python/out/local_query_embeddings_1024.parquet,/home/yunchih/code/simsearch/python/query_embeddings/combined.jsonl,313,1024,100,10,two_step_RF10,89,0,0.003307,0.000631,0.003396,0.011622,0.001432,0.021401,0.25111553767168043,0.19047619047619047,313
0bbeb0653a569e5394ac94a502549b079f7a055c,meow1,AMD Ryzen 9 9950X 16-Core Processor,c++ (Ubuntu 15.2.0-4ubuntu4) 15.2.0,CMAKE_CXX_FLAGS:STRING= CMAKE_CXX_FLAGS_RELEASE:STRING=-O3 -DNDEBUG,wikimedia_wikipedia_mxbai,/home/yunchih/code/simsearch/python/out/local_query_embeddings_1024.parquet,/home/yunchih/code/simsearch/python/query_embeddings/combined.jsonl,313,1024,100,50,two_step_RF50,89,0,0.000822,0.000671,0.003397,0.011362,0.001452,0.018766,0.25111553767168043,0.19047619047619047,313
0bbeb0653a569e5394ac94a502549b079f7a055c,meow1,AMD Ryzen 9 9950X 16-Core Processor,c++ (Ubuntu 15.2.0-4ubuntu4) 15.2.0,CMAKE_CXX_FLAGS:STRING= CMAKE_CXX_FLAGS_RELEASE:STRING=-O3 -DNDEBUG,wikimedia_wikipedia_mxbai,/home/yunchih/code/simsearch/python/out/local_query_embeddings_1024.parquet,/home/yunchih/code/simsearch/python/query_embeddings/combined.jsonl,313,1024,100,10,two_step_mf_RF10,89,0,0.003256,0.000672,0.003396,0.087345,0.001452,0.097073,0.25111553767168043,0.19047619047619047,313
0bbeb0653a569e5394ac94a502549b079f7a055c,meow1,AMD Ryzen 9 9950X 16-Core Processor,c++ (Ubuntu 15.2.0-4ubuntu4) 15.2.0,CMAKE_CXX_FLAGS:STRING= CMAKE_CXX_FLAGS_RELEASE:STRING=-O3 -DNDEBUG,wikimedia_wikipedia_mxbai,/home/yunchih/code/simsearch/python/out/local_query_embeddings_1024.parquet,/home/yunchih/code/simsearch/python/query_embeddings/combined.jsonl,313,1024,100,50,two_step_mf_RF50,89,0,0.000842,0.000651,0.003407,0.088817,0.001392,0.096001,0.25111553767168043,0.19047619047619047,313
0bbeb0653a569e5394ac94a502549b079f7a055c,meow1,AMD Ryzen 9 9950X 16-Core Processor,c++ (Ubuntu 15.2.0-4ubuntu4) 15.2.0,CMAKE_CXX_FLAGS:STRING= CMAKE_CXX_FLAGS_RELEASE:STRING=-O3 -DNDEBUG,wikimedia_wikipedia_mxbai,/home/yunchih/code/simsearch/python/out/local_query_embeddings_1024.parquet,/home/yunchih/code/simsearch/python/query_embeddings/combined.jsonl,313,1024,100,0,float32_avx2,90,0,0.0,0.0,0.0,0.0,0.0,0.011,1.0000000000000004,1.0,100
0bbeb0653a569e5394ac94a502549b079f7a055c,meow1,AMD Ryzen 9 9950X 16-Core Processor,c++ (Ubuntu 15.2.0-4ubuntu4) 15.2.0,CMAKE_CXX_FLAGS:STRING= CMAKE_CXX_FLAGS_RELEASE:STRING=-O3 -DNDEBUG,wikimedia_wikipedia_mxbai,/home/yunchih/code/simsearch/python/out/local_query_embeddings_1024.parquet,/home/yunchih/code/simsearch/python/query_embeddings/combined.jsonl,313,1024,100,0,binary,90,0,0.003437,0.000671,0.001022,0.0,0.0,0.005841,1.0000000000000004,1.0,100
0bbeb0653a569e5394ac94a502549b079f7a055c,meow1,AMD Ryzen 9 9950X 16-Core Processor,c++ (Ubuntu 15.2.0-4ubuntu4) 15.2.0,CMAKE_CXX_FLAGS:STRING= CMAKE_CXX_FLAGS_RELEASE:STRING=-O3 -DNDEBUG,wikimedia_wikipedia_mxbai,/home/yunchih/code/simsearch/python/out/local_query_embeddings_1024.parquet,/home/yunchih/code/simsearch/python/query_embeddings/combined.jsonl,313,1024,100,10,two_step_RF10,90,0,0.003286,0.000651,0.003377,0.011542,0.001403,0.02122,0.25111553767168043,0.19047619047619047,313
0bbeb0653a569e5394ac94a502549b079f7a055c,meow1,AMD Ryzen 9 9950X 16-Core Processor,c++ (Ubuntu 15.2.0-4ubuntu4) 15.2.0,CMAKE_CXX_FLAGS:STRING= CMAKE_CXX_FLAGS_RELEASE:STRING=-O3 -DNDEBUG,wikimedia_wikipedia_mxbai,/home/yunchih/code/simsearch/python/out/local_query_embeddings_1024.parquet,/home/yunchih/code/simsearch/python/query_embeddings/combined.jsonl,313,1024,100,50,two_step_RF50,90,0,0.001123,0.000691,0.003396,0.011442,0.001462,0.019126,0.25111553767168043,0.19047619047619047,313
0bbeb0653a569e5394ac94a502549b079f7a055c,meow1,AMD Ryzen 9 9950X 16-Core Processor,c++ (Ubuntu 15.2.0-4ubuntu4) 15.2.0,CMAKE_CXX_FLAGS:STRING= CMAKE_CXX_FLAGS_RELEASE:STRING=-O3 -DNDEBUG,wikimedia_wikipedia_mxbai,/home/yunchih/code/simsearch/python/out/local_query_embeddings_1024.parquet,/home/yunchih/code/simsearch/python/query_embeddings/combined.jsonl,313,1024,100,10,two_step_mf_RF10,90,0,0.003196,0.000671,0.003367,0.087424,0.001413,0.097002,0.25111553767168043,0.19047619047619047,313
0bbeb0653a569e5394ac94a502549b079f7a055c,meow1,AMD Ryzen 9 9950X 16-Core Processor,c++ (Ubuntu 15.2.0-4ubuntu4) 15.2.0,CMAKE_CXX_FLAGS:STRING= CMAKE_CXX_FLAGS_RELEASE:STRING=-O3 -DNDEBUG,wikimedia_wikipedia_mxbai,/home/yunchih/code/simsearch/python/out/local_query_embeddings_1024.parquet,/home/yunchih/code/simsearch/python/query_embeddings/combined.jsonl,313,1024,100,50,two_step_mf_RF50,90,0,0.000992,0.000651,0.003387,0.086733,0.001382,0.094017,0.25111553767168043,0.19047619047619047,313
0bbeb0653a569e5394ac94a502549b079f7a055c,meow1,AMD Ryzen 9 9950X 16-Core Processor,c++ (Ubuntu 15.2.0-4ubuntu4) 15.2.0,CMAKE_CXX_FLAGS:STRING= CMAKE_CXX_FLAGS_RELEASE:STRING=-O3 -DNDEBUG,wikimedia_wikipedia_mxbai,/home/yunchih/code/simsearch/python/out/local_query_embeddings_1024.parquet,/home/yunchih/code/simsearch/python/query_embeddings/combined.jsonl,313,1024,100,0,float32_avx2,91,0,0.0,0.0,0.0,0.0,0.0,0.011,1.0000000000000004,1.0,100
0bbeb0653a569e5394ac94a502549b079f7a055c,meow1,AMD Ryzen 9 9950X 16-Core Processor,c++ (Ubuntu 15.2.0-4ubuntu4) 15.2.0,CMAKE_CXX_FLAGS:STRING= CMAKE_CXX_FLAGS_RELEASE:STRING=-O3 -DNDEBUG,wikimedia_wikipedia_mxbai,/home/yunchih/code/simsearch/python/out/local_query_embeddings_1024.parquet,/home/yunchih/code/simsearch/python/query_embeddings/combined.jsonl,313,1024,100,0,binary,91,0,0.003677,0.000661,0.001062,0.0,0.0,0.006121,1.0000000000000004,1.0,100
0bbeb0653a569e5394ac94a502549b079f7a055c,meow1,AMD Ryzen 9 9950X 16-Core Processor,c++ (Ubuntu 15.2.0-4ubuntu4) 15.2.0,CMAKE_CXX_FLAGS:STRING= CMAKE_CXX_FLAGS_RELEASE:STRING=-O3 -DNDEBUG,wikimedia_wikipedia_mxbai,/home/yunchih/code/simsearch/python/out/local_query_embeddings_1024.parquet,/home/yunchih/code/simsearch/python/query_embeddings/combined.jsonl,313,1024,100,10,two_step_RF10,91,0,0.003266,0.000641,0.003367,0.011542,0.001383,0.02123,0.25111553767168043,0.19047619047619047,313
0bbeb0653a569e5394ac94a502549b079f7a055c,meow1,AMD Ryzen 9 9950X 16-Core Processor,c++ (Ubuntu 15.2.0-4ubuntu4) 15.2.0,CMAKE_CXX_FLAGS:STRING= CMAKE_CXX_FLAGS_RELEASE:STRING=-O3 -DNDEBUG,wikimedia_wikipedia_mxbai,/home/yunchih/code/simsearch/python/out/local_query_embeddings_1024.parquet,/home/yunchih/code/simsearch/python/query_embeddings/combined.jsonl,313,1024,100,50,two_step_RF50,91,0,0.000952,0.000671,0.003417,0.011562,0.001463,0.019136,0.25111553767168043,0.19047619047619047,313
0bbeb0653a569e5394ac94a502549b079f7a055c,meow1,AMD Ryzen 9 9950X 16-Core Processor,c++ (Ubuntu 15.2.0-4ubuntu4) 15.2.0,CMAKE_CXX_FLAGS:STRING= CMAKE_CXX_FLAGS_RELEASE:STRING=-O3 -DNDEBUG,wikimedia_wikipedia_mxbai,/home/yunchih/code/simsearch/python/out/local_query_embeddings_1024.parquet,/home/yunchih/code/simsearch/python/query_embeddings/combined.jsonl,313,1024,100,10,two_step_mf_RF10,91,0,0.003326,0.000671,0.003366,0.087284,0.001422,0.097032,0.25111553767168043,0.19047619047619047,313
0bbeb0653a569e5394ac94a502549b079f7a055c,meow1,AMD Ryzen 9 9950X 16-Core Processor,c++ (Ubuntu 15.2.0-4ubuntu4) 15.2.0,CMAKE_CXX_FLAGS:STRING= CMAKE_CXX_FLAGS_RELEASE:STRING=-O3 -DNDEBUG,wikimedia_wikipedia_mxbai,/home/yunchih/code/simsearch/python/out/local_query_embeddings_1024.parquet,/home/yunchih/code/simsearch/python/query_embeddings/combined.jsonl,313,1024,100,50,two_step_mf_RF50,91,0,0.000972,0.000661,0.003396,0.086712,0.001403,0.094006,0.25111553767168043,0.19047619047619047,313
0bbeb0653a569e5394ac94a502549b079f7a055c,meow1,AMD Ryzen 9 9950X 16-Core Processor,c++ (Ubuntu 15.2.0-4ubuntu4) 15.2.0,CMAKE_CXX_FLAGS:STRING= CMAKE_CXX_FLAGS_RELEASE:STRING=-O3 -DNDEBUG,wikimedia_wikipedia_mxbai,/home/yunchih/code/simsearch/python/out/local_query_embeddings_1024.parquet,/home/yunchih/code/simsearch/python/query_embeddings/combined.jsonl,313,1024,100,0,float32_avx2,92,0,0.0,0.0,0.0,0.0,0.0,0.011,1.0000000000000004,1.0,100
0bbeb0653a569e5394ac94a502549b079f7a055c,meow1,AMD Ryzen 9 9950X 16-Core Processor,c++ (Ubuntu 15.2.0-4ubuntu4) 15.2.0,CMAKE_CXX_FLAGS:STRING= CMAKE_CXX_FLAGS_RELEASE:STRING=-O3 -DNDEBUG,wikimedia_wikipedia_mxbai,/home/yunchih/code/simsearch/python/out/local_query_embeddings_1024.parquet,/home/yunchih/code/simsearch/python/query_embeddings/combined.jsonl,313,1024,100,0,binary,92,0,0.003597,0.000651,0.001022,0.0,0.0,0.006002,1.0000000000000004,1.0,100
0bbeb0653a569e5394ac94a502549b079f7a055c,meow1,AMD Ryzen 9 9950X 16-Core Processor,c++ (Ubuntu 15.2.0-4ubuntu4) 15.2.0,CMAKE_CXX_FLAGS:STRING= CMAKE_CXX_FLAGS_RELEASE:STRING=-O3 -DNDEBUG,wikimedia_wikipedia_mxbai,/home/yunchih/code/simsearch/python/out/local_query_embeddings_1024.parquet,/home/yunchih/code/simsearch/python/query_embeddings/combined.jsonl,313,1024,100,10,two_step_RF10,92,0,0.003407,0.000631,0.003366,0.011512,0.001422,0.02131,0.25111553767168043,0.19047619047619047,313
0bbeb0653a569e5394ac94a502549b079f7a055c,meow1,AMD Ryzen 9 9950X 16-Core Processor,c++ (Ubuntu 15.2.0-4ubuntu4) 15.2.0,CMAKE_CXX_FLAGS:STRING= CMAKE_CXX_FLAGS_RELEASE:STRING=-O3 -DNDEBUG,wikimedia_wikipedia_mxbai,/home/yunchih/code/simsearch/python/out/local_query_embeddings_1024.parquet,/home/yunchih/code/simsearch/python/query_embeddings/combined.jsonl,313,1024,100,50,two_step_RF50,92,0,0.001002,0.000662,0.003386,0.011461,0.001463,0.019016,0.25111553767168043,0.19047619047619047,313
0bbeb0653a569e5394ac94a502549b079f7a055c,meow1,AMD Ryzen 9 9950X 16-Core Processor,c++ (Ubuntu 15.2.0-4ubuntu4) 15.2.0,CMAKE_CXX_FLAGS:STRING= CMAKE_CXX_FLAGS_RELEASE:STRING=-O3 -DNDEBUG,wikimedia_wikipedia_mxbai,/home/yunchih/code/simsearch/python/out/local_query_embeddings_1024.parquet,/home/yunchih/code/simsearch/python/query_embeddings/combined.jsonl,313,1024,100,10,two_step_mf_RF10,92,0,0.003246,0.000671,0.003387,0.087364,0.001433,0.097022,0.25111553767168043,0.19047619047619047,313
0bbeb0653a569e5394ac94a502549b079f7a055c,meow1,AMD Ryzen 9 9950X 16-Core Processor,c++ (Ubuntu 15.2.0-4ubuntu4) 15.2.0,CMAKE_CXX_FLAGS:STRING= CMAKE_CXX_FLAGS_RELEASE:STRING=-O3 -DNDEBUG,wikimedia_wikipedia_mxbai,/home/yunchih/code/simsearch/python/out/local_query_embeddings_1024.parquet,/home/yunchih/code/simsearch/python/query_embeddings/combined.jsonl,313,1024,100,50,two_step_mf_RF50,92,0,0.000942,0.000651,0.003366,0.086763,0.001392,0.093976,0.25111553767168043,0.19047619047619047,313
0bbeb0653a569e5394ac94a502549b079f7a055c,meow1,AMD Ryzen 9 9950X 16-Core Processor,c++ (Ubuntu 15.2.0-4ubuntu4) 15.2.0,CMAKE_CXX_FLAGS:STRING= CMAKE_CXX_FLAGS_RELEASE:STRING=-O3 -DNDEBUG,wikimedia_wikipedia_mxbai,/home/yunchih/code/simsearch/python/out/local_query_embeddings_1024.parquet,/home/yunchih/code/simsearch/python/query_embeddings/combined.jsonl,313,1024,100,0,float32_avx2,93,0,0.0,0.0,0.0,0.0,0.0,0.011,1.0000000000000004,1.0,100
0bbeb0653a569e5394ac94a502549b079f7a055c,meow1,AMD Ryzen 9 9950X 16-Core Processor,c++ (Ubuntu 15.2.0-4ubuntu4) 15.2.0,CMAKE_CXX_FLAGS:STRING= CMAKE_CXX_FLAGS_RELEASE:STRING=-O3 -DNDEBUG,wikimedia_wikipedia_mxbai,/home/yunchih/code/simsearch/python/out/local_query_embeddings_1024.parquet,/home/yunchih/code/simsearch/python/query_embeddings/combined.jsonl,313,1024,100,0,binary,93,0,0.003657,0.000672,0.001042,0.0,0.0,0.006102,1.0000000000000004,1.0,100
0bbeb0653a569e5394ac94a502549b079f7a055c,meow1,AMD Ryzen 9 9950X 16-Core Processor,c++ (Ubuntu 15.2.0-4ubuntu4) 15.2.0,CMAKE_CXX_FLAGS:STRING= CMAKE_CXX_FLAGS_RELEASE:STRING=-O3 -DNDEBUG,wikimedia_wikipedia_mxbai,/home/yunchih/code/simsearch/python/out/local_query_embeddings_1024.parquet,/home/yunchih/code/simsearch/python/query_embeddings/combined.jsonl,313,1024,100,10,two_step_RF10,93,0,0.003256,0.000621,0.003366,0.011421,0.001423,0.02106,0.25111553767168043,0.19047619047619047,313
0bbeb0653a569e5394ac94a502549b079f7a055c,meow1,AMD Ryzen 9 9950X 16-Core Processor,c++ (Ubuntu 15.2.0-4ubuntu4) 15.2.0,CMAKE_CXX_FLAGS:STRING= CMAKE_CXX_FLAGS_RELEASE:STRING=-O3 -DNDEBUG,wikimedia_wikipedia_mxbai,/home/yunchih/code/simsearch/python/out/local_query_embeddings_1024.parquet,/home/yunchih/code/simsearch/python/query_embeddings/combined.jsonl,313,1024,100,50,two_step_RF50,93,0,0.000792,0.000641,0.003396,0.011391,0.001493,0.018805,0.25111553767168043,0.19047619047619047,313
0bbeb0653a569e5394ac94a502549b079f7a055c,meow1,AMD Ryzen 9 9950X 16-Core Processor,c++ (Ubuntu 15.2.0-4ubuntu4) 15.2.0,CMAKE_CXX_FLAGS:STRING= CMAKE_CXX_FLAGS_RELEASE:STRING=-O3 -DNDEBUG,wikimedia_wikipedia_mxbai,/home/yunchih/code/simsearch/python/out/local_query_embeddings_1024.parquet,/home/yunchih/code/simsearch/python/query_embeddings/combined.jsonl,313,1024,100,10,two_step_mf_RF10,93,0,0.003267,0.000651,0.003376,0.087574,0.001413,0.097253,0.25111553767168043,0.19047619047619047,313
0bbeb0653a569e5394ac94a502549b079f7a055c,meow1,AMD Ryzen 9 9950X 16-Core Processor,c++ (Ubuntu 15.2.0-4ubuntu4) 15.2.0,CMAKE_CXX_FLAGS:STRING= CMAKE_CXX_FLAGS_RELEASE:STRING=-O3 -DNDEBUG,wikimedia_wikipedia_mxbai,/home/yunchih/code/simsearch/python/out/local_query_embeddings_1024.parquet,/home/yunchih/code/simsearch/python/query_embeddings/combined.jsonl,313,1024,100,50,two_step_mf_RF50,93,0,0.001082,0.000631,0.003407,0.086863,0.001413,0.094267,0.25111553767168043,0.19047619047619047,313
0bbeb0653a569e5394ac94a502549b079f7a055c,meow1,AMD Ryzen 9 9950X 16-Core Processor,c++ (Ubuntu 15.2.0-4ubuntu4) 15.2.0,CMAKE_CXX_FLAGS:STRING= CMAKE_CXX_FLAGS_RELEASE:STRING=-O3 -DNDEBUG,wikimedia_wikipedia_mxbai,/home/yunchih/code/simsearch/python/out/local_query_embeddings_1024.parquet,/home/yunchih/code/simsearch/python/query_embeddings/combined.jsonl,313,1024,100,0,float32_avx2,94,0,0.0,0.0,0.0,0.0,0.0,0.011,1.0000000000000004,1.0,100
0bbeb0653a569e5394ac94a502549b079f7a055c,meow1,AMD Ryzen 9 9950X 16-Core Processor,c++ (Ubuntu 15.2.0-4ubuntu4) 15.2.0,CMAKE_CXX_FLAGS:STRING= CMAKE_CXX_FLAGS_RELEASE:STRING=-O3 -DNDEBUG,wikimedia_wikipedia_mxbai,/home/yunchih/code/simsearch/python/out/local_query_embeddings_1024.parquet,/home/yunchih/code/simsearch/python/query_embeddings/combined.jsonl,313,1024,100,0,binary,94,0,0.003467,0.000661,0.001052,0.0,0.0,0.005901,1.0000000000000004,1.0,100
0bbeb0653a569e5394ac94a502549b079f7a055c,meow1,AMD Ryzen 9 9950X 16-Core Processor,c++ (Ubuntu 15.2.0-4ubuntu4) 15.2.0,CMAKE_CXX_FLAGS:STRING= CMAKE_CXX_FLAGS_RELEASE:STRING=-O3 -DNDEBUG,wikimedia_wikipedia_mxbai,/home/yunchih/code/simsearch/python/out/local_query_embeddings_1024.parquet,/home/yunchih/code/simsearch/python/query_embeddings/combined.jsonl,313,1024,100,10,two_step_RF10,94,0,0.003176,0.000631,0.003377,0.011542,0.001443,0.02118,0.25111553767168043,0.19047619047619047,313
0bbeb0653a569e5394ac94a502549b079f7a055c,meow1,AMD Ryzen 9 9950X 16-Core Processor,c++ (Ubuntu 15.2.0-4ubuntu4) 15.2.0,CMAKE_CXX_FLAGS:STRING= CMAKE_CXX_FLAGS_RELEASE:STRING=-O3 -DNDEBUG,wikimedia_wikipedia_mxbai,/home/yunchih/code/simsearch/python/out/local_query_embeddings_1024.parquet,/home/yunchih/code/simsearch/python/query_embeddings/combined.jsonl,313,1024,100,50,two_step_RF50,94,0,0.000722,0.000661,0.003406,0.011411,0.001393,0.018605,0.25111553767168043,0.19047619047619047,313
0bbeb0653a569e5394ac94a502549b079f7a055c,meow1,AMD Ryzen 9 9950X 16-Core Processor,c++ (Ubuntu 15.2.0-4ubuntu4) 15.2.0,CMAKE_CXX_FLAGS:STRING= CMAKE_CXX_FLAGS_RELEASE:STRING=-O3 -DNDEBUG,wikimedia_wikipedia_mxbai,/home/yunchih/code/simsearch/python/out/local_query_embeddings_1024.parquet,/home/yunchih/code/simsearch/python/query_embeddings/combined.jsonl,313,1024,100,10,two_step_mf_RF10,94,0,0.003397,0.000661,0.003366,0.089418,0.001342,0.099137,0.25111553767168043,0.19047619047619047,313
0bbeb0653a569e5394ac94a502549b079f7a055c,meow1,AMD Ryzen 9 9950X 16-Core Processor,c++ (Ubuntu 15.2.0-4ubuntu4) 15.2.0,CMAKE_CXX_FLAGS:STRING= CMAKE_CXX_FLAGS_RELEASE:STRING=-O3 -DNDEBUG,wikimedia_wikipedia_mxbai,/home/yunchih/code/simsearch/python/out/local_query_embeddings_1024.parquet,/home/yunchih/code/simsearch/python/query_embeddings/combined.jsonl,313,1024,100,50,two_step_mf_RF50,94,0,0.001012,0.000661,0.003406,0.086723,0.001422,0.094107,0.25111553767168043,0.19047619047619047,313
0bbeb0653a569e5394ac94a502549b079f7a055c,meow1,AMD Ryzen 9 9950X 16-Core Processor,c++ (Ubuntu 15.2.0-4ubuntu4) 15.2.0,CMAKE_CXX_FLAGS:STRING= CMAKE_CXX_FLAGS_RELEASE:STRING=-O3 -DNDEBUG,wikimedia_wikipedia_mxbai,/home/yunchih/code/simsearch/python/out/local_query_embeddings_1024.parquet,/home/yunchih/code/simsearch/python/query_embeddings/combined.jsonl,313,1024,100,0,float32_avx2,95,0,0.0,0.0,0.0,0.0,0.0,0.011,1.0000000000000004,1.0,100
0bbeb0653a569e5394ac94a502549b079f7a055c,meow1,AMD Ryzen 9 9950X 16-Core Processor,c++ (Ubuntu 15.2.0-4ubuntu4) 15.2.0,CMAKE_CXX_FLAGS:STRING= CMAKE_CXX_FLAGS_RELEASE:STRING=-O3 -DNDEBUG,wikimedia_wikipedia_mxbai,/home/yunchih/code/simsearch/python/out/local_query_embeddings_1024.parquet,/home/yunchih/code/simsearch/python/query_embeddings/combined.jsonl,313,1024,100,0,binary,95,0,0.003536,0.000672,0.001021,0.0,0.0,0.005982,1.0000000000000004,1.0,100
0bbeb0653a569e5394ac94a502549b079f7a055c,meow1,AMD Ryzen 9 9950X 16-Core Processor,c++ (Ubuntu 15.2.0-4ubuntu4) 15.2.0,CMAKE_CXX_FLAGS:STRING= CMAKE_CXX_FLAGS_RELEASE:STRING=-O3 -DNDEBUG,wikimedia_wikipedia_mxbai,/home/yunchih/code/simsearch/python/out/local_query_embeddings_1024.parquet,/home/yunchih/code/simsearch/python/query_embeddings/combined.jsonl,313,1024,100,10,two_step_RF10,95,0,0.003246,0.000621,0.003367,0.011472,0.001412,0.021129,0.25111553767168043,0.19047619047619047,313
0bbeb0653a569e5394ac94a502549b079f7a055c,meow1,AMD Ryzen 9 9950X 16-Core Processor,c++ (Ubuntu 15.2.0-4ubuntu4) 15.2.0,CMAKE_CXX_FLAGS:STRING= CMAKE_CXX_FLAGS_RELEASE:STRING=-O3 -DNDEBUG,wikimedia_wikipedia_mxbai,/home/yunchih/code/simsearch/python/out/local_query_embeddings_1024.parquet,/home/yunchih/code/simsearch/python/query_embeddings/combined.jsonl,313,1024,100,50,two_step_RF50,95,0,0.000892,0.000681,0.003397,0.011462,0.001483,0.018966,0.25111553767168043,0.19047619047619047,313
0bbeb0653a569e5394ac94a502549b079f7a055c,meow1,AMD Ryzen 9 9950X 16-Core Processor,c++ (Ubuntu 15.2.0-4ubuntu4) 15.2.0,CMAKE_CXX_FLAGS:STRING= CMAKE_CXX_FLAGS_RELEASE:STRING=-O3 -DNDEBUG,wikimedia_wikipedia_mxbai,/home/yunchih/code/simsearch/python/out/local_query_embeddings_1024.parquet,/home/yunchih/code/simsearch/python/query_embeddings/combined.jsonl,313,1024,100,10,two_step_mf_RF10,95,0,0.003316,0.000672,0.003376,0.087304,0.001382,0.097022,0.25111553767168043,0.19047619047619047,313
0bbeb0653a569e5394ac94a502549b079f7a055c,meow1,AMD Ryzen 9 9950X 16-Core Processor,c++ (Ubuntu 15.2.0-4ubuntu4) 15.2.0,CMAKE_CXX_FLAGS:STRING= CMAKE_CXX_FLAGS_RELEASE:STRING=-O3 -DNDEBUG,wikimedia_wikipedia_mxbai,/home/yunchih/code/simsearch/python/out/local_query_embeddings_1024.parquet,/home/yunchih/code/simsearch/python/query_embeddings/combined.jsonl,313,1024,100,50,two_step_mf_RF50,95,0,0.000982,0.000651,0.003407,0.086743,0.001393,0.094037,0.25111553767168043,0.19047619047619047,313
0bbeb0653a569e5394ac94a502549b079f7a055c,meow1,AMD Ryzen 9 9950X 16-Core Processor,c++ (Ubuntu 15.2.0-4ubuntu4) 15.2.0,CMAKE_CXX_FLAGS:STRING= CMAKE_CXX_FLAGS_RELEASE:STRING=-O3 -DNDEBUG,wikimedia_wikipedia_mxbai,/home/yunchih/code/simsearch/python/out/local_query_embeddings_1024.parquet,/home/yunchih/code/simsearch/python/query_embeddings/combined.jsonl,313,1024,100,0,float32_avx2,96,0,0.0,0.0,0.0,0.0,0.0,0.012,1.0000000000000004,1.0,100
0bbeb0653a569e5394ac94a502549b079f7a055c,meow1,AMD Ryzen 9 9950X 16-Core Processor,c++ (Ubuntu 15.2.0-4ubuntu4) 15.2.0,CMAKE_CXX_FLAGS:STRING= CMAKE_CXX_FLAGS_RELEASE:STRING=-O3 -DNDEBUG,wikimedia_wikipedia_mxbai,/home/yunchih/code/simsearch/python/out/local_query_embeddings_1024.parquet,/home/yunchih/code/simsearch/python/query_embeddings/combined.jsonl,313,1024,100,0,binary,96,0,0.003346,0.000641,0.001012,0.0,0.0,0.005721,1.0000000000000004,1.0,100
0bbeb0653a569e5394ac94a502549b079f7a055c,meow1,AMD Ryzen 9 9950X 16-Core Processor,c++ (Ubuntu 15.2.0-4ubuntu4) 15.2.0,CMAKE_CXX_FLAGS:STRING= CMAKE_CXX_FLAGS_RELEASE:STRING=-O3 -DNDEBUG,wikimedia_wikipedia_mxbai,/home/yunchih/code/simsearch/python/out/local_query_embeddings_1024.parquet,/home/yunchih/code/simsearch/python/query_embeddings/combined.jsonl,313,1024,100,10,two_step_RF10,96,0,0.003236,0.000611,0.003417,0.011462,0.001393,0.02111,0.25111553767168043,0.19047619047619047,313
0bbeb0653a569e5394ac94a502549b079f7a055c,meow1,AMD Ryzen 9 9950X 16-Core Processor,c++ (Ubuntu 15.2.0-4ubuntu4) 15.2.0,CMAKE_CXX_FLAGS:STRING= CMAKE_CXX_FLAGS_RELEASE:STRING=-O3 -DNDEBUG,wikimedia_wikipedia_mxbai,/home/yunchih/code/simsearch/python/out/local_query_embeddings_1024.parquet,/home/yunchih/code/simsearch/python/query_embeddings/combined.jsonl,313,1024,100,50,two_step_RF50,96,0,0.000862,0.000651,0.003407,0.011432,0.001453,0.018836,0.25111553767168043,0.19047619047619047,313
0bbeb0653a569e5394ac94a502549b079f7a055c,meow1,AMD Ryzen 9 9950X 16-Core Processor,c++ (Ubuntu 15.2.0-4ubuntu4) 15.2.0,CMAKE_CXX_FLAGS:STRING= CMAKE_CXX_FLAGS_RELEASE:STRING=-O3 -DNDEBUG,wikimedia_wikipedia_mxbai,/home/yunchih/code/simsearch/python/out/local_query_embeddings_1024.parquet,/home/yunchih/code/simsearch/python/query_embeddings/combined.jsonl,313,1024,100,10,two_step_mf_RF10,96,0,0.003326,0.000661,0.003347,0.087564,0.001423,0.097262,0.25111553767168043,0.19047619047619047,313
0bbeb0653a569e5394ac94a502549b079f7a055c,meow1,AMD Ryzen 9 9950X 16-Core Processor,c++ (Ubuntu 15.2.0-4ubuntu4) 15.2.0,CMAKE_CXX_FLAGS:STRING= CMAKE_CXX_FLAGS_RELEASE:STRING=-O3 -DNDEBUG,wikimedia_wikipedia_mxbai,/home/yunchih/code/simsearch/python/out/local_query_embeddings_1024.parquet,/home/yunchih/code/simsearch/python/query_embeddings/combined.jsonl,313,1024,100,50,two_step_mf_RF50,96,0,0.000952,0.000621,0.003387,0.086903,0.001363,0.094107,0.25111553767168043,0.19047619047619047,313
0bbeb0653a569e5394ac94a502549b079f7a055c,meow1,AMD Ryzen 9 9950X 16-Core Processor,c++ (Ubuntu 15.2.0-4ubuntu4) 15.2.0,CMAKE_CXX_FLAGS:STRING= CMAKE_CXX_FLAGS_RELEASE:STRING=-O3 -DNDEBUG,wikimedia_wikipedia_mxbai,/home/yunchih/code/simsearch/python/out/local_query_embeddings_1024.parquet,/home/yunchih/code/simsearch/python/query_embeddings/combined.jsonl,313,1024,100,0,float32_avx2,97,0,0.0,0.0,0.0,0.0,0.0,0.011,1.0000000000000004,1.0,100
0bbeb0653a569e5394ac94a502549b079f7a055c,meow1,AMD Ryzen 9 9950X 16-Core Processor,c++ (Ubuntu 15.2.0-4ubuntu4) 15.2.0,CMAKE_CXX_FLAGS:STRING= CMAKE_CXX_FLAGS_RELEASE:STRING=-O3 -DNDEBUG,wikimedia_wikipedia_mxbai,/home/yunchih/code/simsearch/python/out/local_query_embeddings_1024.parquet,/home/yunchih/code/simsearch/python/query_embeddings/combined.jsonl,313,1024,100,0,binary,97,0,0.003307,0.000671,0.001042,0.0,0.0,0.005741,1.0000000000000004,1.0,100
0bbeb0653a569e5394ac94a502549b079f7a055c,meow1,AMD Ryzen 9 9950X 16-Core Processor,c++ (Ubuntu 15.2.0-4ubuntu4) 15.2.0,CMAKE_CXX_FLAGS:STRING= CMAKE_CXX_FLAGS_RELEASE:STRING=-O3 -DNDEBUG,wikimedia_wikipedia_mxbai,/home/yunchih/code/simsearch/python/out/local_query_embeddings_1024.parquet,/home/yunchih/code/simsearch/python/query_embeddings/combined.jsonl,313,1024,100,10,two_step_RF10,97,0,0.003216,0.000611,0.003406,0.011622,0.001473,0.02132,0.25111553767168043,0.19047619047619047,313
0bbeb0653a569e5394ac94a502549b079f7a055c,meow1,AMD Ryzen 9 9950X 16-Core Processor,c++ (Ubuntu 15.2.0-4ubuntu4) 15.2.0,CMAKE_CXX_FLAGS:STRING= CMAKE_CXX_FLAGS_RELEASE:STRING=-O3 -DNDEBUG,wikimedia_wikipedia_mxbai,/home/yunchih/code/simsearch/python/out/local_query_embeddings_1024.parquet,/home/yunchih/code/simsearch/python/query_embeddings/combined.jsonl,313,1024,100,50,two_step_RF50,97,0,0.000872,0.000661,0.003386,0.011572,0.001433,0.019026,0.25111553767168043,0.19047619047619047,313
0bbeb0653a569e5394ac94a502549b079f7a055c,meow1,AMD Ryzen 9 9950X 16-Core Processor,c++ (Ubuntu 15.2.0-4ubuntu4) 15.2.0,CMAKE_CXX_FLAGS:STRING= CMAKE_CXX_FLAGS_RELEASE:STRING=-O3 -DNDEBUG,wikimedia_wikipedia_mxbai,/home/yunchih/code/simsearch/python/out/local_query_embeddings_1024.parquet,/home/yunchih/code/simsearch/python/query_embeddings/combined.jsonl,313,1024,100,10,two_step_mf_RF10,97,0,0.003256,0.000671,0.003367,0.087124,0.001362,0.096731,0.25111553767168043,0.19047619047619047,313
0bbeb0653a569e5394ac94a502549b079f7a055c,meow1,AMD Ryzen 9 9950X 16-Core Processor,c++ (Ubuntu 15.2.0-4ubuntu4) 15.2.0,CMAKE_CXX_FLAGS:STRING= CMAKE_CXX_FLAGS_RELEASE:STRING=-O3 -DNDEBUG,wikimedia_wikipedia_mxbai,/home/yunchih/code/simsearch/python/out/local_query_embeddings_1024.parquet,/home/yunchih/code/simsearch/python/query_embeddings/combined.jsonl,313,1024,100,50,two_step_mf_RF50,97,0,0.000972,0.000631,0.003386,0.088716,0.001353,0.09594,0.25111553767168043,0.19047619047619047,313
0bbeb0653a569e5394ac94a502549b079f7a055c,meow1,AMD Ryzen 9 9950X 16-Core Processor,c++ (Ubuntu 15.2.0-4ubuntu4) 15.2.0,CMAKE_CXX_FLAGS:STRING= CMAKE_CXX_FLAGS_RELEASE:STRING=-O3 -DNDEBUG,wikimedia_wikipedia_mxbai,/home/yunchih/code/simsearch/python/out/local_query_embeddings_1024.parquet,/home/yunchih/code/simsearch/python/query_embeddings/combined.jsonl,313,1024,100,0,float32_avx2,98,0,0.0,0.0,0.0,0.0,0.0,0.012,1.0000000000000004,1.0,100
0bbeb0653a569e5394ac94a502549b079f7a055c,meow1,AMD Ryzen 9 9950X 16-Core Processor,c++ (Ubuntu 15.2.0-4ubuntu4) 15.2.0,CMAKE_CXX_FLAGS:STRING= CMAKE_CXX_FLAGS_RELEASE:STRING=-O3 -DNDEBUG,wikimedia_wikipedia_mxbai,/home/yunchih/code/simsearch/python/out/local_query_embeddings_1024.parquet,/home/yunchih/code/simsearch/python/query_embeddings/combined.jsonl,313,1024,100,0,binary,98,0,0.003496,0.000672,0.001062,0.0,0.0,0.005931,1.0000000000000004,1.0,100
0bbeb0653a569e5394ac94a502549b079f7a055c,meow1,AMD Ryzen 9 9950X 16-Core Processor,c++ (Ubuntu 15.2.0-4ubuntu4) 15.2.0,CMAKE_CXX_FLAGS:STRING= CMAKE_CXX_FLAGS_RELEASE:STRING=-O3 -DNDEBUG,wikimedia_wikipedia_mxbai,/home/yunchih/code/simsearch/python/out/local_query_embeddings_1024.parquet,/home/yunchih/code/simsearch/python/query_embeddings/combined.jsonl,313,1024,100,10,two_step_RF10,98,0,0.003156,0.000642,0.003376,0.011491,0.001413,0.02107,0.25111553767168043,0.19047619047619047,313
0bbeb0653a569e5394ac94a502549b079f7a055c,meow1,AMD Ryzen 9 9950X 16-Core Processor,c++ (Ubuntu 15.2.0-4ubuntu4) 15.2.0,CMAKE_CXX_FLAGS:STRING= CMAKE_CXX_FLAGS_RELEASE:STRING=-O3 -DNDEBUG,wikimedia_wikipedia_mxbai,/home/yunchih/code/simsearch/python/out/local_query_embeddings_1024.parquet,/home/yunchih/code/simsearch/python/query_embeddings/combined.jsonl,313,1024,100,50,two_step_RF50,98,0,0.000991,0.000661,0.003446,0.011411,0.001473,0.019005,0.25111553767168043,0.19047619047619047,313
0bbeb0653a569e5394ac94a502549b079f7a055c,meow1,AMD Ryzen 9 9950X 16-Core Processor,c++ (Ubuntu 15.2.0-4ubuntu4) 15.2.0,CMAKE_CXX_FLAGS:STRING= CMAKE_CXX_FLAGS_RELEASE:STRING=-O3 -DNDEBUG,wikimedia_wikipedia_mxbai,/home/yunchih/code/simsearch/python/out/local_query_embeddings_1024.parquet,/home/yunchih/code/simsearch/python/query_embeddings/combined.jsonl,313,1024,100,10,two_step_mf_RF10,98,0,0.003267,0.000661,0.003386,0.087414,0.001393,0.097083,0.25111553767168043,0.19047619047619047,313
0bbeb0653a569e5394ac94a502549b079f7a055c,meow1,AMD Ryzen 9 9950X 16-Core Processor,c++ (Ubuntu 15.2.0-4ubuntu4) 15.2.0,CMAKE_CXX_FLAGS:STRING= CMAKE_CXX_FLAGS_RELEASE:STRING=-O3 -DNDEBUG,wikimedia_wikipedia_mxbai,/home/yunchih/code/simsearch/python/out/local_query_embeddings_1024.parquet,/home/yunchih/code/simsearch/python/query_embeddings/combined.jsonl,313,1024,100,50,two_step_mf_RF50,98,0,0.000911,0.000642,0.003406,0.086723,0.001323,0.093876,0.25111553767168043,0.19047619047619047,313
0bbeb0653a569e5394ac94a502549b079f7a055c,meow1,AMD Ryzen 9 9950X 16-Core Processor,c++ (Ubuntu 15.2.0-4ubuntu4) 15.2.0,CMAKE_CXX_FLAGS:STRING= CMAKE_CXX_FLAGS_RELEASE:STRING=-O3 -DNDEBUG,wikimedia_wikipedia_mxbai,/home/yunchih/code/simsearch/python/out/local_query_embeddings_1024.parquet,/home/yunchih/code/simsearch/python/query_embeddings/combined.jsonl,313,1024,100,0,float32_avx2,99,0,0.0,0.0,0.0,0.0,0.0,0.011,1.0000000000000004,1.0,100
0bbeb0653a569e5394ac94a502549b079f7a055c,meow1,AMD Ryzen 9 9950X 16-Core Processor,c++ (Ubuntu 15.2.0-4ubuntu4) 15.2.0,CMAKE_CXX_FLAGS:STRING= CMAKE_CXX_FLAGS_RELEASE:STRING=-O3 -DNDEBUG,wikimedia_wikipedia_mxbai,/home/yunchih/code/simsearch/python/out/local_query_embeddings_1024.parquet,/home/yunchih/code/simsearch/python/query_embeddings/combined.jsonl,313,1024,100,0,binary,99,0,0.003537,0.000651,0.001032,0.0,0.0,0.005952,1.0000000000000004,1.0,100
0bbeb0653a569e5394ac94a502549b079f7a055c,meow1,AMD Ryzen 9 9950X 16-Core Processor,c++ (Ubuntu 15.2.0-4ubuntu4) 15.2.0,CMAKE_CXX_FLAGS:STRING= CMAKE_CXX_FLAGS_RELEASE:STRING=-O3 -DNDEBUG,wikimedia_wikipedia_mxbai,/home/yunchih/code/simsearch/python/out/local_query_embeddings_1024.parquet,/home/yunchih/code/simsearch/python/query_embeddings/combined.jsonl,313,1024,100,10,two_step_RF10,99,0,0.003065,0.000641,0.003376,0.011672,0.001442,0.02121,0.25111553767168043,0.19047619047619047,313
0bbeb0653a569e5394ac94a502549b079f7a055c,meow1,AMD Ryzen 9 9950X 16-Core Processor,c++ (Ubuntu 15.2.0-4ubuntu4) 15.2.0,CMAKE_CXX_FLAGS:STRING= CMAKE_CXX_FLAGS_RELEASE:STRING=-O3 -DNDEBUG,wikimedia_wikipedia_mxbai,/home/yunchih/code/simsearch/python/out/local_query_embeddings_1024.parquet,/home/yunchih/code/simsearch/python/query_embeddings/combined.jsonl,313,1024,100,50,two_step_RF50,99,0,0.000962,0.000681,0.003387,0.011482,0.001373,0.018946,0.25111553767168043,0.19047619047619047,313
0bbeb0653a569e5394ac94a502549b079f7a055c,meow1,AMD Ryzen 9 9950X 16-Core Processor,c++ (Ubuntu 15.2.0-4ubuntu4) 15.2.0,CMAKE_CXX_FLAGS:STRING= CMAKE_CXX_FLAGS_RELEASE:STRING=-O3 -DNDEBUG,wikimedia_wikipedia_mxbai,/home/yunchih/code/simsearch/python/out/local_query_embeddings_1024.parquet,/home/yunchih/code/simsearch/python/query_embeddings/combined.jsonl,313,1024,100,10,two_step_mf_RF10,99,0,0.003286,0.000681,0.003387,0.0903,0.001362,0.099977,0.25111553767168043,0.19047619047619047,313
0bbeb0653a569e5394ac94a502549b079f7a055c,meow1,AMD Ryzen 9 9950X 16-Core Processor,c++ (Ubuntu 15.2.0-4ubuntu4) 15.2.0,CMAKE_CXX_FLAGS:STRING= CMAKE_CXX_FLAGS_RELEASE:STRING=-O3 -DNDEBUG,wikimedia_wikipedia_mxbai,/home/yunchih/code/simsearch/python/out/local_query_embeddings_1024.parquet,/home/yunchih/code/simsearch/python/query_embeddings/combined.jsonl,313,1024,100,50,two_step_mf_RF50,99,0,0.001001,0.000641,0.003376,0.086673,0.001423,0.093986,0.25111553767168043,0.19047619047619047,313
0bbeb0653a569e5394ac94a502549b079f7a055c,meow1,AMD Ryzen 9 9950X 16-Core Processor,c++ (Ubuntu 15.2.0-4ubuntu4) 15.2.0,CMAKE_CXX_FLAGS:STRING= CMAKE_CXX_FLAGS_RELEASE:STRING=-O3 -DNDEBUG,wikimedia_wikipedia_mxbai,/home/yunchih/code/simsearch/python/out/local_query_embeddings_1024.parquet,/home/yunchih/code/simsearch/python/query_embeddings/combined.jsonl,313,1024,100,0,float32_avx2,100,0,0.0,0.0,0.0,0.0,0.0,0.011,1.0000000000000004,1.0,100
0bbeb0653a569e5394ac94a502549b079f7a055c,meow1,AMD Ryzen 9 9950X 16-Core Processor,c++ (Ubuntu 15.2.0-4ubuntu4) 15.2.0,CMAKE_CXX_FLAGS:STRING= CMAKE_CXX_FLAGS_RELEASE:STRING=-O3 -DNDEBUG,wikimedia_wikipedia_mxbai,/home/yunchih/code/simsearch/python/out/local_query_embeddings_1024.parquet,/home/yunchih/code/simsearch/python/query_embeddings/combined.jsonl,313,1024,100,0,binary,100,0,0.003627,0.000661,0.001072,0.0,0.0,0.006061,1.0000000000000004,1.0,100
0bbeb0653a569e5394ac94a502549b079f7a055c,meow1,AMD Ryzen 9 9950X 16-Core Processor,c++ (Ubuntu 15.2.0-4ubuntu4) 15.2.0,CMAKE_CXX_FLAGS:STRING= CMAKE_CXX_FLAGS_RELEASE:STRING=-O3 -DNDEBUG,wikimedia_wikipedia_mxbai,/home/yunchih/code/simsearch/python/out/local_query_embeddings_1024.parquet,/home/yunchih/code/simsearch/python/query_embeddings/combined.jsonl,313,1024,100,10,two_step_RF10,100,0,0.003286,0.000642,0.003376,0.011471,0.001423,0.02118,0.25111553767168043,0.19047619047619047,313
0bbeb0653a569e5394ac94a502549b079f7a055c,meow1,AMD Ryzen 9 9950X 16-Core Processor,c++ (Ubuntu 15.2.0-4ubuntu4) 15.2.0,CMAKE_CXX_FLAGS:STRING= CMAKE_CXX_FLAGS_RELEASE:STRING=-O3 -DNDEBUG,wikimedia_wikipedia_mxbai,/home/yunchih/code/simsearch/python/out/local_query_embeddings_1024.parquet,/home/yunchih/code/simsearch/python/query_embeddings/combined.jsonl,313,1024,100,50,two_step_RF50,100,0,0.000932,0.000681,0.003417,0.011602,0.001423,0.019076,0.25111553767168043,0.19047619047619047,313
0bbeb0653a569e5394ac94a502549b079f7a055c,meow1,AMD Ryzen 9 9950X 16-Core Processor,c++ (Ubuntu 15.2.0-4ubuntu4) 15.2.0,CMAKE_CXX_FLAGS:STRING= CMAKE_CXX_FLAGS_RELEASE:STRING=-O3 -DNDEBUG,wikimedia_wikipedia_mxbai,/home/yunchih/code/simsearch/python/out/local_query_embeddings_1024.parquet,/home/yunchih/code/simsearch/python/query_embeddings/combined.jsonl,313,1024,100,10,two_step_mf_RF10,100,0,0.003126,0.000681,0.003367,0.087264,0.001413,0.096792,0.25111553767168043,0.19047619047619047,313
0bbeb0653a569e5394ac94a502549b079f7a055c,meow1,AMD Ryzen 9 9950X 16-Core Processor,c++ (Ubuntu 15.2.0-4ubuntu4) 15.2.0,CMAKE_CXX_FLAGS:STRING= CMAKE_CXX_FLAGS_RELEASE:STRING=-O3 -DNDEBUG,wikimedia_wikipedia_mxbai,/home/yunchih/code/simsearch/python/out/local_query_embeddings_1024.parquet,/home/yunchih/code/simsearch/python/query_embeddings/combined.jsonl,313,1024,100,50,two_step_mf_RF50,100,0,0.000962,0.000641,0.003387,0.086673,0.001392,0.093926,0.25111553767168043,0.19047619047619047,313
0bbeb0653a569e5394ac94a502549b079f7a055c,meow1,AMD Ryzen 9 9950X 16-Core Processor,c++ (Ubuntu 15.2.0-4ubuntu4) 15.2.0,CMAKE_CXX_FLAGS:STRING= CMAKE_CXX_FLAGS_RELEASE:STRING=-O3 -DNDEBUG,wikimedia_wikipedia_mxbai,/home/yunchih/code/simsearch/python/out/local_query_embeddings_1024.parquet,/home/yunchih/code/simsearch/python/query_embeddings/combined.jsonl,313,1024,100,0,float32_avx2,101,0,0.0,0.0,0.0,0.0,0.0,0.012,1.0000000000000004,1.0,100
0bbeb0653a569e5394ac94a502549b079f7a055c,meow1,AMD Ryzen 9 9950X 16-Core Processor,c++ (Ubuntu 15.2.0-4ubuntu4) 15.2.0,CMAKE_CXX_FLAGS:STRING= CMAKE_CXX_FLAGS_RELEASE:STRING=-O3 -DNDEBUG,wikimedia_wikipedia_mxbai,/home/yunchih/code/simsearch/python/out/local_query_embeddings_1024.parquet,/home/yunchih/code/simsearch/python/query_embeddings/combined.jsonl,313,1024,100,0,binary,101,0,0.003476,0.000662,0.001052,0.0,0.0,0.005911,1.0000000000000004,1.0,100
0bbeb0653a569e5394ac94a502549b079f7a055c,meow1,AMD Ryzen 9 9950X 16-Core Processor,c++ (Ubuntu 15.2.0-4ubuntu4) 15.2.0,CMAKE_CXX_FLAGS:STRING= CMAKE_CXX_FLAGS_RELEASE:STRING=-O3 -DNDEBUG,wikimedia_wikipedia_mxbai,/home/yunchih/code/simsearch/python/out/local_query_embeddings_1024.parquet,/home/yunchih/code/simsearch/python/query_embeddings/combined.jsonl,313,1024,100,10,two_step_RF10,101,0,0.003206,0.000631,0.003377,0.011622,0.001423,0.02125,0.25111553767168043,0.19047619047619047,313
0bbeb0653a569e5394ac94a502549b079f7a055c,meow1,AMD Ryzen 9 9950X 16-Core Processor,c++ (Ubuntu 15.2.0-4ubuntu4) 15.2.0,CMAKE_CXX_FLAGS:STRING= CMAKE_CXX_FLAGS_RELEASE:STRING=-O3 -DNDEBUG,wikimedia_wikipedia_mxbai,/home/yunchih/code/simsearch/python/out/local_query_embeddings_1024.parquet,/home/yunchih/code/simsearch/python/query_embeddings/combined.jsonl,313,1024,100,50,two_step_RF50,101,0,0.001002,0.000662,0.003396,0.011351,0.001403,0.018876,0.25111553767168043,0.19047619047619047,313
0bbeb0653a569e5394ac94a502549b079f7a055c,meow1,AMD Ryzen 9 9950X 16-Core Processor,c++ (Ubuntu 15.2.0-4ubuntu4) 15.2.0,CMAKE_CXX_FLAGS:STRING= CMAKE_CXX_FLAGS_RELEASE:STRING=-O3 -DNDEBUG,wikimedia_wikipedia_mxbai,/home/yunchih/code/simsearch/python/out/local_query_embeddings_1024.parquet,/home/yunchih/code/simsearch/python/query_embeddings/combined.jsonl,313,1024,100,10,two_step_mf_RF10,101,0,0.003367,0.000651,0.003376,0.087344,0.001382,0.097113,0.25111553767168043,0.19047619047619047,313
0bbeb0653a569e5394ac94a502549b079f7a055c,meow1,AMD Ryzen 9 9950X 16-Core Processor,c++ (Ubuntu 15.2.0-4ubuntu4) 15.2.0,CMAKE_CXX_FLAGS:STRING= CMAKE_CXX_FLAGS_RELEASE:STRING=-O3 -DNDEBUG,wikimedia_wikipedia_mxbai,/home/yunchih/code/simsearch/python/out/local_query_embeddings_1024.parquet,/home/yunchih/code/simsearch/python/query_embeddings/combined.jsonl,313,1024,100,50,two_step_mf_RF50,101,0,0.001112,0.000652,0.003406,0.086683,0.001403,0.094117,0.25111553767168043,0.19047619047619047,313
0bbeb0653a569e5394ac94a502549b079f7a055c,meow1,AMD Ryzen 9 9950X 16-Core Processor,c++ (Ubuntu 15.2.0-4ubuntu4) 15.2.0,CMAKE_CXX_FLAGS:STRING= CMAKE_CXX_FLAGS_RELEASE:STRING=-O3 -DNDEBUG,wikimedia_wikipedia_mxbai,/home/yunchih/code/simsearch/python/out/local_query_embeddings_1024.parquet,/home/yunchih/code/simsearch/python/query_embeddings/combined.jsonl,313,1024,100,0,float32_avx2,102,0,0.0,0.0,0.0,0.0,0.0,0.012,1.0000000000000004,1.0,100
0bbeb0653a569e5394ac94a502549b079f7a055c,meow1,AMD Ryzen 9 9950X 16-Core Processor,c++ (Ubuntu 15.2.0-4ubuntu4) 15.2.0,CMAKE_CXX_FLAGS:STRING= CMAKE_CXX_FLAGS_RELEASE:STRING=-O3 -DNDEBUG,wikimedia_wikipedia_mxbai,/home/yunchih/code/simsearch/python/out/local_query_embeddings_1024.parquet,/home/yunchih/code/simsearch/python/query_embeddings/combined.jsonl,313,1024,100,0,binary,102,0,0.003366,0.000662,0.001032,0.0,0.0,0.005771,1.0000000000000004,1.0,100
0bbeb0653a569e5394ac94a502549b079f7a055c,meow1,AMD Ryzen 9 9950X 16-Core Processor,c++ (Ubuntu 15.2.0-4ubuntu4) 15.2.0,CMAKE_CXX_FLAGS:STRING= CMAKE_CXX_FLAGS_RELEASE:STRING=-O3 -DNDEBUG,wikimedia_wikipedia_mxbai,/home/yunchih/code/simsearch/python/out/local_query_embeddings_1024.parquet,/home/yunchih/code/simsearch/python/query_embeddings/combined.jsonl,313,1024,100,10,two_step_RF10,102,0,0.003096,0.000631,0.003386,0.011502,0.001422,0.021019,0.25111553767168043,0.19047619047619047,313
0bbeb0653a569e5394ac94a502549b079f7a055c,meow1,AMD Ryzen 9 9950X 16-Core Processor,c++ (Ubuntu 15.2.0-4ubuntu4) 15.2.0,CMAKE_CXX_FLAGS:STRING= CMAKE_CXX_FLAGS_RELEASE:STRING=-O3 -DNDEBUG,wikimedia_wikipedia_mxbai,/home/yunchih/code/simsearch/python/out/local_query_embeddings_1024.parquet,/home/yunchih/code/simsearch/python/query_embeddings/combined.jsonl,313,1024,100,50,two_step_RF50,102,0,0.000852,0.000671,0.003386,0.011442,0.001422,0.018805,0.25111553767168043,0.19047619047619047,313
0bbeb0653a569e5394ac94a502549b079f7a055c,meow1,AMD Ryzen 9 9950X 16-Core Processor,c++ (Ubuntu 15.2.0-4ubuntu4) 15.2.0,CMAKE_CXX_FLAGS:STRING= CMAKE_CXX_FLAGS_RELEASE:STRING=-O3 -DNDEBUG,wikimedia_wikipedia_mxbai,/home/yunchih/code/simsearch/python/out/local_query_embeddings_1024.parquet,/home/yunchih/code/simsearch/python/query_embeddings/combined.jsonl,313,1024,100,10,two_step_mf_RF10,102,0,0.003226,0.000661,0.003377,0.087525,0.001392,0.097142,0.25111553767168043,0.19047619047619047,313
0bbeb0653a569e5394ac94a502549b079f7a055c,meow1,AMD Ryzen 9 9950X 16-Core Processor,c++ (Ubuntu 15.2.0-4ubuntu4) 15.2.0,CMAKE_CXX_FLAGS:STRING= CMAKE_CXX_FLAGS_RELEASE:STRING=-O3 -DNDEBUG,wikimedia_wikipedia_mxbai,/home/yunchih/code/simsearch/python/out/local_query_embeddings_1024.parquet,/home/yunchih/code/simsearch/python/query_embeddings/combined.jsonl,313,1024,100,50,two_step_mf_RF50,102,0,0.000912,0.000651,0.003427,0.086733,0.001383,0.093937,0.25111553767168043,0.19047619047619047,313
0bbeb0653a569e5394ac94a502549b079f7a055c,meow1,AMD Ryzen 9 9950X 16-Core Processor,c++ (Ubuntu 15.2.0-4ubuntu4) 15.2.0,CMAKE_CXX_FLAGS:STRING= CMAKE_CXX_FLAGS_RELEASE:STRING=-O3 -DNDEBUG,wikimedia_wikipedia_mxbai,/home/yunchih/code/simsearch/python/out/local_query_embeddings_1024.parquet,/home/yunchih/code/simsearch/python/query_embeddings/combined.jsonl,313,1024,100,0,float32_avx2,103,0,0.0,0.0,0.0,0.0,0.0,0.012,1.0000000000000004,1.0,100
0bbeb0653a569e5394ac94a502549b079f7a055c,meow1,AMD Ryzen 9 9950X 16-Core Processor,c++ (Ubuntu 15.2.0-4ubuntu4) 15.2.0,CMAKE_CXX_FLAGS:STRING= CMAKE_CXX_FLAGS_RELEASE:STRING=-O3 -DNDEBUG,wikimedia_wikipedia_mxbai,/home/yunchih/code/simsearch/python/out/local_query_embeddings_1024.parquet,/home/yunchih/code/simsearch/python/query_embeddings/combined.jsonl,313,1024,100,0,binary,103,0,0.003306,0.000662,0.001062,0.0,0.0,0.005781,1.0000000000000004,1.0,100
0bbeb0653a569e5394ac94a502549b079f7a055c,meow1,AMD Ryzen 9 9950X 16-Core Processor,c++ (Ubuntu 15.2.0-4ubuntu4) 15.2.0,CMAKE_CXX_FLAGS:STRING= CMAKE_CXX_FLAGS_RELEASE:STRING=-O3 -DNDEBUG,wikimedia_wikipedia_mxbai,/home/yunchih/code/simsearch/python/out/local_query_embeddings_1024.parquet,/home/yunchih/code/simsearch/python/query_embeddings/combined.jsonl,313,1024,100,10,two_step_RF10,103,0,0.003297,0.000651,0.003366,0.011572,0.001412,0.02129,0.25111553767168043,0.19047619047619047,313
0bbeb0653a569e5394ac94a502549b079f7a055c,meow1,AMD Ryzen 9 9950X 16-Core Processor,c++ (Ubuntu 15.2.0-4ubuntu4) 15.2.0,CMAKE_CXX_FLAGS:STRING= CMAKE_CXX_FLAGS_RELEASE:STRING=-O3 -DNDEBUG,wikimedia_wikipedia_mxbai,/home/yunchih/code/simsearch/python/out/local_query_embeddings_1024.parquet,/home/yunchih/code/simsearch/python/query_embeddings/combined.jsonl,313,1024,100,50,two_step_RF50,103,0,0.000902,0.000681,0.003427,0.011402,0.001463,0.018906,0.25111553767168043,0.19047619047619047,313
0bbeb0653a569e5394ac94a502549b079f7a055c,meow1,AMD Ryzen 9 9950X 16-Core Processor,c++ (Ubuntu 15.2.0-4ubuntu4) 15.2.0,CMAKE_CXX_FLAGS:STRING= CMAKE_CXX_FLAGS_RELEASE:STRING=-O3 -DNDEBUG,wikimedia_wikipedia_mxbai,/home/yunchih/code/simsearch/python/out/local_query_embeddings_1024.parquet,/home/yunchih/code/simsearch/python/query_embeddings/combined.jsonl,313,1024,100,10,two_step_mf_RF10,103,0,0.003266,0.000662,0.003406,0.087264,0.001383,0.096912,0.25111553767168043,0.19047619047619047,313
0bbeb0653a569e5394ac94a502549b079f7a055c,meow1,AMD Ryzen 9 9950X 16-Core Processor,c++ (Ubuntu 15.2.0-4ubuntu4) 15.2.0,CMAKE_CXX_FLAGS:STRING= CMAKE_CXX_FLAGS_RELEASE:STRING=-O3 -DNDEBUG,wikimedia_wikipedia_mxbai,/home/yunchih/code/simsearch/python/out/local_query_embeddings_1024.parquet,/home/yunchih/code/simsearch/python/query_embeddings/combined.jsonl,313,1024,100,50,two_step_mf_RF50,103,0,0.001032,0.000651,0.003417,0.086673,0.001393,0.094047,0.25111553767168043,0.19047619047619047,313
0bbeb0653a569e5394ac94a502549b079f7a055c,meow1,AMD Ryzen 9 9950X 16-Core Processor,c++ (Ubuntu 15.2.0-4ubuntu4) 15.2.0,CMAKE_CXX_FLAGS:STRING= CMAKE_CXX_FLAGS_RELEASE:STRING=-O3 -DNDEBUG,wikimedia_wikipedia_mxbai,/home/yunchih/code/simsearch/python/out/local_query_embeddings_1024.parquet,/home/yunchih/code/simsearch/python/query_embeddings/combined.jsonl,313,1024,100,0,float32_avx2,104,0,0.0,0.0,0.0,0.0,0.0,0.012,1.0000000000000004,1.0,100
0bbeb0653a569e5394ac94a502549b079f7a055c,meow1,AMD Ryzen 9 9950X 16-Core Processor,c++ (Ubuntu 15.2.0-4ubuntu4) 15.2.0,CMAKE_CXX_FLAGS:STRING= CMAKE_CXX_FLAGS_RELEASE:STRING=-O3 -DNDEBUG,wikimedia_wikipedia_mxbai,/home/yunchih/code/simsearch/python/out/local_query_embeddings_1024.parquet,/home/yunchih/code/simsearch/python/query_embeddings/combined.jsonl,313,1024,100,0,binary,104,0,0.003516,0.000651,0.001031,0.0,0.0,0.005901,1.0000000000000004,1.0,100
0bbeb0653a569e5394ac94a502549b079f7a055c,meow1,AMD Ryzen 9 9950X 16-Core Processor,c++ (Ubuntu 15.2.0-4ubuntu4) 15.2.0,CMAKE_CXX_FLAGS:STRING= CMAKE_CXX_FLAGS_RELEASE:STRING=-O3 -DNDEBUG,wikimedia_wikipedia_mxbai,/home/yunchih/code/simsearch/python/out/local_query_embeddings_1024.parquet,/home/yunchih/code/simsearch/python/query_embeddings/combined.jsonl,313,1024,100,10,two_step_RF10,104,0,0.003106,0.000642,0.003396,0.011561,0.001413,0.02107,0.25111553767168043,0.19047619047619047,313
0bbeb0653a569e5394ac94a502549b079f7a055c,meow1,AMD Ryzen 9 9950X 16-Core Processor,c++ (Ubuntu 15.2.0-4ubuntu4) 15.2.0,CMAKE_CXX_FLAGS:STRING= CMAKE_CXX_FLAGS_RELEASE:STRING=-O3 -DNDEBUG,wikimedia_wikipedia_mxbai,/home/yunchih/code/simsearch/python/out/local_query_embeddings_1024.parquet,/home/yunchih/code/simsearch/python/query_embeddings/combined.jsonl,313,1024,100,50,two_step_RF50,104,0,0.000932,0.000691,0.003376,0.011472,0.001452,0.018925,0.25111553767168043,0.19047619047619047,313
0bbeb0653a569e5394ac94a502549b079f7a055c,meow1,AMD Ryzen 9 9950X 16-Core Processor,c++ (Ubuntu 15.2.0-4ubuntu4) 15.2.0,CMAKE_CXX_FLAGS:STRING= CMAKE_CXX_FLAGS_RELEASE:STRING=-O3 -DNDEBUG,wikimedia_wikipedia_mxbai,/home/yunchih/code/simsearch/python/out/local_query_embeddings_1024.parquet,/home/yunchih/code/simsearch/python/query_embeddings/combined.jsonl,313,1024,100,10,two_step_mf_RF10,104,0,0.003196,0.000662,0.003356,0.087385,0.001392,0.096952,0.25111553767168043,0.19047619047619047,313
0bbeb0653a569e5394ac94a502549b079f7a055c,meow1,AMD Ryzen 9 9950X 16-Core Processor,c++ (Ubuntu 15.2.0-4ubuntu4) 15.2.0,CMAKE_CXX_FLAGS:STRING= CMAKE_CXX_FLAGS_RELEASE:STRING=-O3 -DNDEBUG,wikimedia_wikipedia_mxbai,/home/yunchih/code/simsearch/python/out/local_query_embeddings_1024.parquet,/home/yunchih/code/simsearch/python/query_embeddings/combined.jsonl,313,1024,100,50,two_step_mf_RF50,104,0,0.001032,0.000641,0.003407,0.086733,0.001423,0.094067,0.25111553767168043,0.19047619047619047,313
0bbeb0653a569e5394ac94a502549b079f7a055c,meow1,AMD Ryzen 9 9950X 16-Core Processor,c++ (Ubuntu 15.2.0-4ubuntu4) 15.2.0,CMAKE_CXX_FLAGS:STRING= CMAKE_CXX_FLAGS_RELEASE:STRING=-O3 -DNDEBUG,wikimedia_wikipedia_mxbai,/home/yunchih/code/simsearch/python/out/local_query_embeddings_1024.parquet,/home/yunchih/code/simsearch/python/query_embeddings/combined.jsonl,313,1024,100,0,float32_avx2,105,0,0.0,0.0,0.0,0.0,0.0,0.011,1.0000000000000004,1.0,100
0bbeb0653a569e5394ac94a502549b079f7a055c,meow1,AMD Ryzen 9 9950X 16-Core Processor,c++ (Ubuntu 15.2.0-4ubuntu4) 15.2.0,CMAKE_CXX_FLAGS:STRING= CMAKE_CXX_FLAGS_RELEASE:STRING=-O3 -DNDEBUG,wikimedia_wikipedia_mxbai,/home/yunchih/code/simsearch/python/out/local_query_embeddings_1024.parquet,/home/yunchih/code/simsearch/python/query_embeddings/combined.jsonl,313,1024,100,0,binary,105,0,0.003536,0.000652,0.001011,0.0,0.0,0.005942,1.0000000000000004,1.0,100
0bbeb0653a569e5394ac94a502549b079f7a055c,meow1,AMD Ryzen 9 9950X 16-Core Processor,c++ (Ubuntu 15.2.0-4ubuntu4) 15.2.0,CMAKE_CXX_FLAGS:STRING= CMAKE_CXX_FLAGS_RELEASE:STRING=-O3 -DNDEBUG,wikimedia_wikipedia_mxbai,/home/yunchih/code/simsearch/python/out/local_query_embeddings_1024.parquet,/home/yunchih/code/simsearch/python/query_embeddings/combined.jsonl,313,1024,100,10,two_step_RF10,105,0,0.003226,0.000631,0.003376,0.011572,0.001432,0.02129,0.25111553767168043,0.19047619047619047,313
0bbeb0653a569e5394ac94a502549b079f7a055c,meow1,AMD Ryzen 9 9950X 16-Core Processor,c++ (Ubuntu 15.2.0-4ubuntu4) 15.2.0,CMAKE_CXX_FLAGS:STRING= CMAKE_CXX_FLAGS_RELEASE:STRING=-O3 -DNDEBUG,wikimedia_wikipedia_mxbai,/home/yunchih/code/simsearch/python/out/local_query_embeddings_1024.parquet,/home/yunchih/code/simsearch/python/query_embeddings/combined.jsonl,313,1024,100,50,two_step_RF50,105,0,0.000811,0.000682,0.003376,0.011521,0.001513,0.018975,0.25111553767168043,0.19047619047619047,313
0bbeb0653a569e5394ac94a502549b079f7a055c,meow1,AMD Ryzen 9 9950X 16-Core Processor,c++ (Ubuntu 15.2.0-4ubuntu4) 15.2.0,CMAKE_CXX_FLAGS:STRING= CMAKE_CXX_FLAGS_RELEASE:STRING=-O3 -DNDEBUG,wikimedia_wikipedia_mxbai,/home/yunchih/code/simsearch/python/out/local_query_embeddings_1024.parquet,/home/yunchih/code/simsearch/python/query_embeddings/combined.jsonl,313,1024,100,10,two_step_mf_RF10,105,0,0.003196,0.000661,0.003376,0.087294,0.001783,0.097263,0.25111553767168043,0.19047619047619047,313
0bbeb0653a569e5394ac94a502549b079f7a055c,meow1,AMD Ryzen 9 9950X 16-Core Processor,c++ (Ubuntu 15.2.0-4ubuntu4) 15.2.0,CMAKE_CXX_FLAGS:STRING= CMAKE_CXX_FLAGS_RELEASE:STRING=-O3 -DNDEBUG,wikimedia_wikipedia_mxbai,/home/yunchih/code/simsearch/python/out/local_query_embeddings_1024.parquet,/home/yunchih/code/simsearch/python/query_embeddings/combined.jsonl,313,1024,100,50,two_step_mf_RF50,105,0,0.001041,0.000661,0.003436,0.086662,0.001383,0.094057,0.25111553767168043,0.19047619047619047,313
0bbeb0653a569e5394ac94a502549b079f7a055c,meow1,AMD Ryzen 9 9950X 16-Core Processor,c++ (Ubuntu 15.2.0-4ubuntu4) 15.2.0,CMAKE_CXX_FLAGS:STRING= CMAKE_CXX_FLAGS_RELEASE:STRING=-O3 -DNDEBUG,wikimedia_wikipedia_mxbai,/home/yunchih/code/simsearch/python/out/local_query_embeddings_1024.parquet,/home/yunchih/code/simsearch/python/query_embeddings/combined.jsonl,313,1024,100,0,float32_avx2,106,0,0.0,0.0,0.0,0.0,0.0,0.012,1.0000000000000004,1.0,100
0bbeb0653a569e5394ac94a502549b079f7a055c,meow1,AMD Ryzen 9 9950X 16-Core Processor,c++ (Ubuntu 15.2.0-4ubuntu4) 15.2.0,CMAKE_CXX_FLAGS:STRING= CMAKE_CXX_FLAGS_RELEASE:STRING=-O3 -DNDEBUG,wikimedia_wikipedia_mxbai,/home/yunchih/code/simsearch/python/out/local_query_embeddings_1024.parquet,/home/yunchih/code/simsearch/python/query_embeddings/combined.jsonl,313,1024,100,0,binary,106,0,0.003537,0.000671,0.001042,0.0,0.0,0.005971,1.0000000000000004,1.0,100
0bbeb0653a569e5394ac94a502549b079f7a055c,meow1,AMD Ryzen 9 9950X 16-Core Processor,c++ (Ubuntu 15.2.0-4ubuntu4) 15.2.0,CMAKE_CXX_FLAGS:STRING= CMAKE_CXX_FLAGS_RELEASE:STRING=-O3 -DNDEBUG,wikimedia_wikipedia_mxbai,/home/yunchih/code/simsearch/python/out/local_query_embeddings_1024.parquet,/home/yunchih/code/simsearch/python/query_embeddings/combined.jsonl,313,1024,100,10,two_step_RF10,106,0,0.003296,0.000652,0.003396,0.011361,0.001413,0.02108,0.25111553767168043,0.19047619047619047,313
0bbeb0653a569e5394ac94a502549b079f7a055c,meow1,AMD Ryzen 9 9950X 16-Core Processor,c++ (Ubuntu 15.2.0-4ubuntu4) 15.2.0,CMAKE_CXX_FLAGS:STRING= CMAKE_CXX_FLAGS_RELEASE:STRING=-O3 -DNDEBUG,wikimedia_wikipedia_mxbai,/home/yunchih/code/simsearch/python/out/local_query_embeddings_1024.parquet,/home/yunchih/code/simsearch/python/query_embeddings/combined.jsonl,313,1024,100,50,two_step_RF50,106,0,0.000831,0.000692,0.003386,0.011441,0.001443,0.018825,0.25111553767168043,0.19047619047619047,313
0bbeb0653a569e5394ac94a502549b079f7a055c,meow1,AMD Ryzen 9 9950X 16-Core Processor,c++ (Ubuntu 15.2.0-4ubuntu4) 15.2.0,CMAKE_CXX_FLAGS:STRING= CMAKE_CXX_FLAGS_RELEASE:STRING=-O3 -DNDEBUG,wikimedia_wikipedia_mxbai,/home/yunchih/code/simsearch/python/out/local_query_embeddings_1024.parquet,/home/yunchih/code/simsearch/python/query_embeddings/combined.jsonl,313,1024,100,10,two_step_mf_RF10,106,0,0.003146,0.000651,0.003366,0.087354,0.001393,0.096822,0.25111553767168043,0.19047619047619047,313
0bbeb0653a569e5394ac94a502549b079f7a055c,meow1,AMD Ryzen 9 9950X 16-Core Processor,c++ (Ubuntu 15.2.0-4ubuntu4) 15.2.0,CMAKE_CXX_FLAGS:STRING= CMAKE_CXX_FLAGS_RELEASE:STRING=-O3 -DNDEBUG,wikimedia_wikipedia_mxbai,/home/yunchih/code/simsearch/python/out/local_query_embeddings_1024.parquet,/home/yunchih/code/simsearch/python/query_embeddings/combined.jsonl,313,1024,100,50,two_step_mf_RF50,106,0,0.000751,0.000641,0.003397,0.086713,0.001413,0.093786,0.25111553767168043,0.19047619047619047,313
0bbeb0653a569e5394ac94a502549b079f7a055c,meow1,AMD Ryzen 9 9950X 16-Core Processor,c++ (Ubuntu 15.2.0-4ubuntu4) 15.2.0,CMAKE_CXX_FLAGS:STRING= CMAKE_CXX_FLAGS_RELEASE:STRING=-O3 -DNDEBUG,wikimedia_wikipedia_mxbai,/home/yunchih/code/simsearch/python/out/local_query_embeddings_1024.parquet,/home/yunchih/code/simsearch/python/query_embeddings/combined.jsonl,313,1024,100,0,float32_avx2,107,0,0.0,0.0,0.0,0.0,0.0,0.013,1.0000000000000004,1.0,100
0bbeb0653a569e5394ac94a502549b079f7a055c,meow1,AMD Ryzen 9 9950X 16-Core Processor,c++ (Ubuntu 15.2.0-4ubuntu4) 15.2.0,CMAKE_CXX_FLAGS:STRING= CMAKE_CXX_FLAGS_RELEASE:STRING=-O3 -DNDEBUG,wikimedia_wikipedia_mxbai,/home/yunchih/code/simsearch/python/out/local_query_embeddings_1024.parquet,/home/yunchih/code/simsearch/python/query_embeddings/combined.jsonl,313,1024,100,0,binary,107,0,0.003416,0.000642,0.001042,0.0,0.0,0.005861,1.0000000000000004,1.0,100
0bbeb0653a569e5394ac94a502549b079f7a055c,meow1,AMD Ryzen 9 9950X 16-Core Processor,c++ (Ubuntu 15.2.0-4ubuntu4) 15.2.0,CMAKE_CXX_FLAGS:STRING= CMAKE_CXX_FLAGS_RELEASE:STRING=-O3 -DNDEBUG,wikimedia_wikipedia_mxbai,/home/yunchih/code/simsearch/python/out/local_query_embeddings_1024.parquet,/home/yunchih/code/simsearch/python/query_embeddings/combined.jsonl,313,1024,100,10,two_step_RF10,107,0,0.003206,0.000641,0.003396,0.011602,0.001472,0.02132,0.25111553767168043,0.19047619047619047,313
0bbeb0653a569e5394ac94a502549b079f7a055c,meow1,AMD Ryzen 9 9950X 16-Core Processor,c++ (Ubuntu 15.2.0-4ubuntu4) 15.2.0,CMAKE_CXX_FLAGS:STRING= CMAKE_CXX_FLAGS_RELEASE:STRING=-O3 -DNDEBUG,wikimedia_wikipedia_mxbai,/home/yunchih/code/simsearch/python/out/local_query_embeddings_1024.parquet,/home/yunchih/code/simsearch/python/query_embeddings/combined.jsonl,313,1024,100,50,two_step_RF50,107,0,0.000902,0.000681,0.003377,0.011382,0.001432,0.018846,0.25111553767168043,0.19047619047619047,313
0bbeb0653a569e5394ac94a502549b079f7a055c,meow1,AMD Ryzen 9 9950X 16-Core Processor,c++ (Ubuntu 15.2.0-4ubuntu4) 15.2.0,CMAKE_CXX_FLAGS:STRING= CMAKE_CXX_FLAGS_RELEASE:STRING=-O3 -DNDEBUG,wikimedia_wikipedia_mxbai,/home/yunchih/code/simsearch/python/out/local_query_embeddings_1024.parquet,/home/yunchih/code/simsearch/python/query_embeddings/combined.jsonl,313,1024,100,10,two_step_mf_RF10,107,0,0.003176,0.000661,0.003407,0.087424,0.001423,0.097042,0.25111553767168043,0.19047619047619047,313
0bbeb0653a569e5394ac94a502549b079f7a055c,meow1,AMD Ryzen 9 9950X 16-Core Processor,c++ (Ubuntu 15.2.0-4ubuntu4) 15.2.0,CMAKE_CXX_FLAGS:STRING= CMAKE_CXX_FLAGS_RELEASE:STRING=-O3 -DNDEBUG,wikimedia_wikipedia_mxbai,/home/yunchih/code/simsearch/python/out/local_query_embeddings_1024.parquet,/home/yunchih/code/simsearch/python/query_embeddings/combined.jsonl,313,1024,100,50,two_step_mf_RF50,107,0,0.000961,0.000652,0.003356,0.086723,0.001373,0.093967,0.25111553767168043,0.19047619047619047,313
0bbeb0653a569e5394ac94a502549b079f7a055c,meow1,AMD Ryzen 9 9950X 16-Core Processor,c++ (Ubuntu 15.2.0-4ubuntu4) 15.2.0,CMAKE_CXX_FLAGS:STRING= CMAKE_CXX_FLAGS_RELEASE:STRING=-O3 -DNDEBUG,wikimedia_wikipedia_mxbai,/home/yunchih/code/simsearch/python/out/local_query_embeddings_1024.parquet,/home/yunchih/code/simsearch/python/query_embeddings/combined.jsonl,313,1024,100,0,float32_avx2,108,0,0.0,0.0,0.0,0.0,0.0,0.011,1.0000000000000004,1.0,100
0bbeb0653a569e5394ac94a502549b079f7a055c,meow1,AMD Ryzen 9 9950X 16-Core Processor,c++ (Ubuntu 15.2.0-4ubuntu4) 15.2.0,CMAKE_CXX_FLAGS:STRING= CMAKE_CXX_FLAGS_RELEASE:STRING=-O3 -DNDEBUG,wikimedia_wikipedia_mxbai,/home/yunchih/code/simsearch/python/out/local_query_embeddings_1024.parquet,/home/yunchih/code/simsearch/python/query_embeddings/combined.jsonl,313,1024,100,0,binary,108,0,0.003396,0.000651,0.001032,0.0,0.0,0.005801,1.0000000000000004,1.0,100
0bbeb0653a569e5394ac94a502549b079f7a055c,meow1,AMD Ryzen 9 9950X 16-Core Processor,c++ (Ubuntu 15.2.0-4ubuntu4) 15.2.0,CMAKE_CXX_FLAGS:STRING= CMAKE_CXX_FLAGS_RELEASE:STRING=-O3 -DNDEBUG,wikimedia_wikipedia_mxbai,/home/yunchih/code/simsearch/python/out/local_query_embeddings_1024.parquet,/home/yunchih/code/simsearch/python/query_embeddings/combined.jsonl,313,1024,100,10,two_step_RF10,108,0,0.003287,0.000641,0.003366,0.011551,0.001423,0.02123,0.25111553767168043,0.19047619047619047,313
0bbeb0653a569e5394ac94a502549b079f7a055c,meow1,AMD Ryzen 9 9950X 16-Core Processor,c++ (Ubuntu 15.2.0-4ubuntu4) 15.2.0,CMAKE_CXX_FLAGS:STRING= CMAKE_CXX_FLAGS_RELEASE:STRING=-O3 -DNDEBUG,wikimedia_wikipedia_mxbai,/home/yunchih/code/simsearch/python/out/local_query_embeddings_1024.parquet,/home/yunchih/code/simsearch/python/query_embeddings/combined.jsonl,313,1024,100,50,two_step_RF50,108,0,0.000671,0.000682,0.003426,0.011521,0.001483,0.018765,0.25111553767168043,0.19047619047619047,313
0bbeb0653a569e5394ac94a502549b079f7a055c,meow1,AMD Ryzen 9 9950X 16-Core Processor,c++ (Ubuntu 15.2.0-4ubuntu4) 15.2.0,CMAKE_CXX_FLAGS:STRING= CMAKE_CXX_FLAGS_RELEASE:STRING=-O3 -DNDEBUG,wikimedia_wikipedia_mxbai,/home/yunchih/code/simsearch/python/out/local_query_embeddings_1024.parquet,/home/yunchih/code/simsearch/python/query_embeddings/combined.jsonl,313,1024,100,10,two_step_mf_RF10,108,0,0.003276,0.000661,0.003356,0.087515,0.001393,0.097133,0.25111553767168043,0.19047619047619047,313
0bbeb0653a569e5394ac94a502549b079f7a055c,meow1,AMD Ryzen 9 9950X 16-Core Processor,c++ (Ubuntu 15.2.0-4ubuntu4) 15.2.0,CMAKE_CXX_FLAGS:STRING= CMAKE_CXX_FLAGS_RELEASE:STRING=-O3 -DNDEBUG,wikimedia_wikipedia_mxbai,/home/yunchih/code/simsearch/python/out/local_query_embeddings_1024.parquet,/home/yunchih/code/simsearch/python/query_embeddings/combined.jsonl,313,1024,100,50,two_step_mf_RF50,108,0,0.001052,0.000652,0.003396,0.087114,0.001443,0.094538,0.25111553767168043,0.19047619047619047,313
0bbeb0653a569e5394ac94a502549b079f7a055c,meow1,AMD Ryzen 9 9950X 16-Core Processor,c++ (Ubuntu 15.2.0-4ubuntu4) 15.2.0,CMAKE_CXX_FLAGS:STRING= CMAKE_CXX_FLAGS_RELEASE:STRING=-O3 -DNDEBUG,wikimedia_wikipedia_mxbai,/home/yunchih/code/simsearch/python/out/local_query_embeddings_1024.parquet,/home/yunchih/code/simsearch/python/query_embeddings/combined.jsonl,313,1024,100,0,float32_avx2,109,0,0.0,0.0,0.0,0.0,0.0,0.012,1.0000000000000004,1.0,100
0bbeb0653a569e5394ac94a502549b079f7a055c,meow1,AMD Ryzen 9 9950X 16-Core Processor,c++ (Ubuntu 15.2.0-4ubuntu4) 15.2.0,CMAKE_CXX_FLAGS:STRING= CMAKE_CXX_FLAGS_RELEASE:STRING=-O3 -DNDEBUG,wikimedia_wikipedia_mxbai,/home/yunchih/code/simsearch/python/out/local_query_embeddings_1024.parquet,/home/yunchih/code/simsearch/python/query_embeddings/combined.jsonl,313,1024,100,0,binary,109,0,0.003466,0.000671,0.001032,0.0,0.0,0.005921,1.0000000000000004,1.0,100
0bbeb0653a569e5394ac94a502549b079f7a055c,meow1,AMD Ryzen 9 9950X 16-Core Processor,c++ (Ubuntu 15.2.0-4ubuntu4) 15.2.0,CMAKE_CXX_FLAGS:STRING= CMAKE_CXX_FLAGS_RELEASE:STRING=-O3 -DNDEBUG,wikimedia_wikipedia_mxbai,/home/yunchih/code/simsearch/python/out/local_query_embeddings_1024.parquet,/home/yunchih/code/simsearch/python/query_embeddings/combined.jsonl,313,1024,100,10,two_step_RF10,109,0,0.003326,0.000641,0.003387,0.011432,0.001432,0.021199,0.25111553767168043,0.19047619047619047,313
0bbeb0653a569e5394ac94a502549b079f7a055c,meow1,AMD Ryzen 9 9950X 16-Core Processor,c++ (Ubuntu 15.2.0-4ubuntu4) 15.2.0,CMAKE_CXX_FLAGS:STRING= CMAKE_CXX_FLAGS_RELEASE:STRING=-O3 -DNDEBUG,wikimedia_wikipedia_mxbai,/home/yunchih/code/simsearch/python/out/local_query_embeddings_1024.parquet,/home/yunchih/code/simsearch/python/query_embeddings/combined.jsonl,313,1024,100,50,two_step_RF50,109,0,0.000881,0.000682,0.003406,0.011341,0.001383,0.018755,0.25111553767168043,0.19047619047619047,313
0bbeb0653a569e5394ac94a502549b079f7a055c,meow1,AMD Ryzen 9 9950X 16-Core Processor,c++ (Ubuntu 15.2.0-4ubuntu4) 15.2.0,CMAKE_CXX_FLAGS:STRING= CMAKE_CXX_FLAGS_RELEASE:STRING=-O3 -DNDEBUG,wikimedia_wikipedia_mxbai,/home/yunchih/code/simsearch/python/out/local_query_embeddings_1024.parquet,/home/yunchih/code/simsearch/python/query_embeddings/combined.jsonl,313,1024,100,10,two_step_mf_RF10,109,0,0.003236,0.000672,0.003396,0.087415,0.001432,0.097113,0.25111553767168043,0.19047619047619047,313
0bbeb0653a569e5394ac94a502549b079f7a055c,meow1,AMD Ryzen 9 9950X 16-Core Processor,c++ (Ubuntu 15.2.0-4ubuntu4) 15.2.0,CMAKE_CXX_FLAGS:STRING= CMAKE_CXX_FLAGS_RELEASE:STRING=-O3 -DNDEBUG,wikimedia_wikipedia_mxbai,/home/yunchih/code/simsearch/python/out/local_query_embeddings_1024.parquet,/home/yunchih/code/simsearch/python/query_embeddings/combined.jsonl,313,1024,100,50,two_step_mf_RF50,109,0,0.000951,0.000641,0.003386,0.086804,0.001352,0.094036,0.25111553767168043,0.19047619047619047,313
0bbeb0653a569e5394ac94a502549b079f7a055c,meow1,AMD Ryzen 9 9950X 16-Core Processor,c++ (Ubuntu 15.2.0-4ubuntu4) 15.2.0,CMAKE_CXX_FLAGS:STRING= CMAKE_CXX_FLAGS_RELEASE:STRING=-O3 -DNDEBUG,wikimedia_wikipedia_mxbai,/home/yunchih/code/simsearch/python/out/local_query_embeddings_1024.parquet,/home/yunchih/code/simsearch/python/query_embeddings/combined.jsonl,313,1024,100,0,float32_avx2,110,0,0.0,0.0,0.0,0.0,0.0,0.011,1.0000000000000004,1.0,100
0bbeb0653a569e5394ac94a502549b079f7a055c,meow1,AMD Ryzen 9 9950X 16-Core Processor,c++ (Ubuntu 15.2.0-4ubuntu4) 15.2.0,CMAKE_CXX_FLAGS:STRING= CMAKE_CXX_FLAGS_RELEASE:STRING=-O3 -DNDEBUG,wikimedia_wikipedia_mxbai,/home/yunchih/code/simsearch/python/out/local_query_embeddings_1024.parquet,/home/yunchih/code/simsearch/python/query_embeddings/combined.jsonl,313,1024,100,0,binary,110,0,0.003356,0.000661,0.001032,0.0,0.0,0.00576,1.0000000000000004,1.0,100
0bbeb0653a569e5394ac94a502549b079f7a055c,meow1,AMD Ryzen 9 9950X 16-Core Processor,c++ (Ubuntu 15.2.0-4ubuntu4) 15.2.0,CMAKE_CXX_FLAGS:STRING= CMAKE_CXX_FLAGS_RELEASE:STRING=-O3 -DNDEBUG,wikimedia_wikipedia_mxbai,/home/yunchih/code/simsearch/python/out/local_query_embeddings_1024.parquet,/home/yunchih/code/simsearch/python/query_embeddings/combined.jsonl,313,1024,100,10,two_step_RF10,110,0,0.003036,0.000631,0.003386,0.011572,0.001402,0.020979,0.25111553767168043,0.19047619047619047,313
0bbeb0653a569e5394ac94a502549b079f7a055c,meow1,AMD Ryzen 9 9950X 16-Core Processor,c++ (Ubuntu 15.2.0-4ubuntu4) 15.2.0,CMAKE_CXX_FLAGS:STRING= CMAKE_CXX_FLAGS_RELEASE:STRING=-O3 -DNDEBUG,wikimedia_wikipedia_mxbai,/home/yunchih/code/simsearch/python/out/local_query_embeddings_1024.parquet,/home/yunchih/code/simsearch/python/query_embeddings/combined.jsonl,313,1024,100,50,two_step_RF50,110,0,0.000891,0.000672,0.003406,0.011421,0.001473,0.018885,0.25111553767168043,0.19047619047619047,313
0bbeb0653a569e5394ac94a502549b079f7a055c,meow1,AMD Ryzen 9 9950X 16-Core Processor,c++ (Ubuntu 15.2.0-4ubuntu4) 15.2.0,CMAKE_CXX_FLAGS:STRING= CMAKE_CXX_FLAGS_RELEASE:STRING=-O3 -DNDEBUG,wikimedia_wikipedia_mxbai,/home/yunchih/code/simsearch/python/out/local_query_embeddings_1024.parquet,/home/yunchih/code/simsearch/python/query_embeddings/combined.jsonl,313,1024,100,10,two_step_mf_RF10,110,0,0.003095,0.000661,0.003386,0.087414,0.001352,0.096842,0.25111553767168043,0.19047619047619047,313
0bbeb0653a569e5394ac94a502549b079f7a055c,meow1,AMD Ryzen 9 9950X 16-Core Processor,c++ (Ubuntu 15.2.0-4ubuntu4) 15.2.0,CMAKE_CXX_FLAGS:STRING= CMAKE_CXX_FLAGS_RELEASE:STRING=-O3 -DNDEBUG,wikimedia_wikipedia_mxbai,/home/yunchih/code/simsearch/python/out/local_query_embeddings_1024.parquet,/home/yunchih/code/simsearch/python/query_embeddings/combined.jsonl,313,1024,100,50,two_step_mf_RF50,110,0,0.000962,0.000652,0.003396,0.086743,0.001433,0.094017,0.25111553767168043,0.19047619047619047,313
0bbeb0653a569e5394ac94a502549b079f7a055c,meow1,AMD Ryzen 9 9950X 16-Core Processor,c++ (Ubuntu 15.2.0-4ubuntu4) 15.2.0,CMAKE_CXX_FLAGS:STRING= CMAKE_CXX_FLAGS_RELEASE:STRING=-O3 -DNDEBUG,wikimedia_wikipedia_mxbai,/home/yunchih/code/simsearch/python/out/local_query_embeddings_1024.parquet,/home/yunchih/code/simsearch/python/query_embeddings/combined.jsonl,313,1024,100,0,float32_avx2,111,0,0.0,0.0,0.0,0.0,0.0,0.011,1.0000000000000004,1.0,100
0bbeb0653a569e5394ac94a502549b079f7a055c,meow1,AMD Ryzen 9 9950X 16-Core Processor,c++ (Ubuntu 15.2.0-4ubuntu4) 15.2.0,CMAKE_CXX_FLAGS:STRING= CMAKE_CXX_FLAGS_RELEASE:STRING=-O3 -DNDEBUG,wikimedia_wikipedia_mxbai,/home/yunchih/code/simsearch/python/out/local_query_embeddings_1024.parquet,/home/yunchih/code/simsearch/python/query_embeddings/combined.jsonl,313,1024,100,0,binary,111,0,0.003477,0.000661,0.001022,0.0,0.0,0.005901,1.0000000000000004,1.0,100
0bbeb0653a569e5394ac94a502549b079f7a055c,meow1,AMD Ryzen 9 9950X 16-Core Processor,c++ (Ubuntu 15.2.0-4ubuntu4) 15.2.0,CMAKE_CXX_FLAGS:STRING= CMAKE_CXX_FLAGS_RELEASE:STRING=-O3 -DNDEBUG,wikimedia_wikipedia_mxbai,/home/yunchih/code/simsearch/python/out/local_query_embeddings_1024.parquet,/home/yunchih/code/simsearch/python/query_embeddings/combined.jsonl,313,1024,100,10,two_step_RF10,111,0,0.003146,0.000631,0.003367,0.011532,0.001412,0.02109,0.25111553767168043,0.19047619047619047,313
0bbeb0653a569e5394ac94a502549b079f7a055c,meow1,AMD Ryzen 9 9950X 16-Core Processor,c++ (Ubuntu 15.2.0-4ubuntu4) 15.2.0,CMAKE_CXX_FLAGS:STRING= CMAKE_CXX_FLAGS_RELEASE:STRING=-O3 -DNDEBUG,wikimedia_wikipedia_mxbai,/home/yunchih/code/simsearch/python/out/local_query_embeddings_1024.parquet,/home/yunchih/code/simsearch/python/query_embeddings/combined.jsonl,313,1024,100,50,two_step_RF50,111,0,0.000902,0.000671,0.003387,0.011482,0.001473,0.018966,0.25111553767168043,0.19047619047619047,313
0bbeb0653a569e5394ac94a502549b079f7a055c,meow1,AMD Ryzen 9 9950X 16-Core Processor,c++ (Ubuntu 15.2.0-4ubuntu4) 15.2.0,CMAKE_CXX_FLAGS:STRING= CMAKE_CXX_FLAGS_RELEASE:STRING=-O3 -DNDEBUG,wikimedia_wikipedia_mxbai,/home/yunchih/code/simsearch/python/out/local_query_embeddings_1024.parquet,/home/yunchih/code/simsearch/python/query_embeddings/combined.jsonl,313,1024,100,10,two_step_mf_RF10,111,0,0.003266,0.000691,0.003357,0.087394,0.001393,0.097042,0.25111553767168043,0.19047619047619047,313
0bbeb0653a569e5394ac94a502549b079f7a055c,meow1,AMD Ryzen 9 9950X 16-Core Processor,c++ (Ubuntu 15.2.0-4ubuntu4) 15.2.0,CMAKE_CXX_FLAGS:STRING= CMAKE_CXX_FLAGS_RELEASE:STRING=-O3 -DNDEBUG,wikimedia_wikipedia_mxbai,/home/yunchih/code/simsearch/python/out/local_query_embeddings_1024.parquet,/home/yunchih/code/simsearch/python/query_embeddings/combined.jsonl,313,1024,100,50,two_step_mf_RF50,111,0,0.000892,0.000651,0.003406,0.086622,0.001413,0.093856,0.25111553767168043,0.19047619047619047,313
0bbeb0653a569e5394ac94a502549b079f7a055c,meow1,AMD Ryzen 9 9950X 16-Core Processor,c++ (Ubuntu 15.2.0-4ubuntu4) 15.2.0,CMAKE_CXX_FLAGS:STRING= CMAKE_CXX_FLAGS_RELEASE:STRING=-O3 -DNDEBUG,wikimedia_wikipedia_mxbai,/home/yunchih/code/simsearch/python/out/local_query_embeddings_1024.parquet,/home/yunchih/code/simsearch/python/query_embeddings/combined.jsonl,313,1024,100,0,float32_avx2,112,0,0.0,0.0,0.0,0.0,0.0,0.011,1.0000000000000004,1.0,100
0bbeb0653a569e5394ac94a502549b079f7a055c,meow1,AMD Ryzen 9 9950X 16-Core Processor,c++ (Ubuntu 15.2.0-4ubuntu4) 15.2.0,CMAKE_CXX_FLAGS:STRING= CMAKE_CXX_FLAGS_RELEASE:STRING=-O3 -DNDEBUG,wikimedia_wikipedia_mxbai,/home/yunchih/code/simsearch/python/out/local_query_embeddings_1024.parquet,/home/yunchih/code/simsearch/python/query_embeddings/combined.jsonl,313,1024,100,0,binary,112,0,0.003387,0.000661,0.001072,0.0,0.0,0.005841,1.0000000000000004,1.0,100
0bbeb0653a569e5394ac94a502549b079f7a055c,meow1,AMD Ryzen 9 9950X 16-Core Processor,c++ (Ubuntu 15.2.0-4ubuntu4) 15.2.0,CMAKE_CXX_FLAGS:STRING= CMAKE_CXX_FLAGS_RELEASE:STRING=-O3 -DNDEBUG,wikimedia_wikipedia_mxbai,/home/yunchih/code/simsearch/python/out/local_query_embeddings_1024.parquet,/home/yunchih/code/simsearch/python/query_embeddings/combined.jsonl,313,1024,100,10,two_step_RF10,112,0,0.003196,0.000641,0.003367,0.011442,0.001442,0.021059,0.25111553767168043,0.19047619047619047,313
0bbeb0653a569e5394ac94a502549b079f7a055c,meow1,AMD Ryzen 9 9950X 16-Core Processor,c++ (Ubuntu 15.2.0-4ubuntu4) 15.2.0,CMAKE_CXX_FLAGS:STRING= CMAKE_CXX_FLAGS_RELEASE:STRING=-O3 -DNDEBUG,wikimedia_wikipedia_mxbai,/home/yunchih/code/simsearch/python/out/local_query_embeddings_1024.parquet,/home/yunchih/code/simsearch/python/query_embeddings/combined.jsonl,313,1024,100,50,two_step_RF50,112,0,0.000722,0.000691,0.003396,0.011442,0.001422,0.018695,0.25111553767168043,0.19047619047619047,313
0bbeb0653a569e5394ac94a502549b079f7a055c,meow1,AMD Ryzen 9 9950X 16-Core Processor,c++ (Ubuntu 15.2.0-4ubuntu4) 15.2.0,CMAKE_CXX_FLAGS:STRING= CMAKE_CXX_FLAGS_RELEASE:STRING=-O3 -DNDEBUG,wikimedia_wikipedia_mxbai,/home/yunchih/code/simsearch/python/out/local_query_embeddings_1024.parquet,/home/yunchih/code/simsearch/python/query_embeddings/combined.jsonl,313,1024,100,10,two_step_mf_RF10,112,0,0.003266,0.000662,0.003396,0.087415,0.001442,0.097103,0.25111553767168043,0.19047619047619047,313
0bbeb0653a569e5394ac94a502549b079f7a055c,meow1,AMD Ryzen 9 9950X 16-Core Processor,c++ (Ubuntu 15.2.0-4ubuntu4) 15.2.0,CMAKE_CXX_FLAGS:STRING= CMAKE_CXX_FLAGS_RELEASE:STRING=-O3 -DNDEBUG,wikimedia_wikipedia_mxbai,/home/yunchih/code/simsearch/python/out/local_query_embeddings_1024.parquet,/home/yunchih/code/simsearch/python/query_embeddings/combined.jsonl,313,1024,100,50,two_step_mf_RF50,112,0,0.000942,0.000631,0.003397,0.086733,0.001383,0.093947,0.25111553767168043,0.19047619047619047,313
0bbeb0653a569e5394ac94a502549b079f7a055c,meow1,AMD Ryzen 9 9950X 16-Core Processor,c++ (Ubuntu 15.2.0-4ubuntu4) 15.2.0,CMAKE_CXX_FLAGS:STRING= CMAKE_CXX_FLAGS_RELEASE:STRING=-O3 -DNDEBUG,wikimedia_wikipedia_mxbai,/home/yunchih/code/simsearch/python/out/local_query_embeddings_1024.parquet,/home/yunchih/code/simsearch/python/query_embeddings/combined.jsonl,313,1024,100,0,float32_avx2,113,0,0.0,0.0,0.0,0.0,0.0,0.011,1.0000000000000004,1.0,100
0bbeb0653a569e5394ac94a502549b079f7a055c,meow1,AMD Ryzen 9 9950X 16-Core Processor,c++ (Ubuntu 15.2.0-4ubuntu4) 15.2.0,CMAKE_CXX_FLAGS:STRING= CMAKE_CXX_FLAGS_RELEASE:STRING=-O3 -DNDEBUG,wikimedia_wikipedia_mxbai,/home/yunchih/code/simsearch/python/out/local_query_embeddings_1024.parquet,/home/yunchih/code/simsearch/python/query_embeddings/combined.jsonl,313,1024,100,0,binary,113,0,0.003567,0.000651,0.001042,0.0,0.0,0.006031,1.0000000000000004,1.0,100
0bbeb0653a569e5394ac94a502549b079f7a055c,meow1,AMD Ryzen 9 9950X 16-Core Processor,c++ (Ubuntu 15.2.0-4ubuntu4) 15.2.0,CMAKE_CXX_FLAGS:STRING= CMAKE_CXX_FLAGS_RELEASE:STRING=-O3 -DNDEBUG,wikimedia_wikipedia_mxbai,/home/yunchih/code/simsearch/python/out/local_query_embeddings_1024.parquet,/home/yunchih/code/simsearch/python/query_embeddings/combined.jsonl,313,1024,100,10,two_step_RF10,113,0,0.003356,0.000652,0.003366,0.011521,0.001403,0.02128,0.25111553767168043,0.19047619047619047,313
0bbeb0653a569e5394ac94a502549b079f7a055c,meow1,AMD Ryzen 9 9950X 16-Core Processor,c++ (Ubuntu 15.2.0-4ubuntu4) 15.2.0,CMAKE_CXX_FLAGS:STRING= CMAKE_CXX_FLAGS_RELEASE:STRING=-O3 -DNDEBUG,wikimedia_wikipedia_mxbai,/home/yunchih/code/simsearch/python/out/local_query_embeddings_1024.parquet,/home/yunchih/code/simsearch/python/query_embeddings/combined.jsonl,313,1024,100,50,two_step_RF50,113,0,0.000942,0.000701,0.003386,0.011401,0.001433,0.018955,0.25111553767168043,0.19047619047619047,313
0bbeb0653a569e5394ac94a502549b079f7a055c,meow1,AMD Ryzen 9 9950X 16-Core Processor,c++ (Ubuntu 15.2.0-4ubuntu4) 15.2.0,CMAKE_CXX_FLAGS:STRING= CMAKE_CXX_FLAGS_RELEASE:STRING=-O3 -DNDEBUG,wikimedia_wikipedia_mxbai,/home/yunchih/code/simsearch/python/out/local_query_embeddings_1024.parquet,/home/yunchih/code/simsearch/python/query_embeddings/combined.jsonl,313,1024,100,10,two_step_mf_RF10,113,0,0.003356,0.000682,0.003406,0.093987,0.001433,0.103835,0.25111553767168043,0.19047619047619047,313
0bbeb0653a569e5394ac94a502549b079f7a055c,meow1,AMD Ryzen 9 9950X 16-Core Processor,c++ (Ubuntu 15.2.0-4ubuntu4) 15.2.0,CMAKE_CXX_FLAGS:STRING= CMAKE_CXX_FLAGS_RELEASE:STRING=-O3 -DNDEBUG,wikimedia_wikipedia_mxbai,/home/yunchih/code/simsearch/python/out/local_query_embeddings_1024.parquet,/home/yunchih/code/simsearch/python/query_embeddings/combined.jsonl,313,1024,100,50,two_step_mf_RF50,113,0,0.000982,0.000621,0.003427,0.086853,0.001403,0.094177,0.25111553767168043,0.19047619047619047,313
0bbeb0653a569e5394ac94a502549b079f7a055c,meow1,AMD Ryzen 9 9950X 16-Core Processor,c++ (Ubuntu 15.2.0-4ubuntu4) 15.2.0,CMAKE_CXX_FLAGS:STRING= CMAKE_CXX_FLAGS_RELEASE:STRING=-O3 -DNDEBUG,wikimedia_wikipedia_mxbai,/home/yunchih/code/simsearch/python/out/local_query_embeddings_1024.parquet,/home/yunchih/code/simsearch/python/query_embeddings/combined.jsonl,313,1024,100,0,float32_avx2,114,0,0.0,0.0,0.0,0.0,0.0,0.012,1.0000000000000004,1.0,100
0bbeb0653a569e5394ac94a502549b079f7a055c,meow1,AMD Ryzen 9 9950X 16-Core Processor,c++ (Ubuntu 15.2.0-4ubuntu4) 15.2.0,CMAKE_CXX_FLAGS:STRING= CMAKE_CXX_FLAGS_RELEASE:STRING=-O3 -DNDEBUG,wikimedia_wikipedia_mxbai,/home/yunchih/code/simsearch/python/out/local_query_embeddings_1024.parquet,/home/yunchih/code/simsearch/python/query_embeddings/combined.jsonl,313,1024,100,0,binary,114,0,0.003477,0.000661,0.001032,0.0,0.0,0.005901,1.0000000000000004,1.0,100
0bbeb0653a569e5394ac94a502549b079f7a055c,meow1,AMD Ryzen 9 9950X 16-Core Processor,c++ (Ubuntu 15.2.0-4ubuntu4) 15.2.0,CMAKE_CXX_FLAGS:STRING= CMAKE_CXX_FLAGS_RELEASE:STRING=-O3 -DNDEBUG,wikimedia_wikipedia_mxbai,/home/yunchih/code/simsearch/python/out/local_query_embeddings_1024.parquet,/home/yunchih/code/simsearch/python/query_embeddings/combined.jsonl,313,1024,100,10,two_step_RF10,114,0,0.003086,0.000631,0.003396,0.011552,0.001432,0.02107,0.25111553767168043,0.19047619047619047,313
0bbeb0653a569e5394ac94a502549b079f7a055c,meow1,AMD Ryzen 9 9950X 16-Core Processor,c++ (Ubuntu 15.2.0-4ubuntu4) 15.2.0,CMAKE_CXX_FLAGS:STRING= CMAKE_CXX_FLAGS_RELEASE:STRING=-O3 -DNDEBUG,wikimedia_wikipedia_mxbai,/home/yunchih/code/simsearch/python/out/local_query_embeddings_1024.parquet,/home/yunchih/code/simsearch/python/query_embeddings/combined.jsonl,313,1024,100,50,two_step_RF50,114,0,0.000892,0.000681,0.003417,0.011442,0.001453,0.018896,0.25111553767168043,0.19047619047619047,313
0bbeb0653a569e5394ac94a502549b079f7a055c,meow1,AMD Ryzen 9 9950X 16-Core Processor,c++ (Ubuntu 15.2.0-4ubuntu4) 15.2.0,CMAKE_CXX_FLAGS:STRING= CMAKE_CXX_FLAGS_RELEASE:STRING=-O3 -DNDEBUG,wikimedia_wikipedia_mxbai,/home/yunchih/code/simsearch/python/out/local_query_embeddings_1024.parquet,/home/yunchih/code/simsearch/python/query_embeddings/combined.jsonl,313,1024,100,10,two_step_mf_RF10,114,0,0.003246,0.000671,0.003397,0.087414,0.001373,0.097012,0.25111553767168043,0.19047619047619047,313
0bbeb0653a569e5394ac94a502549b079f7a055c,meow1,AMD Ryzen 9 9950X 16-Core Processor,c++ (Ubuntu 15.2.0-4ubuntu4) 15.2.0,CMAKE_CXX_FLAGS:STRING= CMAKE_CXX_FLAGS_RELEASE:STRING=-O3 -DNDEBUG,wikimedia_wikipedia_mxbai,/home/yunchih/code/simsearch/python/out/local_query_embeddings_1024.parquet,/home/yunchih/code/simsearch/python/query_embeddings/combined.jsonl,313,1024,100,50,two_step_mf_RF50,114,0,0.001022,0.000651,0.003366,0.086693,0.001412,0.093997,0.25111553767168043,0.19047619047619047,313
0bbeb0653a569e5394ac94a502549b079f7a055c,meow1,AMD Ryzen 9 9950X 16-Core Processor,c++ (Ubuntu 15.2.0-4ubuntu4) 15.2.0,CMAKE_CXX_FLAGS:STRING= CMAKE_CXX_FLAGS_RELEASE:STRING=-O3 -DNDEBUG,wikimedia_wikipedia_mxbai,/home/yunchih/code/simsearch/python/out/local_query_embeddings_1024.parquet,/home/yunchih/code/simsearch/python/query_embeddings/combined.jsonl,313,1024,100,0,float32_avx2,115,0,0.0,0.0,0.0,0.0,0.0,0.012,1.0000000000000004,1.0,100
0bbeb0653a569e5394ac94a502549b079f7a055c,meow1,AMD Ryzen 9 9950X 16-Core Processor,c++ (Ubuntu 15.2.0-4ubuntu4) 15.2.0,CMAKE_CXX_FLAGS:STRING= CMAKE_CXX_FLAGS_RELEASE:STRING=-O3 -DNDEBUG,wikimedia_wikipedia_mxbai,/home/yunchih/code/simsearch/python/out/local_query_embeddings_1024.parquet,/home/yunchih/code/simsearch/python/query_embeddings/combined.jsonl,313,1024,100,0,binary,115,0,0.003506,0.000662,0.001052,0.0,0.0,0.006112,1.0000000000000004,1.0,100
0bbeb0653a569e5394ac94a502549b079f7a055c,meow1,AMD Ryzen 9 9950X 16-Core Processor,c++ (Ubuntu 15.2.0-4ubuntu4) 15.2.0,CMAKE_CXX_FLAGS:STRING= CMAKE_CXX_FLAGS_RELEASE:STRING=-O3 -DNDEBUG,wikimedia_wikipedia_mxbai,/home/yunchih/code/simsearch/python/out/local_query_embeddings_1024.parquet,/home/yunchih/code/simsearch/python/query_embeddings/combined.jsonl,313,1024,100,10,two_step_RF10,115,0,0.003276,0.000631,0.003366,0.011522,0.001452,0.02126,0.25111553767168043,0.19047619047619047,313
0bbeb0653a569e5394ac94a502549b079f7a055c,meow1,AMD Ryzen 9 9950X 16-Core Processor,c++ (Ubuntu 15.2.0-4ubuntu4) 15.2.0,CMAKE_CXX_FLAGS:STRING= CMAKE_CXX_FLAGS_RELEASE:STRING=-O3 -DNDEBUG,wikimedia_wikipedia_mxbai,/home/yunchih/code/simsearch/python/out/local_query_embeddings_1024.parquet,/home/yunchih/code/simsearch/python/query_embeddings/combined.jsonl,313,1024,100,50,two_step_RF50,115,0,0.000951,0.000691,0.003386,0.011331,0.001493,0.018926,0.25111553767168043,0.19047619047619047,313
0bbeb0653a569e5394ac94a502549b079f7a055c,meow1,AMD Ryzen 9 9950X 16-Core Processor,c++ (Ubuntu 15.2.0-4ubuntu4) 15.2.0,CMAKE_CXX_FLAGS:STRING= CMAKE_CXX_FLAGS_RELEASE:STRING=-O3 -DNDEBUG,wikimedia_wikipedia_mxbai,/home/yunchih/code/simsearch/python/out/local_query_embeddings_1024.parquet,/home/yunchih/code/simsearch/python/query_embeddings/combined.jsonl,313,1024,100,10,two_step_mf_RF10,115,0,0.003226,0.000672,0.003406,0.087304,0.001433,0.097042,0.25111553767168043,0.19047619047619047,313
0bbeb0653a569e5394ac94a502549b079f7a055c,meow1,AMD Ryzen 9 9950X 16-Core Processor,c++ (Ubuntu 15.2.0-4ubuntu4) 15.2.0,CMAKE_CXX_FLAGS:STRING= CMAKE_CXX_FLAGS_RELEASE:STRING=-O3 -DNDEBUG,wikimedia_wikipedia_mxbai,/home/yunchih/code/simsearch/python/out/local_query_embeddings_1024.parquet,/home/yunchih/code/simsearch/python/query_embeddings/combined.jsonl,313,1024,100,50,two_step_mf_RF50,115,0,0.001002,0.000661,0.003406,0.087324,0.001412,0.094728,0.25111553767168043,0.19047619047619047,313
0bbeb0653a569e5394ac94a502549b079f7a055c,meow1,AMD Ryzen 9 9950X 16-Core Processor,c++ (Ubuntu 15.2.0-4ubuntu4) 15.2.0,CMAKE_CXX_FLAGS:STRING= CMAKE_CXX_FLAGS_RELEASE:STRING=-O3 -DNDEBUG,wikimedia_wikipedia_mxbai,/home/yunchih/code/simsearch/python/out/local_query_embeddings_1024.parquet,/home/yunchih/code/simsearch/python/query_embeddings/combined.jsonl,313,1024,100,0,float32_avx2,116,0,0.0,0.0,0.0,0.0,0.0,0.012,1.0000000000000004,1.0,100
0bbeb0653a569e5394ac94a502549b079f7a055c,meow1,AMD Ryzen 9 9950X 16-Core Processor,c++ (Ubuntu 15.2.0-4ubuntu4) 15.2.0,CMAKE_CXX_FLAGS:STRING= CMAKE_CXX_FLAGS_RELEASE:STRING=-O3 -DNDEBUG,wikimedia_wikipedia_mxbai,/home/yunchih/code/simsearch/python/out/local_query_embeddings_1024.parquet,/home/yunchih/code/simsearch/python/query_embeddings/combined.jsonl,313,1024,100,0,binary,116,0,0.003316,0.000682,0.001032,0.0,0.0,0.005761,1.0000000000000004,1.0,100
0bbeb0653a569e5394ac94a502549b079f7a055c,meow1,AMD Ryzen 9 9950X 16-Core Processor,c++ (Ubuntu 15.2.0-4ubuntu4) 15.2.0,CMAKE_CXX_FLAGS:STRING= CMAKE_CXX_FLAGS_RELEASE:STRING=-O3 -DNDEBUG,wikimedia_wikipedia_mxbai,/home/yunchih/code/simsearch/python/out/local_query_embeddings_1024.parquet,/home/yunchih/code/simsearch/python/query_embeddings/combined.jsonl,313,1024,100,10,two_step_RF10,116,0,0.003126,0.000651,0.003367,0.011552,0.001423,0.02108,0.25111553767168043,0.19047619047619047,313
0bbeb0653a569e5394ac94a502549b079f7a055c,meow1,AMD Ryzen 9 9950X 16-Core Processor,c++ (Ubuntu 15.2.0-4ubuntu4) 15.2.0,CMAKE_CXX_FLAGS:STRING= CMAKE_CXX_FLAGS_RELEASE:STRING=-O3 -DNDEBUG,wikimedia_wikipedia_mxbai,/home/yunchih/code/simsearch/python/out/local_query_embeddings_1024.parquet,/home/yunchih/code/simsearch/python/query_embeddings/combined.jsonl,313,1024,100,50,two_step_RF50,116,0,0.000932,0.000681,0.003386,0.011361,0.001433,0.018805,0.25111553767168043,0.19047619047619047,313
0bbeb0653a569e5394ac94a502549b079f7a055c,meow1,AMD Ryzen 9 9950X 16-Core Processor,c++ (Ubuntu 15.2.0-4ubuntu4) 15.2.0,CMAKE_CXX_FLAGS:STRING= CMAKE_CXX_FLAGS_RELEASE:STRING=-O3 -DNDEBUG,wikimedia_wikipedia_mxbai,/home/yunchih/code/simsearch/python/out/local_query_embeddings_1024.parquet,/home/yunchih/code/simsearch/python/query_embeddings/combined.jsonl,313,1024,100,10,two_step_mf_RF10,116,0,0.003226,0.000671,0.003377,0.087414,0.001383,0.097002,0.25111553767168043,0.19047619047619047,313
0bbeb0653a569e5394ac94a502549b079f7a055c,meow1,AMD Ryzen 9 9950X 16-Core Processor,c++ (Ubuntu 15.2.0-4ubuntu4) 15.2.0,CMAKE_CXX_FLAGS:STRING= CMAKE_CXX_FLAGS_RELEASE:STRING=-O3 -DNDEBUG,wikimedia_wikipedia_mxbai,/home/yunchih/code/simsearch/python/out/local_query_embeddings_1024.parquet,/home/yunchih/code/simsearch/python/query_embeddings/combined.jsonl,313,1024,100,50,two_step_mf_RF50,116,0,0.000952,0.000661,0.003366,0.088636,0.001423,0.09594,0.25111553767168043,0.19047619047619047,313
0bbeb0653a569e5394ac94a502549b079f7a055c,meow1,AMD Ryzen 9 9950X 16-Core Processor,c++ (Ubuntu 15.2.0-4ubuntu4) 15.2.0,CMAKE_CXX_FLAGS:STRING= CMAKE_CXX_FLAGS_RELEASE:STRING=-O3 -DNDEBUG,wikimedia_wikipedia_mxbai,/home/yunchih/code/simsearch/python/out/local_query_embeddings_1024.parquet,/home/yunchih/code/simsearch/python/query_embeddings/combined.jsonl,313,1024,100,0,float32_avx2,117,0,0.0,0.0,0.0,0.0,0.0,0.011,1.0000000000000004,1.0,100
0bbeb0653a569e5394ac94a502549b079f7a055c,meow1,AMD Ryzen 9 9950X 16-Core Processor,c++ (Ubuntu 15.2.0-4ubuntu4) 15.2.0,CMAKE_CXX_FLAGS:STRING= CMAKE_CXX_FLAGS_RELEASE:STRING=-O3 -DNDEBUG,wikimedia_wikipedia_mxbai,/home/yunchih/code/simsearch/python/out/local_query_embeddings_1024.parquet,/home/yunchih/code/simsearch/python/query_embeddings/combined.jsonl,313,1024,100,0,binary,117,0,0.003507,0.000671,0.001012,0.0,0.0,0.005911,1.0000000000000004,1.0,100
0bbeb0653a569e5394ac94a502549b079f7a055c,meow1,AMD Ryzen 9 9950X 16-Core Processor,c++ (Ubuntu 15.2.0-4ubuntu4) 15.2.0,CMAKE_CXX_FLAGS:STRING= CMAKE_CXX_FLAGS_RELEASE:STRING=-O3 -DNDEBUG,wikimedia_wikipedia_mxbai,/home/yunchih/code/simsearch/python/out/local_query_embeddings_1024.parquet,/home/yunchih/code/simsearch/python/query_embeddings/combined.jsonl,313,1024,100,10,two_step_RF10,117,0,0.003186,0.000661,0.003417,0.011422,0.001413,0.02111,0.25111553767168043,0.19047619047619047,313
0bbeb0653a569e5394ac94a502549b079f7a055c,meow1,AMD Ryzen 9 9950X 16-Core Processor,c++ (Ubuntu 15.2.0-4ubuntu4) 15.2.0,CMAKE_CXX_FLAGS:STRING= CMAKE_CXX_FLAGS_RELEASE:STRING=-O3 -DNDEBUG,wikimedia_wikipedia_mxbai,/home/yunchih/code/simsearch/python/out/local_query_embeddings_1024.parquet,/home/yunchih/code/simsearch/python/query_embeddings/combined.jsonl,313,1024,100,50,two_step_RF50,117,0,0.000811,0.000691,0.003416,0.011532,0.001442,0.018935,0.25111553767168043,0.19047619047619047,313
0bbeb0653a569e5394ac94a502549b079f7a055c,meow1,AMD Ryzen 9 9950X 16-Core Processor,c++ (Ubuntu 15.2.0-4ubuntu4) 15.2.0,CMAKE_CXX_FLAGS:STRING= CMAKE_CXX_FLAGS_RELEASE:STRING=-O3 -DNDEBUG,wikimedia_wikipedia_mxbai,/home/yunchih/code/simsearch/python/out/local_query_embeddings_1024.parquet,/home/yunchih/code/simsearch/python/query_embeddings/combined.jsonl,313,1024,100,10,two_step_mf_RF10,117,0,0.003206,0.000661,0.003377,0.087865,0.001363,0.097453,0.25111553767168043,0.19047619047619047,313
0bbeb0653a569e5394ac94a502549b079f7a055c,meow1,AMD Ryzen 9 9950X 16-Core Processor,c++ (Ubuntu 15.2.0-4ubuntu4) 15.2.0,CMAKE_CXX_FLAGS:STRING= CMAKE_CXX_FLAGS_RELEASE:STRING=-O3 -DNDEBUG,wikimedia_wikipedia_mxbai,/home/yunchih/code/simsearch/python/out/local_query_embeddings_1024.parquet,/home/yunchih/code/simsearch/python/query_embeddings/combined.jsonl,313,1024,100,50,two_step_mf_RF50,117,0,0.000912,0.000651,0.003386,0.086692,0.001402,0.093916,0.25111553767168043,0.19047619047619047,313
0bbeb0653a569e5394ac94a502549b079f7a055c,meow1,AMD Ryzen 9 9950X 16-Core Processor,c++ (Ubuntu 15.2.0-4ubuntu4) 15.2.0,CMAKE_CXX_FLAGS:STRING= CMAKE_CXX_FLAGS_RELEASE:STRING=-O3 -DNDEBUG,wikimedia_wikipedia_mxbai,/home/yunchih/code/simsearch/python/out/local_query_embeddings_1024.parquet,/home/yunchih/code/simsearch/python/query_embeddings/combined.jsonl,313,1024,100,0,float32_avx2,118,0,0.0,0.0,0.0,0.0,0.0,0.012,1.0000000000000004,1.0,100
0bbeb0653a569e5394ac94a502549b079f7a055c,meow1,AMD Ryzen 9 9950X 16-Core Processor,c++ (Ubuntu 15.2.0-4ubuntu4) 15.2.0,CMAKE_CXX_FLAGS:STRING= CMAKE_CXX_FLAGS_RELEASE:STRING=-O3 -DNDEBUG,wikimedia_wikipedia_mxbai,/home/yunchih/code/simsearch/python/out/local_query_embeddings_1024.parquet,/home/yunchih/code/simsearch/python/query_embeddings/combined.jsonl,313,1024,100,0,binary,118,0,0.003427,0.002154,0.001052,0.0,0.0,0.007334,1.0000000000000004,1.0,100
0bbeb0653a569e5394ac94a502549b079f7a055c,meow1,AMD Ryzen 9 9950X 16-Core Processor,c++ (Ubuntu 15.2.0-4ubuntu4) 15.2.0,CMAKE_CXX_FLAGS:STRING= CMAKE_CXX_FLAGS_RELEASE:STRING=-O3 -DNDEBUG,wikimedia_wikipedia_mxbai,/home/yunchih/code/simsearch/python/out/local_query_embeddings_1024.parquet,/home/yunchih/code/simsearch/python/query_embeddings/combined.jsonl,313,1024,100,10,two_step_RF10,118,0,0.003266,0.000631,0.003357,0.011632,0.001403,0.02127,0.25111553767168043,0.19047619047619047,313
0bbeb0653a569e5394ac94a502549b079f7a055c,meow1,AMD Ryzen 9 9950X 16-Core Processor,c++ (Ubuntu 15.2.0-4ubuntu4) 15.2.0,CMAKE_CXX_FLAGS:STRING= CMAKE_CXX_FLAGS_RELEASE:STRING=-O3 -DNDEBUG,wikimedia_wikipedia_mxbai,/home/yunchih/code/simsearch/python/out/local_query_embeddings_1024.parquet,/home/yunchih/code/simsearch/python/query_embeddings/combined.jsonl,313,1024,100,50,two_step_RF50,118,0,0.000941,0.000682,0.003436,0.011421,0.001433,0.018956,0.25111553767168043,0.19047619047619047,313
0bbeb0653a569e5394ac94a502549b079f7a055c,meow1,AMD Ryzen 9 9950X 16-Core Processor,c++ (Ubuntu 15.2.0-4ubuntu4) 15.2.0,CMAKE_CXX_FLAGS:STRING= CMAKE_CXX_FLAGS_RELEASE:STRING=-O3 -DNDEBUG,wikimedia_wikipedia_mxbai,/home/yunchih/code/simsearch/python/out/local_query_embeddings_1024.parquet,/home/yunchih/code/simsearch/python/query_embeddings/combined.jsonl,313,1024,100,10,two_step_mf_RF10,118,0,0.003216,0.000681,0.003357,0.087334,0.001353,0.096902,0.25111553767168043,0.19047619047619047,313
0bbeb0653a569e5394ac94a502549b079f7a055c,meow1,AMD Ryzen 9 9950X 16-Core Processor,c++ (Ubuntu 15.2.0-4ubuntu4) 15.2.0,CMAKE_CXX_FLAGS:STRING= CMAKE_CXX_FLAGS_RELEASE:STRING=-O3 -DNDEBUG,wikimedia_wikipedia_mxbai,/home/yunchih/code/simsearch/python/out/local_query_embeddings_1024.parquet,/home/yunchih/code/simsearch/python/query_embeddings/combined.jsonl,313,1024,100,50,two_step_mf_RF50,118,0,0.001072,0.000641,0.003407,0.086783,0.001363,0.094117,0.25111553767168043,0.19047619047619047,313
0bbeb0653a569e5394ac94a502549b079f7a055c,meow1,AMD Ryzen 9 9950X 16-Core Processor,c++ (Ubuntu 15.2.0-4ubuntu4) 15.2.0,CMAKE_CXX_FLAGS:STRING= CMAKE_CXX_FLAGS_RELEASE:STRING=-O3 -DNDEBUG,wikimedia_wikipedia_mxbai,/home/yunchih/code/simsearch/python/out/local_query_embeddings_1024.parquet,/home/yunchih/code/simsearch/python/query_embeddings/combined.jsonl,313,1024,100,0,float32_avx2,119,0,0.0,0.0,0.0,0.0,0.0,0.012,1.0000000000000004,1.0,100
0bbeb0653a569e5394ac94a502549b079f7a055c,meow1,AMD Ryzen 9 9950X 16-Core Processor,c++ (Ubuntu 15.2.0-4ubuntu4) 15.2.0,CMAKE_CXX_FLAGS:STRING= CMAKE_CXX_FLAGS_RELEASE:STRING=-O3 -DNDEBUG,wikimedia_wikipedia_mxbai,/home/yunchih/code/simsearch/python/out/local_query_embeddings_1024.parquet,/home/yunchih/code/simsearch/python/query_embeddings/combined.jsonl,313,1024,100,0,binary,119,0,0.003496,0.000662,0.001032,0.0,0.0,0.005931,1.0000000000000004,1.0,100
0bbeb0653a569e5394ac94a502549b079f7a055c,meow1,AMD Ryzen 9 9950X 16-Core Processor,c++ (Ubuntu 15.2.0-4ubuntu4) 15.2.0,CMAKE_CXX_FLAGS:STRING= CMAKE_CXX_FLAGS_RELEASE:STRING=-O3 -DNDEBUG,wikimedia_wikipedia_mxbai,/home/yunchih/code/simsearch/python/out/local_query_embeddings_1024.parquet,/home/yunchih/code/simsearch/python/query_embeddings/combined.jsonl,313,1024,100,10,two_step_RF10,119,0,0.003246,0.000641,0.003376,0.011672,0.001392,0.021341,0.25111553767168043,0.19047619047619047,313
0bbeb0653a569e5394ac94a502549b079f7a055c,meow1,AMD Ryzen 9 9950X 16-Core Processor,c++ (Ubuntu 15.2.0-4ubuntu4) 15.2.0,CMAKE_CXX_FLAGS:STRING= CMAKE_CXX_FLAGS_RELEASE:STRING=-O3 -DNDEBUG,wikimedia_wikipedia_mxbai,/home/yunchih/code/simsearch/python/out/local_query_embeddings_1024.parquet,/home/yunchih/code/simsearch/python/query_embeddings/combined.jsonl,313,1024,100,50,two_step_RF50,119,0,0.000862,0.000651,0.003387,0.011372,0.001412,0.018735,0.25111553767168043,0.19047619047619047,313
0bbeb0653a569e5394ac94a502549b079f7a055c,meow1,AMD Ryzen 9 9950X 16-Core Processor,c++ (Ubuntu 15.2.0-4ubuntu4) 15.2.0,CMAKE_CXX_FLAGS:STRING= CMAKE_CXX_FLAGS_RELEASE:STRING=-O3 -DNDEBUG,wikimedia_wikipedia_mxbai,/home/yunchih/code/simsearch/python/out/local_query_embeddings_1024.parquet,/home/yunchih/code/simsearch/python/query_embeddings/combined.jsonl,313,1024,100,10,two_step_mf_RF10,119,0,0.003256,0.000661,0.003407,0.087334,0.001463,0.097092,0.25111553767168043,0.19047619047619047,313
0bbeb0653a569e5394ac94a502549b079f7a055c,meow1,AMD Ryzen 9 9950X 16-Core Processor,c++ (Ubuntu 15.2.0-4ubuntu4) 15.2.0,CMAKE_CXX_FLAGS:STRING= CMAKE_CXX_FLAGS_RELEASE:STRING=-O3 -DNDEBUG,wikimedia_wikipedia_mxbai,/home/yunchih/code/simsearch/python/out/local_query_embeddings_1024.parquet,/home/yunchih/code/simsearch/python/query_embeddings/combined.jsonl,313,1024,100,50,two_step_mf_RF50,119,0,0.001082,0.000651,0.003377,0.086793,0.001403,0.094177,0.25111553767168043,0.19047619047619047,313
0bbeb0653a569e5394ac94a502549b079f7a055c,meow1,AMD Ryzen 9 9950X 16-Core Processor,c++ (Ubuntu 15.2.0-4ubuntu4) 15.2.0,CMAKE_CXX_FLAGS:STRING= CMAKE_CXX_FLAGS_RELEASE:STRING=-O3 -DNDEBUG,wikimedia_wikipedia_mxbai,/home/yunchih/code/simsearch/python/out/local_query_embeddings_1024.parquet,/home/yunchih/code/simsearch/python/query_embeddings/combined.jsonl,313,1024,100,0,float32_avx2,120,0,0.0,0.0,0.0,0.0,0.0,0.011,1.0000000000000004,1.0,100
0bbeb0653a569e5394ac94a502549b079f7a055c,meow1,AMD Ryzen 9 9950X 16-Core Processor,c++ (Ubuntu 15.2.0-4ubuntu4) 15.2.0,CMAKE_CXX_FLAGS:STRING= CMAKE_CXX_FLAGS_RELEASE:STRING=-O3 -DNDEBUG,wikimedia_wikipedia_mxbai,/home/yunchih/code/simsearch/python/out/local_query_embeddings_1024.parquet,/home/yunchih/code/simsearch/python/query_embeddings/combined.jsonl,313,1024,100,0,binary,120,0,0.003397,0.000661,0.001062,0.0,0.0,0.005841,1.0000000000000004,1.0,100
0bbeb0653a569e5394ac94a502549b079f7a055c,meow1,AMD Ryzen 9 9950X 16-Core Processor,c++ (Ubuntu 15.2.0-4ubuntu4) 15.2.0,CMAKE_CXX_FLAGS:STRING= CMAKE_CXX_FLAGS_RELEASE:STRING=-O3 -DNDEBUG,wikimedia_wikipedia_mxbai,/home/yunchih/code/simsearch/python/out/local_query_embeddings_1024.parquet,/home/yunchih/code/simsearch/python/query_embeddings/combined.jsonl,313,1024,100,10,two_step_RF10,120,0,0.003166,0.000631,0.003357,0.011642,0.001373,0.02114,0.25111553767168043,0.19047619047619047,313
0bbeb0653a569e5394ac94a502549b079f7a055c,meow1,AMD Ryzen 9 9950X 16-Core Processor,c++ (Ubuntu 15.2.0-4ubuntu4) 15.2.0,CMAKE_CXX_FLAGS:STRING= CMAKE_CXX_FLAGS_RELEASE:STRING=-O3 -DNDEBUG,wikimedia_wikipedia_mxbai,/home/yunchih/code/simsearch/python/out/local_query_embeddings_1024.parquet,/home/yunchih/code/simsearch/python/query_embeddings/combined.jsonl,313,1024,100,50,two_step_RF50,120,0,0.000901,0.000722,0.003366,0.011421,0.001483,0.018895,0.25111553767168043,0.19047619047619047,313
0bbeb0653a569e5394ac94a502549b079f7a055c,meow1,AMD Ryzen 9 9950X 16-Core Processor,c++ (Ubuntu 15.2.0-4ubuntu4) 15.2.0,CMAKE_CXX_FLAGS:STRING= CMAKE_CXX_FLAGS_RELEASE:STRING=-O3 -DNDEBUG,wikimedia_wikipedia_mxbai,/home/yunchih/code/simsearch/python/out/local_query_embeddings_1024.parquet,/home/yunchih/code/simsearch/python/query_embeddings/combined.jsonl,313,1024,100,10,two_step_mf_RF10,120,0,0.003066,0.000671,0.003367,0.087464,0.001423,0.096902,0.25111553767168043,0.19047619047619047,313
0bbeb0653a569e5394ac94a502549b079f7a055c,meow1,AMD Ryzen 9 9950X 16-Core Processor,c++ (Ubuntu 15.2.0-4ubuntu4) 15.2.0,CMAKE_CXX_FLAGS:STRING= CMAKE_CXX_FLAGS_RELEASE:STRING=-O3 -DNDEBUG,wikimedia_wikipedia_mxbai,/home/yunchih/code/simsearch/python/out/local_query_embeddings_1024.parquet,/home/yunchih/code/simsearch/python/query_embeddings/combined.jsonl,313,1024,100,50,two_step_mf_RF50,120,0,0.000871,0.000652,0.003386,0.086693,0.001423,0.093866,0.25111553767168043,0.19047619047619047,313
0bbeb0653a569e5394ac94a502549b079f7a055c,meow1,AMD Ryzen 9 9950X 16-Core Processor,c++ (Ubuntu 15.2.0-4ubuntu4) 15.2.0,CMAKE_CXX_FLAGS:STRING= CMAKE_CXX_FLAGS_RELEASE:STRING=-O3 -DNDEBUG,wikimedia_wikipedia_mxbai,/home/yunchih/code/simsearch/python/out/local_query_embeddings_1024.parquet,/home/yunchih/code/simsearch/python/query_embeddings/combined.jsonl,313,1024,100,0,float32_avx2,121,0,0.0,0.0,0.0,0.0,0.0,0.011,1.0000000000000004,1.0,100
0bbeb0653a569e5394ac94a502549b079f7a055c,meow1,AMD Ryzen 9 9950X 16-Core Processor,c++ (Ubuntu 15.2.0-4ubuntu4) 15.2.0,CMAKE_CXX_FLAGS:STRING= CMAKE_CXX_FLAGS_RELEASE:STRING=-O3 -DNDEBUG,wikimedia_wikipedia_mxbai,/home/yunchih/code/simsearch/python/out/local_query_embeddings_1024.parquet,/home/yunchih/code/simsearch/python/query_embeddings/combined.jsonl,313,1024,100,0,binary,121,0,0.003466,0.000682,0.001042,0.0,0.0,0.005931,1.0000000000000004,1.0,100
0bbeb0653a569e5394ac94a502549b079f7a055c,meow1,AMD Ryzen 9 9950X 16-Core Processor,c++ (Ubuntu 15.2.0-4ubuntu4) 15.2.0,CMAKE_CXX_FLAGS:STRING= CMAKE_CXX_FLAGS_RELEASE:STRING=-O3 -DNDEBUG,wikimedia_wikipedia_mxbai,/home/yunchih/code/simsearch/python/out/local_query_embeddings_1024.parquet,/home/yunchih/code/simsearch/python/query_embeddings/combined.jsonl,313,1024,100,10,two_step_RF10,121,0,0.003276,0.000642,0.003346,0.011492,0.001403,0.02113,0.25111553767168043,0.19047619047619047,313
0bbeb0653a569e5394ac94a502549b079f7a055c,meow1,AMD Ryzen 9 9950X 16-Core Processor,c++ (Ubuntu 15.2.0-4ubuntu4) 15.2.0,CMAKE_CXX_FLAGS:STRING= CMAKE_CXX_FLAGS_RELEASE:STRING=-O3 -DNDEBUG,wikimedia_wikipedia_mxbai,/home/yunchih/code/simsearch/python/out/local_query_embeddings_1024.parquet,/home/yunchih/code/simsearch/python/query_embeddings/combined.jsonl,313,1024,100,50,two_step_RF50,121,0,0.000811,0.000672,0.003396,0.011451,0.001483,0.018875,0.25111553767168043,0.19047619047619047,313
0bbeb0653a569e5394ac94a502549b079f7a055c,meow1,AMD Ryzen 9 9950X 16-Core Processor,c++ (Ubuntu 15.2.0-4ubuntu4) 15.2.0,CMAKE_CXX_FLAGS:STRING= CMAKE_CXX_FLAGS_RELEASE:STRING=-O3 -DNDEBUG,wikimedia_wikipedia_mxbai,/home/yunchih/code/simsearch/python/out/local_query_embeddings_1024.parquet,/home/yunchih/code/simsearch/python/query_embeddings/combined.jsonl,313,1024,100,10,two_step_mf_RF10,121,0,0.003356,0.000671,0.003386,0.087344,0.001423,0.097152,0.25111553767168043,0.19047619047619047,313
0bbeb0653a569e5394ac94a502549b079f7a055c,meow1,AMD Ryzen 9 9950X 16-Core Processor,c++ (Ubuntu 15.2.0-4ubuntu4) 15.2.0,CMAKE_CXX_FLAGS:STRING= CMAKE_CXX_FLAGS_RELEASE:STRING=-O3 -DNDEBUG,wikimedia_wikipedia_mxbai,/home/yunchih/code/simsearch/python/out/local_query_embeddings_1024.parquet,/home/yunchih/code/simsearch/python/query_embeddings/combined.jsonl,313,1024,100,50,two_step_mf_RF50,121,0,0.001021,0.000651,0.003396,0.086733,0.001433,0.094117,0.25111553767168043,0.19047619047619047,313
0bbeb0653a569e5394ac94a502549b079f7a055c,meow1,AMD Ryzen 9 9950X 16-Core Processor,c++ (Ubuntu 15.2.0-4ubuntu4) 15.2.0,CMAKE_CXX_FLAGS:STRING= CMAKE_CXX_FLAGS_RELEASE:STRING=-O3 -DNDEBUG,wikimedia_wikipedia_mxbai,/home/yunchih/code/simsearch/python/out/local_query_embeddings_1024.parquet,/home/yunchih/code/simsearch/python/query_embeddings/combined.jsonl,313,1024,100,0,float32_avx2,122,0,0.0,0.0,0.0,0.0,0.0,0.012,1.0000000000000004,1.0,100
0bbeb0653a569e5394ac94a502549b079f7a055c,meow1,AMD Ryzen 9 9950X 16-Core Processor,c++ (Ubuntu 15.2.0-4ubuntu4) 15.2.0,CMAKE_CXX_FLAGS:STRING= CMAKE_CXX_FLAGS_RELEASE:STRING=-O3 -DNDEBUG,wikimedia_wikipedia_mxbai,/home/yunchih/code/simsearch/python/out/local_query_embeddings_1024.parquet,/home/yunchih/code/simsearch/python/query_embeddings/combined.jsonl,313,1024,100,0,binary,122,0,0.003436,0.000661,0.001032,0.0,0.0,0.005851,1.0000000000000004,1.0,100
0bbeb0653a569e5394ac94a502549b079f7a055c,meow1,AMD Ryzen 9 9950X 16-Core Processor,c++ (Ubuntu 15.2.0-4ubuntu4) 15.2.0,CMAKE_CXX_FLAGS:STRING= CMAKE_CXX_FLAGS_RELEASE:STRING=-O3 -DNDEBUG,wikimedia_wikipedia_mxbai,/home/yunchih/code/simsearch/python/out/local_query_embeddings_1024.parquet,/home/yunchih/code/simsearch/python/query_embeddings/combined.jsonl,313,1024,100,10,two_step_RF10,122,0,0.003186,0.000631,0.003386,0.011441,0.001403,0.021009,0.25111553767168043,0.19047619047619047,313
0bbeb0653a569e5394ac94a502549b079f7a055c,meow1,AMD Ryzen 9 9950X 16-Core Processor,c++ (Ubuntu 15.2.0-4ubuntu4) 15.2.0,CMAKE_CXX_FLAGS:STRING= CMAKE_CXX_FLAGS_RELEASE:STRING=-O3 -DNDEBUG,wikimedia_wikipedia_mxbai,/home/yunchih/code/simsearch/python/out/local_query_embeddings_1024.parquet,/home/yunchih/code/simsearch/python/query_embeddings/combined.jsonl,313,1024,100,50,two_step_RF50,122,0,0.000772,0.000671,0.003387,0.011412,0.001493,0.018766,0.25111553767168043,0.19047619047619047,313
0bbeb0653a569e5394ac94a502549b079f7a055c,meow1,AMD Ryzen 9 9950X 16-Core Processor,c++ (Ubuntu 15.2.0-4ubuntu4) 15.2.0,CMAKE_CXX_FLAGS:STRING= CMAKE_CXX_FLAGS_RELEASE:STRING=-O3 -DNDEBUG,wikimedia_wikipedia_mxbai,/home/yunchih/code/simsearch/python/out/local_query_embeddings_1024.parquet,/home/yunchih/code/simsearch/python/query_embeddings/combined.jsonl,313,1024,100,10,two_step_mf_RF10,122,0,0.003196,0.000672,0.003406,0.087395,0.001372,0.096962,0.25111553767168043,0.19047619047619047,313
0bbeb0653a569e5394ac94a502549b079f7a055c,meow1,AMD Ryzen 9 9950X 16-Core Processor,c++ (Ubuntu 15.2.0-4ubuntu4) 15.2.0,CMAKE_CXX_FLAGS:STRING= CMAKE_CXX_FLAGS_RELEASE:STRING=-O3 -DNDEBUG,wikimedia_wikipedia_mxbai,/home/yunchih/code/simsearch/python/out/local_query_embeddings_1024.parquet,/home/yunchih/code/simsearch/python/query_embeddings/combined.jsonl,313,1024,100,50,two_step_mf_RF50,122,0,0.001072,0.000641,0.003387,0.086803,0.001383,0.094147,0.25111553767168043,0.19047619047619047,313
0bbeb0653a569e5394ac94a502549b079f7a055c,meow1,AMD Ryzen 9 9950X 16-Core Processor,c++ (Ubuntu 15.2.0-4ubuntu4) 15.2.0,CMAKE_CXX_FLAGS:STRING= CMAKE_CXX_FLAGS_RELEASE:STRING=-O3 -DNDEBUG,wikimedia_wikipedia_mxbai,/home/yunchih/code/simsearch/python/out/local_query_embeddings_1024.parquet,/home/yunchih/code/simsearch/python/query_embeddings/combined.jsonl,313,1024,100,0,float32_avx2,123,0,0.0,0.0,0.0,0.0,0.0,0.015,1.0000000000000004,1.0,100
0bbeb0653a569e5394ac94a502549b079f7a055c,meow1,AMD Ryzen 9 9950X 16-Core Processor,c++ (Ubuntu 15.2.0-4ubuntu4) 15.2.0,CMAKE_CXX_FLAGS:STRING= CMAKE_CXX_FLAGS_RELEASE:STRING=-O3 -DNDEBUG,wikimedia_wikipedia_mxbai,/home/yunchih/code/simsearch/python/out/local_query_embeddings_1024.parquet,/home/yunchih/code/simsearch/python/query_embeddings/combined.jsonl,313,1024,100,0,binary,123,0,0.003517,0.000671,0.001022,0.0,0.0,0.005941,1.0000000000000004,1.0,100
0bbeb0653a569e5394ac94a502549b079f7a055c,meow1,AMD Ryzen 9 9950X 16-Core Processor,c++ (Ubuntu 15.2.0-4ubuntu4) 15.2.0,CMAKE_CXX_FLAGS:STRING= CMAKE_CXX_FLAGS_RELEASE:STRING=-O3 -DNDEBUG,wikimedia_wikipedia_mxbai,/home/yunchih/code/simsearch/python/out/local_query_embeddings_1024.parquet,/home/yunchih/code/simsearch/python/query_embeddings/combined.jsonl,313,1024,100,10,two_step_RF10,123,0,0.003116,0.000651,0.003376,0.011522,0.001422,0.021079,0.25111553767168043,0.19047619047619047,313
0bbeb0653a569e5394ac94a502549b079f7a055c,meow1,AMD Ryzen 9 9950X 16-Core Processor,c++ (Ubuntu 15.2.0-4ubuntu4) 15.2.0,CMAKE_CXX_FLAGS:STRING= CMAKE_CXX_FLAGS_RELEASE:STRING=-O3 -DNDEBUG,wikimedia_wikipedia_mxbai,/home/yunchih/code/simsearch/python/out/local_query_embeddings_1024.parquet,/home/yunchih/code/simsearch/python/query_embeddings/combined.jsonl,313,1024,100,50,two_step_RF50,123,0,0.000932,0.000661,0.003456,0.011422,0.001472,0.018985,0.25111553767168043,0.19047619047619047,313
0bbeb0653a569e5394ac94a502549b079f7a055c,meow1,AMD Ryzen 9 9950X 16-Core Processor,c++ (Ubuntu 15.2.0-4ubuntu4) 15.2.0,CMAKE_CXX_FLAGS:STRING= CMAKE_CXX_FLAGS_RELEASE:STRING=-O3 -DNDEBUG,wikimedia_wikipedia_mxbai,/home/yunchih/code/simsearch/python/out/local_query_embeddings_1024.parquet,/home/yunchih/code/simsearch/python/query_embeddings/combined.jsonl,313,1024,100,10,two_step_mf_RF10,123,0,0.003236,0.000671,0.003406,0.087445,0.001392,0.097112,0.25111553767168043,0.19047619047619047,313
0bbeb0653a569e5394ac94a502549b079f7a055c,meow1,AMD Ryzen 9 9950X 16-Core Processor,c++ (Ubuntu 15.2.0-4ubuntu4) 15.2.0,CMAKE_CXX_FLAGS:STRING= CMAKE_CXX_FLAGS_RELEASE:STRING=-O3 -DNDEBUG,wikimedia_wikipedia_mxbai,/home/yunchih/code/simsearch/python/out/local_query_embeddings_1024.parquet,/home/yunchih/code/simsearch/python/query_embeddings/combined.jsonl,313,1024,100,50,two_step_mf_RF50,123,0,0.001031,0.000631,0.003396,0.086743,0.001383,0.094056,0.25111553767168043,0.19047619047619047,313
0bbeb0653a569e5394ac94a502549b079f7a055c,meow1,AMD Ryzen 9 9950X 16-Core Processor,c++ (Ubuntu 15.2.0-4ubuntu4) 15.2.0,CMAKE_CXX_FLAGS:STRING= CMAKE_CXX_FLAGS_RELEASE:STRING=-O3 -DNDEBUG,wikimedia_wikipedia_mxbai,/home/yunchih/code/simsearch/python/out/local_query_embeddings_1024.parquet,/home/yunchih/code/simsearch/python/query_embeddings/combined.jsonl,313,1024,100,0,float32_avx2,124,0,0.0,0.0,0.0,0.0,0.0,0.012,1.0000000000000004,1.0,100
0bbeb0653a569e5394ac94a502549b079f7a055c,meow1,AMD Ryzen 9 9950X 16-Core Processor,c++ (Ubuntu 15.2.0-4ubuntu4) 15.2.0,CMAKE_CXX_FLAGS:STRING= CMAKE_CXX_FLAGS_RELEASE:STRING=-O3 -DNDEBUG,wikimedia_wikipedia_mxbai,/home/yunchih/code/simsearch/python/out/local_query_embeddings_1024.parquet,/home/yunchih/code/simsearch/python/query_embeddings/combined.jsonl,313,1024,100,0,binary,124,0,0.003507,0.000671,0.001062,0.0,0.0,0.005931,1.0000000000000004,1.0,100
0bbeb0653a569e5394ac94a502549b079f7a055c,meow1,AMD Ryzen 9 9950X 16-Core Processor,c++ (Ubuntu 15.2.0-4ubuntu4) 15.2.0,CMAKE_CXX_FLAGS:STRING= CMAKE_CXX_FLAGS_RELEASE:STRING=-O3 -DNDEBUG,wikimedia_wikipedia_mxbai,/home/yunchih/code/simsearch/python/out/local_query_embeddings_1024.parquet,/home/yunchih/code/simsearch/python/query_embeddings/combined.jsonl,313,1024,100,10,two_step_RF10,124,0,0.003186,0.000631,0.003356,0.011562,0.001432,0.02114,0.25111553767168043,0.19047619047619047,313
0bbeb0653a569e5394ac94a502549b079f7a055c,meow1,AMD Ryzen 9 9950X 16-Core Processor,c++ (Ubuntu 15.2.0-4ubuntu4) 15.2.0,CMAKE_CXX_FLAGS:STRING= CMAKE_CXX_FLAGS_RELEASE:STRING=-O3 -DNDEBUG,wikimedia_wikipedia_mxbai,/home/yunchih/code/simsearch/python/out/local_query_embeddings_1024.parquet,/home/yunchih/code/simsearch/python/query_embeddings/combined.jsonl,313,1024,100,50,two_step_RF50,124,0,0.001072,0.000681,0.003396,0.011391,0.001472,0.019035,0.25111553767168043,0.19047619047619047,313
0bbeb0653a569e5394ac94a502549b079f7a055c,meow1,AMD Ryzen 9 9950X 16-Core Processor,c++ (Ubuntu 15.2.0-4ubuntu4) 15.2.0,CMAKE_CXX_FLAGS:STRING= CMAKE_CXX_FLAGS_RELEASE:STRING=-O3 -DNDEBUG,wikimedia_wikipedia_mxbai,/home/yunchih/code/simsearch/python/out/local_query_embeddings_1024.parquet,/home/yunchih/code/simsearch/python/query_embeddings/combined.jsonl,313,1024,100,10,two_step_mf_RF10,124,0,0.003196,0.000691,0.003387,0.091041,0.001383,0.1012,0.25111553767168043,0.19047619047619047,313
0bbeb0653a569e5394ac94a502549b079f7a055c,meow1,AMD Ryzen 9 9950X 16-Core Processor,c++ (Ubuntu 15.2.0-4ubuntu4) 15.2.0,CMAKE_CXX_FLAGS:STRING= CMAKE_CXX_FLAGS_RELEASE:STRING=-O3 -DNDEBUG,wikimedia_wikipedia_mxbai,/home/yunchih/code/simsearch/python/out/local_query_embeddings_1024.parquet,/home/yunchih/code/simsearch/python/query_embeddings/combined.jsonl,313,1024,100,50,two_step_mf_RF50,124,0,0.001092,0.000671,0.003407,0.086733,0.001403,0.094177,0.25111553767168043,0.19047619047619047,313
0bbeb0653a569e5394ac94a502549b079f7a055c,meow1,AMD Ryzen 9 9950X 16-Core Processor,c++ (Ubuntu 15.2.0-4ubuntu4) 15.2.0,CMAKE_CXX_FLAGS:STRING= CMAKE_CXX_FLAGS_RELEASE:STRING=-O3 -DNDEBUG,wikimedia_wikipedia_mxbai,/home/yunchih/code/simsearch/python/out/local_query_embeddings_1024.parquet,/home/yunchih/code/simsearch/python/query_embeddings/combined.jsonl,313,1024,100,0,float32_avx2,125,0,0.0,0.0,0.0,0.0,0.0,0.011,1.0000000000000004,1.0,100
0bbeb0653a569e5394ac94a502549b079f7a055c,meow1,AMD Ryzen 9 9950X 16-Core Processor,c++ (Ubuntu 15.2.0-4ubuntu4) 15.2.0,CMAKE_CXX_FLAGS:STRING= CMAKE_CXX_FLAGS_RELEASE:STRING=-O3 -DNDEBUG,wikimedia_wikipedia_mxbai,/home/yunchih/code/simsearch/python/out/local_query_embeddings_1024.parquet,/home/yunchih/code/simsearch/python/query_embeddings/combined.jsonl,313,1024,100,0,binary,125,0,0.003486,0.000661,0.001073,0.0,0.0,0.005951,1.0000000000000004,1.0,100
0bbeb0653a569e5394ac94a502549b079f7a055c,meow1,AMD Ryzen 9 9950X 16-Core Processor,c++ (Ubuntu 15.2.0-4ubuntu4) 15.2.0,CMAKE_CXX_FLAGS:STRING= CMAKE_CXX_FLAGS_RELEASE:STRING=-O3 -DNDEBUG,wikimedia_wikipedia_mxbai,/home/yunchih/code/simsearch/python/out/local_query_embeddings_1024.parquet,/home/yunchih/code/simsearch/python/query_embeddings/combined.jsonl,313,1024,100,10,two_step_RF10,125,0,0.003146,0.000632,0.003376,0.011632,0.001433,0.0212,0.25111553767168043,0.19047619047619047,313
0bbeb0653a569e5394ac94a502549b079f7a055c,meow1,AMD Ryzen 9 9950X 16-Core Processor,c++ (Ubuntu 15.2.0-4ubuntu4) 15.2.0,CMAKE_CXX_FLAGS:STRING= CMAKE_CXX_FLAGS_RELEASE:STRING=-O3 -DNDEBUG,wikimedia_wikipedia_mxbai,/home/yunchih/code/simsearch/python/out/local_query_embeddings_1024.parquet,/home/yunchih/code/simsearch/python/query_embeddings/combined.jsonl,313,1024,100,50,two_step_RF50,125,0,0.000792,0.000671,0.003447,0.011382,0.001372,0.018725,0.25111553767168043,0.19047619047619047,313
0bbeb0653a569e5394ac94a502549b079f7a055c,meow1,AMD Ryzen 9 9950X 16-Core Processor,c++ (Ubuntu 15.2.0-4ubuntu4) 15.2.0,CMAKE_CXX_FLAGS:STRING= CMAKE_CXX_FLAGS_RELEASE:STRING=-O3 -DNDEBUG,wikimedia_wikipedia_mxbai,/home/yunchih/code/simsearch/python/out/local_query_embeddings_1024.parquet,/home/yunchih/code/simsearch/python/query_embeddings/combined.jsonl,313,1024,100,10,two_step_mf_RF10,125,0,0.003306,0.000661,0.003366,0.087404,0.001363,0.097092,0.25111553767168043,0.19047619047619047,313
0bbeb0653a569e5394ac94a502549b079f7a055c,meow1,AMD Ryzen 9 9950X 16-Core Processor,c++ (Ubuntu 15.2.0-4ubuntu4) 15.2.0,CMAKE_CXX_FLAGS:STRING= CMAKE_CXX_FLAGS_RELEASE:STRING=-O3 -DNDEBUG,wikimedia_wikipedia_mxbai,/home/yunchih/code/simsearch/python/out/local_query_embeddings_1024.parquet,/home/yunchih/code/simsearch/python/query_embeddings/combined.jsonl,313,1024,100,50,two_step_mf_RF50,125,0,0.001132,0.000651,0.003406,0.086723,0.001442,0.094227,0.25111553767168043,0.19047619047619047,313
0bbeb0653a569e5394ac94a502549b079f7a055c,meow1,AMD Ryzen 9 9950X 16-Core Processor,c++ (Ubuntu 15.2.0-4ubuntu4) 15.2.0,CMAKE_CXX_FLAGS:STRING= CMAKE_CXX_FLAGS_RELEASE:STRING=-O3 -DNDEBUG,wikimedia_wikipedia_mxbai,/home/yunchih/code/simsearch/python/out/local_query_embeddings_1024.parquet,/home/yunchih/code/simsearch/python/query_embeddings/combined.jsonl,313,1024,100,0,float32_avx2,126,0,0.0,0.0,0.0,0.0,0.0,0.012,1.0000000000000004,1.0,100
0bbeb0653a569e5394ac94a502549b079f7a055c,meow1,AMD Ryzen 9 9950X 16-Core Processor,c++ (Ubuntu 15.2.0-4ubuntu4) 15.2.0,CMAKE_CXX_FLAGS:STRING= CMAKE_CXX_FLAGS_RELEASE:STRING=-O3 -DNDEBUG,wikimedia_wikipedia_mxbai,/home/yunchih/code/simsearch/python/out/local_query_embeddings_1024.parquet,/home/yunchih/code/simsearch/python/query_embeddings/combined.jsonl,313,1024,100,0,binary,126,0,0.003507,0.000661,0.001052,0.0,0.0,0.005931,1.0000000000000004,1.0,100
0bbeb0653a569e5394ac94a502549b079f7a055c,meow1,AMD Ryzen 9 9950X 16-Core Processor,c++ (Ubuntu 15.2.0-4ubuntu4) 15.2.0,CMAKE_CXX_FLAGS:STRING= CMAKE_CXX_FLAGS_RELEASE:STRING=-O3 -DNDEBUG,wikimedia_wikipedia_mxbai,/home/yunchih/code/simsearch/python/out/local_query_embeddings_1024.parquet,/home/yunchih/code/simsearch/python/query_embeddings/combined.jsonl,313,1024,100,10,two_step_RF10,126,0,0.003326,0.000612,0.003386,0.011702,0.001452,0.02145,0.25111553767168043,0.19047619047619047,313
0bbeb0653a569e5394ac94a502549b079f7a055c,meow1,AMD Ryzen 9 9950X 16-Core Processor,c++ (Ubuntu 15.2.0-4ubuntu4) 15.2.0,CMAKE_CXX_FLAGS:STRING= CMAKE_CXX_FLAGS_RELEASE:STRING=-O3 -DNDEBUG,wikimedia_wikipedia_mxbai,/home/yunchih/code/simsearch/python/out/local_query_embeddings_1024.parquet,/home/yunchih/code/simsearch/python/query_embeddings/combined.jsonl,313,1024,100,50,two_step_RF50,126,0,0.000841,0.000672,0.003406,0.011401,0.001443,0.018805,0.25111553767168043,0.19047619047619047,313
0bbeb0653a569e5394ac94a502549b079f7a055c,meow1,AMD Ryzen 9 9950X 16-Core Processor,c++ (Ubuntu 15.2.0-4ubuntu4) 15.2.0,CMAKE_CXX_FLAGS:STRING= CMAKE_CXX_FLAGS_RELEASE:STRING=-O3 -DNDEBUG,wikimedia_wikipedia_mxbai,/home/yunchih/code/simsearch/python/out/local_query_embeddings_1024.parquet,/home/yunchih/code/simsearch/python/query_embeddings/combined.jsonl,313,1024,100,10,two_step_mf_RF10,126,0,0.003166,0.000661,0.003417,0.087625,0.001372,0.097173,0.25111553767168043,0.19047619047619047,313
0bbeb0653a569e5394ac94a502549b079f7a055c,meow1,AMD Ryzen 9 9950X 16-Core Processor,c++ (Ubuntu 15.2.0-4ubuntu4) 15.2.0,CMAKE_CXX_FLAGS:STRING= CMAKE_CXX_FLAGS_RELEASE:STRING=-O3 -DNDEBUG,wikimedia_wikipedia_mxbai,/home/yunchih/code/simsearch/python/out/local_query_embeddings_1024.parquet,/home/yunchih/code/simsearch/python/query_embeddings/combined.jsonl,313,1024,100,50,two_step_mf_RF50,126,0,0.001162,0.000631,0.003407,0.086933,0.001433,0.094427,0.25111553767168043,0.19047619047619047,313
0bbeb0653a569e5394ac94a502549b079f7a055c,meow1,AMD Ryzen 9 9950X 16-Core Processor,c++ (Ubuntu 15.2.0-4ubuntu4) 15.2.0,CMAKE_CXX_FLAGS:STRING= CMAKE_CXX_FLAGS_RELEASE:STRING=-O3 -DNDEBUG,wikimedia_wikipedia_mxbai,/home/yunchih/code/simsearch/python/out/local_query_embeddings_1024.parquet,/home/yunchih/code/simsearch/python/query_embeddings/combined.jsonl,313,1024,100,0,float32_avx2,127,0,0.0,0.0,0.0,0.0,0.0,0.012,1.0000000000000004,1.0,100
0bbeb0653a569e5394ac94a502549b079f7a055c,meow1,AMD Ryzen 9 9950X 16-Core Processor,c++ (Ubuntu 15.2.0-4ubuntu4) 15.2.0,CMAKE_CXX_FLAGS:STRING= CMAKE_CXX_FLAGS_RELEASE:STRING=-O3 -DNDEBUG,wikimedia_wikipedia_mxbai,/home/yunchih/code/simsearch/python/out/local_query_embeddings_1024.parquet,/home/yunchih/code/simsearch/python/query_embeddings/combined.jsonl,313,1024,100,0,binary,127,0,0.003456,0.000641,0.001062,0.0,0.0,0.005891,1.0000000000000004,1.0,100
0bbeb0653a569e5394ac94a502549b079f7a055c,meow1,AMD Ryzen 9 9950X 16-Core Processor,c++ (Ubuntu 15.2.0-4ubuntu4) 15.2.0,CMAKE_CXX_FLAGS:STRING= CMAKE_CXX_FLAGS_RELEASE:STRING=-O3 -DNDEBUG,wikimedia_wikipedia_mxbai,/home/yunchih/code/simsearch/python/out/local_query_embeddings_1024.parquet,/home/yunchih/code/simsearch/python/query_embeddings/combined.jsonl,313,1024,100,10,two_step_RF10,127,0,0.003196,0.000641,0.003366,0.011562,0.001423,0.02119,0.25111553767168043,0.19047619047619047,313
0bbeb0653a569e5394ac94a502549b079f7a055c,meow1,AMD Ryzen 9 9950X 16-Core Processor,c++ (Ubuntu 15.2.0-4ubuntu4) 15.2.0,CMAKE_CXX_FLAGS:STRING= CMAKE_CXX_FLAGS_RELEASE:STRING=-O3 -DNDEBUG,wikimedia_wikipedia_mxbai,/home/yunchih/code/simsearch/python/out/local_query_embeddings_1024.parquet,/home/yunchih/code/simsearch/python/query_embeddings/combined.jsonl,313,1024,100,50,two_step_RF50,127,0,0.000912,0.000661,0.003386,0.011482,0.001422,0.018925,0.25111553767168043,0.19047619047619047,313
0bbeb0653a569e5394ac94a502549b079f7a055c,meow1,AMD Ryzen 9 9950X 16-Core Processor,c++ (Ubuntu 15.2.0-4ubuntu4) 15.2.0,CMAKE_CXX_FLAGS:STRING= CMAKE_CXX_FLAGS_RELEASE:STRING=-O3 -DNDEBUG,wikimedia_wikipedia_mxbai,/home/yunchih/code/simsearch/python/out/local_query_embeddings_1024.parquet,/home/yunchih/code/simsearch/python/query_embeddings/combined.jsonl,313,1024,100,10,two_step_mf_RF10,127,0,0.003276,0.000661,0.003397,0.087394,0.001383,0.097072,0.25111553767168043,0.19047619047619047,313
0bbeb0653a569e5394ac94a502549b079f7a055c,meow1,AMD Ryzen 9 9950X 16-Core Processor,c++ (Ubuntu 15.2.0-4ubuntu4) 15.2.0,CMAKE_CXX_FLAGS:STRING= CMAKE_CXX_FLAGS_RELEASE:STRING=-O3 -DNDEBUG,wikimedia_wikipedia_mxbai,/home/yunchih/code/simsearch/python/out/local_query_embeddings_1024.parquet,/home/yunchih/code/simsearch/python/query_embeddings/combined.jsonl,313,1024,100,50,two_step_mf_RF50,127,0,0.001052,0.000651,0.003437,0.088777,0.001392,0.096191,0.25111553767168043,0.19047619047619047,313
0bbeb0653a569e5394ac94a502549b079f7a055c,meow1,AMD Ryzen 9 9950X 16-Core Processor,c++ (Ubuntu 15.2.0-4ubuntu4) 15.2.0,CMAKE_CXX_FLAGS:STRING= CMAKE_CXX_FLAGS_RELEASE:STRING=-O3 -DNDEBUG,wikimedia_wikipedia_mxbai,/home/yunchih/code/simsearch/python/out/local_query_embeddings_1024.parquet,/home/yunchih/code/simsearch/python/query_embeddings/combined.jsonl,313,1024,100,0,float32_avx2,128,0,0.0,0.0,0.0,0.0,0.0,0.012,1.0000000000000004,1.0,100
0bbeb0653a569e5394ac94a502549b079f7a055c,meow1,AMD Ryzen 9 9950X 16-Core Processor,c++ (Ubuntu 15.2.0-4ubuntu4) 15.2.0,CMAKE_CXX_FLAGS:STRING= CMAKE_CXX_FLAGS_RELEASE:STRING=-O3 -DNDEBUG,wikimedia_wikipedia_mxbai,/home/yunchih/code/simsearch/python/out/local_query_embeddings_1024.parquet,/home/yunchih/code/simsearch/python/query_embeddings/combined.jsonl,313,1024,100,0,binary,128,0,0.003337,0.000661,0.000992,0.0,0.0,0.005721,1.0000000000000004,1.0,100
0bbeb0653a569e5394ac94a502549b079f7a055c,meow1,AMD Ryzen 9 9950X 16-Core Processor,c++ (Ubuntu 15.2.0-4ubuntu4) 15.2.0,CMAKE_CXX_FLAGS:STRING= CMAKE_CXX_FLAGS_RELEASE:STRING=-O3 -DNDEBUG,wikimedia_wikipedia_mxbai,/home/yunchih/code/simsearch/python/out/local_query_embeddings_1024.parquet,/home/yunchih/code/simsearch/python/query_embeddings/combined.jsonl,313,1024,100,10,two_step_RF10,128,0,0.003176,0.000632,0.003406,0.011632,0.001382,0.02119,0.25111553767168043,0.19047619047619047,313
0bbeb0653a569e5394ac94a502549b079f7a055c,meow1,AMD Ryzen 9 9950X 16-Core Processor,c++ (Ubuntu 15.2.0-4ubuntu4) 15.2.0,CMAKE_CXX_FLAGS:STRING= CMAKE_CXX_FLAGS_RELEASE:STRING=-O3 -DNDEBUG,wikimedia_wikipedia_mxbai,/home/yunchih/code/simsearch/python/out/local_query_embeddings_1024.parquet,/home/yunchih/code/simsearch/python/query_embeddings/combined.jsonl,313,1024,100,50,two_step_RF50,128,0,0.000912,0.000681,0.003387,0.011432,0.001473,0.018896,0.25111553767168043,0.19047619047619047,313
0bbeb0653a569e5394ac94a502549b079f7a055c,meow1,AMD Ryzen 9 9950X 16-Core Processor,c++ (Ubuntu 15.2.0-4ubuntu4) 15.2.0,CMAKE_CXX_FLAGS:STRING= CMAKE_CXX_FLAGS_RELEASE:STRING=-O3 -DNDEBUG,wikimedia_wikipedia_mxbai,/home/yunchih/code/simsearch/python/out/local_query_embeddings_1024.parquet,/home/yunchih/code/simsearch/python/query_embeddings/combined.jsonl,313,1024,100,10,two_step_mf_RF10,128,0,0.003226,0.000681,0.003407,0.087454,0.001403,0.097112,0.25111553767168043,0.19047619047619047,313
0bbeb0653a569e5394ac94a502549b079f7a055c,meow1,AMD Ryzen 9 9950X 16-Core Processor,c++ (Ubuntu 15.2.0-4ubuntu4) 15.2.0,CMAKE_CXX_FLAGS:STRING= CMAKE_CXX_FLAGS_RELEASE:STRING=-O3 -DNDEBUG,wikimedia_wikipedia_mxbai,/home/yunchih/code/simsearch/python/out/local_query_embeddings_1024.parquet,/home/yunchih/code/simsearch/python/query_embeddings/combined.jsonl,313,1024,100,50,two_step_mf_RF50,128,0,0.001022,0.000652,0.003376,0.086753,0.001363,0.094017,0.25111553767168043,0.19047619047619047,313
0bbeb0653a569e5394ac94a502549b079f7a055c,meow1,AMD Ryzen 9 9950X 16-Core Processor,c++ (Ubuntu 15.2.0-4ubuntu4) 15.2.0,CMAKE_CXX_FLAGS:STRING= CMAKE_CXX_FLAGS_RELEASE:STRING=-O3 -DNDEBUG,wikimedia_wikipedia_mxbai,/home/yunchih/code/simsearch/python/out/local_query_embeddings_1024.parquet,/home/yunchih/code/simsearch/python/query_embeddings/combined.jsonl,313,1024,100,0,float32_avx2,129,0,0.0,0.0,0.0,0.0,0.0,0.012,1.0000000000000004,1.0,100
0bbeb0653a569e5394ac94a502549b079f7a055c,meow1,AMD Ryzen 9 9950X 16-Core Processor,c++ (Ubuntu 15.2.0-4ubuntu4) 15.2.0,CMAKE_CXX_FLAGS:STRING= CMAKE_CXX_FLAGS_RELEASE:STRING=-O3 -DNDEBUG,wikimedia_wikipedia_mxbai,/home/yunchih/code/simsearch/python/out/local_query_embeddings_1024.parquet,/home/yunchih/code/simsearch/python/query_embeddings/combined.jsonl,313,1024,100,0,binary,129,0,0.003547,0.000661,0.001022,0.0,0.0,0.005951,1.0000000000000004,1.0,100
0bbeb0653a569e5394ac94a502549b079f7a055c,meow1,AMD Ryzen 9 9950X 16-Core Processor,c++ (Ubuntu 15.2.0-4ubuntu4) 15.2.0,CMAKE_CXX_FLAGS:STRING= CMAKE_CXX_FLAGS_RELEASE:STRING=-O3 -DNDEBUG,wikimedia_wikipedia_mxbai,/home/yunchih/code/simsearch/python/out/local_query_embeddings_1024.parquet,/home/yunchih/code/simsearch/python/query_embeddings/combined.jsonl,313,1024,100,10,two_step_RF10,129,0,0.003166,0.000641,0.003397,0.011893,0.001432,0.02152,0.25111553767168043,0.19047619047619047,313
0bbeb0653a569e5394ac94a502549b079f7a055c,meow1,AMD Ryzen 9 9950X 16-Core Processor,c++ (Ubuntu 15.2.0-4ubuntu4) 15.2.0,CMAKE_CXX_FLAGS:STRING= CMAKE_CXX_FLAGS_RELEASE:STRING=-O3 -DNDEBUG,wikimedia_wikipedia_mxbai,/home/yunchih/code/simsearch/python/out/local_query_embeddings_1024.parquet,/home/yunchih/code/simsearch/python/query_embeddings/combined.jsonl,313,1024,100,50,two_step_RF50,129,0,0.000631,0.000692,0.003406,0.011451,0.001493,0.018735,0.25111553767168043,0.19047619047619047,313
0bbeb0653a569e5394ac94a502549b079f7a055c,meow1,AMD Ryzen 9 9950X 16-Core Processor,c++ (Ubuntu 15.2.0-4ubuntu4) 15.2.0,CMAKE_CXX_FLAGS:STRING= CMAKE_CXX_FLAGS_RELEASE:STRING=-O3 -DNDEBUG,wikimedia_wikipedia_mxbai,/home/yunchih/code/simsearch/python/out/local_query_embeddings_1024.parquet,/home/yunchih/code/simsearch/python/query_embeddings/combined.jsonl,313,1024,100,10,two_step_mf_RF10,129,0,0.003376,0.000671,0.003397,0.087444,0.001433,0.097313,0.25111553767168043,0.19047619047619047,313
0bbeb0653a569e5394ac94a502549b079f7a055c,meow1,AMD Ryzen 9 9950X 16-Core Processor,c++ (Ubuntu 15.2.0-4ubuntu4) 15.2.0,CMAKE_CXX_FLAGS:STRING= CMAKE_CXX_FLAGS_RELEASE:STRING=-O3 -DNDEBUG,wikimedia_wikipedia_mxbai,/home/yunchih/code/simsearch/python/out/local_query_embeddings_1024.parquet,/home/yunchih/code/simsearch/python/query_embeddings/combined.jsonl,313,1024,100,50,two_step_mf_RF50,129,0,0.000992,0.000631,0.003387,0.086733,0.001413,0.094027,0.25111553767168043,0.19047619047619047,313
0bbeb0653a569e5394ac94a502549b079f7a055c,meow1,AMD Ryzen 9 9950X 16-Core Processor,c++ (Ubuntu 15.2.0-4ubuntu4) 15.2.0,CMAKE_CXX_FLAGS:STRING= CMAKE_CXX_FLAGS_RELEASE:STRING=-O3 -DNDEBUG,wikimedia_wikipedia_mxbai,/home/yunchih/code/simsearch/python/out/local_query_embeddings_1024.parquet,/home/yunchih/code/simsearch/python/query_embeddings/combined.jsonl,313,1024,100,0,float32_avx2,130,0,0.0,0.0,0.0,0.0,0.0,0.011,1.0000000000000004,1.0,100
0bbeb0653a569e5394ac94a502549b079f7a055c,meow1,AMD Ryzen 9 9950X 16-Core Processor,c++ (Ubuntu 15.2.0-4ubuntu4) 15.2.0,CMAKE_CXX_FLAGS:STRING= CMAKE_CXX_FLAGS_RELEASE:STRING=-O3 -DNDEBUG,wikimedia_wikipedia_mxbai,/home/yunchih/code/simsearch/python/out/local_query_embeddings_1024.parquet,/home/yunchih/code/simsearch/python/query_embeddings/combined.jsonl,313,1024,100,0,binary,130,0,0.003437,0.000661,0.001032,0.0,0.0,0.005841,1.0000000000000004,1.0,100
0bbeb0653a569e5394ac94a502549b079f7a055c,meow1,AMD Ryzen 9 9950X 16-Core Processor,c++ (Ubuntu 15.2.0-4ubuntu4) 15.2.0,CMAKE_CXX_FLAGS:STRING= CMAKE_CXX_FLAGS_RELEASE:STRING=-O3 -DNDEBUG,wikimedia_wikipedia_mxbai,/home/yunchih/code/simsearch/python/out/local_query_embeddings_1024.parquet,/home/yunchih/code/simsearch/python/query_embeddings/combined.jsonl,313,1024,100,10,two_step_RF10,130,0,0.003326,0.000631,0.003407,0.011542,0.001453,0.02138,0.25111553767168043,0.19047619047619047,313
0bbeb0653a569e5394ac94a502549b079f7a055c,meow1,AMD Ryzen 9 9950X 16-Core Processor,c++ (Ubuntu 15.2.0-4ubuntu4) 15.2.0,CMAKE_CXX_FLAGS:STRING= CMAKE_CXX_FLAGS_RELEASE:STRING=-O3 -DNDEBUG,wikimedia_wikipedia_mxbai,/home/yunchih/code/simsearch/python/out/local_query_embeddings_1024.parquet,/home/yunchih/code/simsearch/python/query_embeddings/combined.jsonl,313,1024,100,50,two_step_RF50,130,0,0.000871,0.000661,0.003366,0.011481,0.001423,0.018825,0.25111553767168043,0.19047619047619047,313
0bbeb0653a569e5394ac94a502549b079f7a055c,meow1,AMD Ryzen 9 9950X 16-Core Processor,c++ (Ubuntu 15.2.0-4ubuntu4) 15.2.0,CMAKE_CXX_FLAGS:STRING= CMAKE_CXX_FLAGS_RELEASE:STRING=-O3 -DNDEBUG,wikimedia_wikipedia_mxbai,/home/yunchih/code/simsearch/python/out/local_query_embeddings_1024.parquet,/home/yunchih/code/simsearch/python/query_embeddings/combined.jsonl,313,1024,100,10,two_step_mf_RF10,130,0,0.003296,0.000672,0.003406,0.087425,0.001462,0.097183,0.25111553767168043,0.19047619047619047,313
0bbeb0653a569e5394ac94a502549b079f7a055c,meow1,AMD Ryzen 9 9950X 16-Core Processor,c++ (Ubuntu 15.2.0-4ubuntu4) 15.2.0,CMAKE_CXX_FLAGS:STRING= CMAKE_CXX_FLAGS_RELEASE:STRING=-O3 -DNDEBUG,wikimedia_wikipedia_mxbai,/home/yunchih/code/simsearch/python/out/local_query_embeddings_1024.parquet,/home/yunchih/code/simsearch/python/query_embeddings/combined.jsonl,313,1024,100,50,two_step_mf_RF50,130,0,0.000942,0.000631,0.003397,0.086753,0.001393,0.093977,0.25111553767168043,0.19047619047619047,313
0bbeb0653a569e5394ac94a502549b079f7a055c,meow1,AMD Ryzen 9 9950X 16-Core Processor,c++ (Ubuntu 15.2.0-4ubuntu4) 15.2.0,CMAKE_CXX_FLAGS:STRING= CMAKE_CXX_FLAGS_RELEASE:STRING=-O3 -DNDEBUG,wikimedia_wikipedia_mxbai,/home/yunchih/code/simsearch/python/out/local_query_embeddings_1024.parquet,/home/yunchih/code/simsearch/python/query_embeddings/combined.jsonl,313,1024,100,0,float32_avx2,131,0,0.0,0.0,0.0,0.0,0.0,0.012,1.0000000000000004,1.0,100
0bbeb0653a569e5394ac94a502549b079f7a055c,meow1,AMD Ryzen 9 9950X 16-Core Processor,c++ (Ubuntu 15.2.0-4ubuntu4) 15.2.0,CMAKE_CXX_FLAGS:STRING= CMAKE_CXX_FLAGS_RELEASE:STRING=-O3 -DNDEBUG,wikimedia_wikipedia_mxbai,/home/yunchih/code/simsearch/python/out/local_query_embeddings_1024.parquet,/home/yunchih/code/simsearch/python/query_embeddings/combined.jsonl,313,1024,100,0,binary,131,0,0.003437,0.000651,0.001022,0.0,0.0,0.005851,1.0000000000000004,1.0,100
0bbeb0653a569e5394ac94a502549b079f7a055c,meow1,AMD Ryzen 9 9950X 16-Core Processor,c++ (Ubuntu 15.2.0-4ubuntu4) 15.2.0,CMAKE_CXX_FLAGS:STRING= CMAKE_CXX_FLAGS_RELEASE:STRING=-O3 -DNDEBUG,wikimedia_wikipedia_mxbai,/home/yunchih/code/simsearch/python/out/local_query_embeddings_1024.parquet,/home/yunchih/code/simsearch/python/query_embeddings/combined.jsonl,313,1024,100,10,two_step_RF10,131,0,0.003236,0.000632,0.003386,0.011531,0.001413,0.02119,0.25111553767168043,0.19047619047619047,313
0bbeb0653a569e5394ac94a502549b079f7a055c,meow1,AMD Ryzen 9 9950X 16-Core Processor,c++ (Ubuntu 15.2.0-4ubuntu4) 15.2.0,CMAKE_CXX_FLAGS:STRING= CMAKE_CXX_FLAGS_RELEASE:STRING=-O3 -DNDEBUG,wikimedia_wikipedia_mxbai,/home/yunchih/code/simsearch/python/out/local_query_embeddings_1024.parquet,/home/yunchih/code/simsearch/python/query_embeddings/combined.jsonl,313,1024,100,50,two_step_RF50,131,0,0.000722,0.000661,0.003446,0.011492,0.001442,0.018845,0.25111553767168043,0.19047619047619047,313
0bbeb0653a569e5394ac94a502549b079f7a055c,meow1,AMD Ryzen 9 9950X 16-Core Processor,c++ (Ubuntu 15.2.0-4ubuntu4) 15.2.0,CMAKE_CXX_FLAGS:STRING= CMAKE_CXX_FLAGS_RELEASE:STRING=-O3 -DNDEBUG,wikimedia_wikipedia_mxbai,/home/yunchih/code/simsearch/python/out/local_query_embeddings_1024.parquet,/home/yunchih/code/simsearch/python/query_embeddings/combined.jsonl,313,1024,100,10,two_step_mf_RF10,131,0,0.003206,0.000661,0.003366,0.087384,0.001363,0.096932,0.25111553767168043,0.19047619047619047,313
0bbeb0653a569e5394ac94a502549b079f7a055c,meow1,AMD Ryzen 9 9950X 16-Core Processor,c++ (Ubuntu 15.2.0-4ubuntu4) 15.2.0,CMAKE_CXX_FLAGS:STRING= CMAKE_CXX_FLAGS_RELEASE:STRING=-O3 -DNDEBUG,wikimedia_wikipedia_mxbai,/home/yunchih/code/simsearch/python/out/local_query_embeddings_1024.parquet,/home/yunchih/code/simsearch/python/query_embeddings/combined.jsonl,313,1024,100,50,two_step_mf_RF50,131,0,0.001022,0.000631,0.003416,0.086813,0.001403,0.094167,0.25111553767168043,0.19047619047619047,313
0bbeb0653a569e5394ac94a502549b079f7a055c,meow1,AMD Ryzen 9 9950X 16-Core Processor,c++ (Ubuntu 15.2.0-4ubuntu4) 15.2.0,CMAKE_CXX_FLAGS:STRING= CMAKE_CXX_FLAGS_RELEASE:STRING=-O3 -DNDEBUG,wikimedia_wikipedia_mxbai,/home/yunchih/code/simsearch/python/out/local_query_embeddings_1024.parquet,/home/yunchih/code/simsearch/python/query_embeddings/combined.jsonl,313,1024,100,0,float32_avx2,132,0,0.0,0.0,0.0,0.0,0.0,0.012,1.0000000000000004,1.0,100
0bbeb0653a569e5394ac94a502549b079f7a055c,meow1,AMD Ryzen 9 9950X 16-Core Processor,c++ (Ubuntu 15.2.0-4ubuntu4) 15.2.0,CMAKE_CXX_FLAGS:STRING= CMAKE_CXX_FLAGS_RELEASE:STRING=-O3 -DNDEBUG,wikimedia_wikipedia_mxbai,/home/yunchih/code/simsearch/python/out/local_query_embeddings_1024.parquet,/home/yunchih/code/simsearch/python/query_embeddings/combined.jsonl,313,1024,100,0,binary,132,0,0.003477,0.000661,0.000992,0.0,0.0,0.005851,1.0000000000000004,1.0,100
0bbeb0653a569e5394ac94a502549b079f7a055c,meow1,AMD Ryzen 9 9950X 16-Core Processor,c++ (Ubuntu 15.2.0-4ubuntu4) 15.2.0,CMAKE_CXX_FLAGS:STRING= CMAKE_CXX_FLAGS_RELEASE:STRING=-O3 -DNDEBUG,wikimedia_wikipedia_mxbai,/home/yunchih/code/simsearch/python/out/local_query_embeddings_1024.parquet,/home/yunchih/code/simsearch/python/query_embeddings/combined.jsonl,313,1024,100,10,two_step_RF10,132,0,0.003346,0.000641,0.003377,0.011562,0.001413,0.02129,0.25111553767168043,0.19047619047619047,313
0bbeb0653a569e5394ac94a502549b079f7a055c,meow1,AMD Ryzen 9 9950X 16-Core Processor,c++ (Ubuntu 15.2.0-4ubuntu4) 15.2.0,CMAKE_CXX_FLAGS:STRING= CMAKE_CXX_FLAGS_RELEASE:STRING=-O3 -DNDEBUG,wikimedia_wikipedia_mxbai,/home/yunchih/code/simsearch/python/out/local_query_embeddings_1024.parquet,/home/yunchih/code/simsearch/python/query_embeddings/combined.jsonl,313,1024,100,50,two_step_RF50,132,0,0.000881,0.000671,0.003456,0.011441,0.001423,0.018885,0.25111553767168043,0.19047619047619047,313
0bbeb0653a569e5394ac94a502549b079f7a055c,meow1,AMD Ryzen 9 9950X 16-Core Processor,c++ (Ubuntu 15.2.0-4ubuntu4) 15.2.0,CMAKE_CXX_FLAGS:STRING= CMAKE_CXX_FLAGS_RELEASE:STRING=-O3 -DNDEBUG,wikimedia_wikipedia_mxbai,/home/yunchih/code/simsearch/python/out/local_query_embeddings_1024.parquet,/home/yunchih/code/simsearch/python/query_embeddings/combined.jsonl,313,1024,100,10,two_step_mf_RF10,132,0,0.003206,0.000661,0.003357,0.089348,0.001423,0.098936,0.25111553767168043,0.19047619047619047,313
0bbeb0653a569e5394ac94a502549b079f7a055c,meow1,AMD Ryzen 9 9950X 16-Core Processor,c++ (Ubuntu 15.2.0-4ubuntu4) 15.2.0,CMAKE_CXX_FLAGS:STRING= CMAKE_CXX_FLAGS_RELEASE:STRING=-O3 -DNDEBUG,wikimedia_wikipedia_mxbai,/home/yunchih/code/simsearch/python/out/local_query_embeddings_1024.parquet,/home/yunchih/code/simsearch/python/query_embeddings/combined.jsonl,313,1024,100,50,two_step_mf_RF50,132,0,0.001042,0.000631,0.003406,0.086683,0.001392,0.094016,0.25111553767168043,0.19047619047619047,313
0bbeb0653a569e5394ac94a502549b079f7a055c,meow1,AMD Ryzen 9 9950X 16-Core Processor,c++ (Ubuntu 15.2.0-4ubuntu4) 15.2.0,CMAKE_CXX_FLAGS:STRING= CMAKE_CXX_FLAGS_RELEASE:STRING=-O3 -DNDEBUG,wikimedia_wikipedia_mxbai,/home/yunchih/code/simsearch/python/out/local_query_embeddings_1024.parquet,/home/yunchih/code/simsearch/python/query_embeddings/combined.jsonl,313,1024,100,0,float32_avx2,133,0,0.0,0.0,0.0,0.0,0.0,0.012,1.0000000000000004,1.0,100
0bbeb0653a569e5394ac94a502549b079f7a055c,meow1,AMD Ryzen 9 9950X 16-Core Processor,c++ (Ubuntu 15.2.0-4ubuntu4) 15.2.0,CMAKE_CXX_FLAGS:STRING= CMAKE_CXX_FLAGS_RELEASE:STRING=-O3 -DNDEBUG,wikimedia_wikipedia_mxbai,/home/yunchih/code/simsearch/python/out/local_query_embeddings_1024.parquet,/home/yunchih/code/simsearch/python/query_embeddings/combined.jsonl,313,1024,100,0,binary,133,0,0.003406,0.000652,0.001022,0.0,0.0,0.005841,1.0000000000000004,1.0,100
0bbeb0653a569e5394ac94a502549b079f7a055c,meow1,AMD Ryzen 9 9950X 16-Core Processor,c++ (Ubuntu 15.2.0-4ubuntu4) 15.2.0,CMAKE_CXX_FLAGS:STRING= CMAKE_CXX_FLAGS_RELEASE:STRING=-O3 -DNDEBUG,wikimedia_wikipedia_mxbai,/home/yunchih/code/simsearch/python/out/local_query_embeddings_1024.parquet,/home/yunchih/code/simsearch/python/query_embeddings/combined.jsonl,313,1024,100,10,two_step_RF10,133,0,0.003316,0.000642,0.003356,0.011521,0.001423,0.02124,0.25111553767168043,0.19047619047619047,313
0bbeb0653a569e5394ac94a502549b079f7a055c,meow1,AMD Ryzen 9 9950X 16-Core Processor,c++ (Ubuntu 15.2.0-4ubuntu4) 15.2.0,CMAKE_CXX_FLAGS:STRING= CMAKE_CXX_FLAGS_RELEASE:STRING=-O3 -DNDEBUG,wikimedia_wikipedia_mxbai,/home/yunchih/code/simsearch/python/out/local_query_embeddings_1024.parquet,/home/yunchih/code/simsearch/python/query_embeddings/combined.jsonl,313,1024,100,50,two_step_RF50,133,0,0.000852,0.000691,0.003406,0.011401,0.001463,0.018865,0.25111553767168043,0.19047619047619047,313
0bbeb0653a569e5394ac94a502549b079f7a055c,meow1,AMD Ryzen 9 9950X 16-Core Processor,c++ (Ubuntu 15.2.0-4ubuntu4) 15.2.0,CMAKE_CXX_FLAGS:STRING= CMAKE_CXX_FLAGS_RELEASE:STRING=-O3 -DNDEBUG,wikimedia_wikipedia_mxbai,/home/yunchih/code/simsearch/python/out/local_query_embeddings_1024.parquet,/home/yunchih/code/simsearch/python/query_embeddings/combined.jsonl,313,1024,100,10,two_step_mf_RF10,133,0,0.003246,0.000671,0.003366,0.087294,0.001402,0.096972,0.25111553767168043,0.19047619047619047,313
0bbeb0653a569e5394ac94a502549b079f7a055c,meow1,AMD Ryzen 9 9950X 16-Core Processor,c++ (Ubuntu 15.2.0-4ubuntu4) 15.2.0,CMAKE_CXX_FLAGS:STRING= CMAKE_CXX_FLAGS_RELEASE:STRING=-O3 -DNDEBUG,wikimedia_wikipedia_mxbai,/home/yunchih/code/simsearch/python/out/local_query_embeddings_1024.parquet,/home/yunchih/code/simsearch/python/query_embeddings/combined.jsonl,313,1024,100,50,two_step_mf_RF50,133,0,0.001102,0.000672,0.003386,0.086673,0.001333,0.094037,0.25111553767168043,0.19047619047619047,313
0bbeb0653a569e5394ac94a502549b079f7a055c,meow1,AMD Ryzen 9 9950X 16-Core Processor,c++ (Ubuntu 15.2.0-4ubuntu4) 15.2.0,CMAKE_CXX_FLAGS:STRING= CMAKE_CXX_FLAGS_RELEASE:STRING=-O3 -DNDEBUG,wikimedia_wikipedia_mxbai,/home/yunchih/code/simsearch/python/out/local_query_embeddings_1024.parquet,/home/yunchih/code/simsearch/python/query_embeddings/combined.jsonl,313,1024,100,0,float32_avx2,134,0,0.0,0.0,0.0,0.0,0.0,0.012,1.0000000000000004,1.0,100
0bbeb0653a569e5394ac94a502549b079f7a055c,meow1,AMD Ryzen 9 9950X 16-Core Processor,c++ (Ubuntu 15.2.0-4ubuntu4) 15.2.0,CMAKE_CXX_FLAGS:STRING= CMAKE_CXX_FLAGS_RELEASE:STRING=-O3 -DNDEBUG,wikimedia_wikipedia_mxbai,/home/yunchih/code/simsearch/python/out/local_query_embeddings_1024.parquet,/home/yunchih/code/simsearch/python/query_embeddings/combined.jsonl,313,1024,100,0,binary,134,0,0.003346,0.000651,0.001042,0.0,0.0,0.00575,1.0000000000000004,1.0,100
0bbeb0653a569e5394ac94a502549b079f7a055c,meow1,AMD Ryzen 9 9950X 16-Core Processor,c++ (Ubuntu 15.2.0-4ubuntu4) 15.2.0,CMAKE_CXX_FLAGS:STRING= CMAKE_CXX_FLAGS_RELEASE:STRING=-O3 -DNDEBUG,wikimedia_wikipedia_mxbai,/home/yunchih/code/simsearch/python/out/local_query_embeddings_1024.parquet,/home/yunchih/code/simsearch/python/query_embeddings/combined.jsonl,313,1024,100,10,two_step_RF10,134,0,0.003396,0.000621,0.003367,0.011612,0.001443,0.02143,0.25111553767168043,0.19047619047619047,313
0bbeb0653a569e5394ac94a502549b079f7a055c,meow1,AMD Ryzen 9 9950X 16-Core Processor,c++ (Ubuntu 15.2.0-4ubuntu4) 15.2.0,CMAKE_CXX_FLAGS:STRING= CMAKE_CXX_FLAGS_RELEASE:STRING=-O3 -DNDEBUG,wikimedia_wikipedia_mxbai,/home/yunchih/code/simsearch/python/out/local_query_embeddings_1024.parquet,/home/yunchih/code/simsearch/python/query_embeddings/combined.jsonl,313,1024,100,50,two_step_RF50,134,0,0.000992,0.000661,0.003426,0.011461,0.001443,0.019016,0.25111553767168043,0.19047619047619047,313
0bbeb0653a569e5394ac94a502549b079f7a055c,meow1,AMD Ryzen 9 9950X 16-Core Processor,c++ (Ubuntu 15.2.0-4ubuntu4) 15.2.0,CMAKE_CXX_FLAGS:STRING= CMAKE_CXX_FLAGS_RELEASE:STRING=-O3 -DNDEBUG,wikimedia_wikipedia_mxbai,/home/yunchih/code/simsearch/python/out/local_query_embeddings_1024.parquet,/home/yunchih/code/simsearch/python/query_embeddings/combined.jsonl,313,1024,100,10,two_step_mf_RF10,134,0,0.003316,0.000661,0.003356,0.087644,0.001433,0.097353,0.25111553767168043,0.19047619047619047,313
0bbeb0653a569e5394ac94a502549b079f7a055c,meow1,AMD Ryzen 9 9950X 16-Core Processor,c++ (Ubuntu 15.2.0-4ubuntu4) 15.2.0,CMAKE_CXX_FLAGS:STRING= CMAKE_CXX_FLAGS_RELEASE:STRING=-O3 -DNDEBUG,wikimedia_wikipedia_mxbai,/home/yunchih/code/simsearch/python/out/local_query_embeddings_1024.parquet,/home/yunchih/code/simsearch/python/query_embeddings/combined.jsonl,313,1024,100,50,two_step_mf_RF50,134,0,0.001032,0.000631,0.003397,0.086903,0.001363,0.094187,0.25111553767168043,0.19047619047619047,313
0bbeb0653a569e5394ac94a502549b079f7a055c,meow1,AMD Ryzen 9 9950X 16-Core Processor,c++ (Ubuntu 15.2.0-4ubuntu4) 15.2.0,CMAKE_CXX_FLAGS:STRING= CMAKE_CXX_FLAGS_RELEASE:STRING=-O3 -DNDEBUG,wikimedia_wikipedia_mxbai,/home/yunchih/code/simsearch/python/out/local_query_embeddings_1024.parquet,/home/yunchih/code/simsearch/python/query_embeddings/combined.jsonl,313,1024,100,0,float32_avx2,135,0,0.0,0.0,0.0,0.0,0.0,0.012,1.0000000000000004,1.0,100
0bbeb0653a569e5394ac94a502549b079f7a055c,meow1,AMD Ryzen 9 9950X 16-Core Processor,c++ (Ubuntu 15.2.0-4ubuntu4) 15.2.0,CMAKE_CXX_FLAGS:STRING= CMAKE_CXX_FLAGS_RELEASE:STRING=-O3 -DNDEBUG,wikimedia_wikipedia_mxbai,/home/yunchih/code/simsearch/python/out/local_query_embeddings_1024.parquet,/home/yunchih/code/simsearch/python/query_embeddings/combined.jsonl,313,1024,100,0,binary,135,0,0.003336,0.000682,0.001042,0.0,0.0,0.005811,1.0000000000000004,1.0,100
0bbeb0653a569e5394ac94a502549b079f7a055c,meow1,AMD Ryzen 9 9950X 16-Core Processor,c++ (Ubuntu 15.2.0-4ubuntu4) 15.2.0,CMAKE_CXX_FLAGS:STRING= CMAKE_CXX_FLAGS_RELEASE:STRING=-O3 -DNDEBUG,wikimedia_wikipedia_mxbai,/home/yunchih/code/simsearch/python/out/local_query_embeddings_1024.parquet,/home/yunchih/code/simsearch/python/query_embeddings/combined.jsonl,313,1024,100,10,two_step_RF10,135,0,0.003306,0.000631,0.003367,0.011532,0.001413,0.02123,0.25111553767168043,0.19047619047619047,313
0bbeb0653a569e5394ac94a502549b079f7a055c,meow1,AMD Ryzen 9 9950X 16-Core Processor,c++ (Ubuntu 15.2.0-4ubuntu4) 15.2.0,CMAKE_CXX_FLAGS:STRING= CMAKE_CXX_FLAGS_RELEASE:STRING=-O3 -DNDEBUG,wikimedia_wikipedia_mxbai,/home/yunchih/code/simsearch/python/out/local_query_embeddings_1024.parquet,/home/yunchih/code/simsearch/python/query_embeddings/combined.jsonl,313,1024,100,50,two_step_RF50,135,0,0.000941,0.000662,0.003416,0.011541,0.001453,0.019066,0.25111553767168043,0.19047619047619047,313
0bbeb0653a569e5394ac94a502549b079f7a055c,meow1,AMD Ryzen 9 9950X 16-Core Processor,c++ (Ubuntu 15.2.0-4ubuntu4) 15.2.0,CMAKE_CXX_FLAGS:STRING= CMAKE_CXX_FLAGS_RELEASE:STRING=-O3 -DNDEBUG,wikimedia_wikipedia_mxbai,/home/yunchih/code/simsearch/python/out/local_query_embeddings_1024.parquet,/home/yunchih/code/simsearch/python/query_embeddings/combined.jsonl,313,1024,100,10,two_step_mf_RF10,135,0,0.003156,0.000661,0.003406,0.087645,0.001412,0.097262,0.25111553767168043,0.19047619047619047,313
0bbeb0653a569e5394ac94a502549b079f7a055c,meow1,AMD Ryzen 9 9950X 16-Core Processor,c++ (Ubuntu 15.2.0-4ubuntu4) 15.2.0,CMAKE_CXX_FLAGS:STRING= CMAKE_CXX_FLAGS_RELEASE:STRING=-O3 -DNDEBUG,wikimedia_wikipedia_mxbai,/home/yunchih/code/simsearch/python/out/local_query_embeddings_1024.parquet,/home/yunchih/code/simsearch/python/query_embeddings/combined.jsonl,313,1024,100,50,two_step_mf_RF50,135,0,0.001032,0.000641,0.003396,0.089628,0.001423,0.097022,0.25111553767168043,0.19047619047619047,313
0bbeb0653a569e5394ac94a502549b079f7a055c,meow1,AMD Ryzen 9 9950X 16-Core Processor,c++ (Ubuntu 15.2.0-4ubuntu4) 15.2.0,CMAKE_CXX_FLAGS:STRING= CMAKE_CXX_FLAGS_RELEASE:STRING=-O3 -DNDEBUG,wikimedia_wikipedia_mxbai,/home/yunchih/code/simsearch/python/out/local_query_embeddings_1024.parquet,/home/yunchih/code/simsearch/python/query_embeddings/combined.jsonl,313,1024,100,0,float32_avx2,136,0,0.0,0.0,0.0,0.0,0.0,0.011,1.0000000000000004,1.0,100
0bbeb0653a569e5394ac94a502549b079f7a055c,meow1,AMD Ryzen 9 9950X 16-Core Processor,c++ (Ubuntu 15.2.0-4ubuntu4) 15.2.0,CMAKE_CXX_FLAGS:STRING= CMAKE_CXX_FLAGS_RELEASE:STRING=-O3 -DNDEBUG,wikimedia_wikipedia_mxbai,/home/yunchih/code/simsearch/python/out/local_query_embeddings_1024.parquet,/home/yunchih/code/simsearch/python/query_embeddings/combined.jsonl,313,1024,100,0,binary,136,0,0.003407,0.000651,0.001052,0.0,0.0,0.005821,1.0000000000000004,1.0,100
0bbeb0653a569e5394ac94a502549b079f7a055c,meow1,AMD Ryzen 9 9950X 16-Core Processor,c++ (Ubuntu 15.2.0-4ubuntu4) 15.2.0,CMAKE_CXX_FLAGS:STRING= CMAKE_CXX_FLAGS_RELEASE:STRING=-O3 -DNDEBUG,wikimedia_wikipedia_mxbai,/home/yunchih/code/simsearch/python/out/local_query_embeddings_1024.parquet,/home/yunchih/code/simsearch/python/query_embeddings/combined.jsonl,313,1024,100,10,two_step_RF10,136,0,0.003316,0.000622,0.003376,0.011451,0.001453,0.0212,0.25111553767168043,0.19047619047619047,313
0bbeb0653a569e5394ac94a502549b079f7a055c,meow1,AMD Ryzen 9 9950X 16-Core Processor,c++ (Ubuntu 15.2.0-4ubuntu4) 15.2.0,CMAKE_CXX_FLAGS:STRING= CMAKE_CXX_FLAGS_RELEASE:STRING=-O3 -DNDEBUG,wikimedia_wikipedia_mxbai,/home/yunchih/code/simsearch/python/out/local_query_embeddings_1024.parquet,/home/yunchih/code/simsearch/python/query_embeddings/combined.jsonl,313,1024,100,50,two_step_RF50,136,0,0.000862,0.000651,0.003426,0.011461,0.001422,0.018835,0.25111553767168043,0.19047619047619047,313
0bbeb0653a569e5394ac94a502549b079f7a055c,meow1,AMD Ryzen 9 9950X 16-Core Processor,c++ (Ubuntu 15.2.0-4ubuntu4) 15.2.0,CMAKE_CXX_FLAGS:STRING= CMAKE_CXX_FLAGS_RELEASE:STRING=-O3 -DNDEBUG,wikimedia_wikipedia_mxbai,/home/yunchih/code/simsearch/python/out/local_query_embeddings_1024.parquet,/home/yunchih/code/simsearch/python/query_embeddings/combined.jsonl,313,1024,100,10,two_step_mf_RF10,136,0,0.003286,0.000651,0.003376,0.087704,0.001413,0.097383,0.25111553767168043,0.19047619047619047,313
0bbeb0653a569e5394ac94a502549b079f7a055c,meow1,AMD Ryzen 9 9950X 16-Core Processor,c++ (Ubuntu 15.2.0-4ubuntu4) 15.2.0,CMAKE_CXX_FLAGS:STRING= CMAKE_CXX_FLAGS_RELEASE:STRING=-O3 -DNDEBUG,wikimedia_wikipedia_mxbai,/home/yunchih/code/simsearch/python/out/local_query_embeddings_1024.parquet,/home/yunchih/code/simsearch/python/query_embeddings/combined.jsonl,313,1024,100,50,two_step_mf_RF50,136,0,0.001042,0.000651,0.003397,0.086963,0.001413,0.094297,0.25111553767168043,0.19047619047619047,313
0bbeb0653a569e5394ac94a502549b079f7a055c,meow1,AMD Ryzen 9 9950X 16-Core Processor,c++ (Ubuntu 15.2.0-4ubuntu4) 15.2.0,CMAKE_CXX_FLAGS:STRING= CMAKE_CXX_FLAGS_RELEASE:STRING=-O3 -DNDEBUG,wikimedia_wikipedia_mxbai,/home/yunchih/code/simsearch/python/out/local_query_embeddings_1024.parquet,/home/yunchih/code/simsearch/python/query_embeddings/combined.jsonl,313,1024,100,0,float32_avx2,137,0,0.0,0.0,0.0,0.0,0.0,0.011,1.0000000000000004,1.0,100
0bbeb0653a569e5394ac94a502549b079f7a055c,meow1,AMD Ryzen 9 9950X 16-Core Processor,c++ (Ubuntu 15.2.0-4ubuntu4) 15.2.0,CMAKE_CXX_FLAGS:STRING= CMAKE_CXX_FLAGS_RELEASE:STRING=-O3 -DNDEBUG,wikimedia_wikipedia_mxbai,/home/yunchih/code/simsearch/python/out/local_query_embeddings_1024.parquet,/home/yunchih/code/simsearch/python/query_embeddings/combined.jsonl,313,1024,100,0,binary,137,0,0.003537,0.000641,0.001032,0.0,0.0,0.005981,1.0000000000000004,1.0,100
0bbeb0653a569e5394ac94a502549b079f7a055c,meow1,AMD Ryzen 9 9950X 16-Core Processor,c++ (Ubuntu 15.2.0-4ubuntu4) 15.2.0,CMAKE_CXX_FLAGS:STRING= CMAKE_CXX_FLAGS_RELEASE:STRING=-O3 -DNDEBUG,wikimedia_wikipedia_mxbai,/home/yunchih/code/simsearch/python/out/local_query_embeddings_1024.parquet,/home/yunchih/code/simsearch/python/query_embeddings/combined.jsonl,313,1024,100,10,two_step_RF10,137,0,0.003226,0.000621,0.003376,0.011592,0.001403,0.0212,0.25111553767168043,0.19047619047619047,313
0bbeb0653a569e5394ac94a502549b079f7a055c,meow1,AMD Ryzen 9 9950X 16-Core Processor,c++ (Ubuntu 15.2.0-4ubuntu4) 15.2.0,CMAKE_CXX_FLAGS:STRING= CMAKE_CXX_FLAGS_RELEASE:STRING=-O3 -DNDEBUG,wikimedia_wikipedia_mxbai,/home/yunchih/code/simsearch/python/out/local_query_embeddings_1024.parquet,/home/yunchih/code/simsearch/python/query_embeddings/combined.jsonl,313,1024,100,50,two_step_RF50,137,0,0.000871,0.000682,0.003446,0.011421,0.001453,0.018926,0.25111553767168043,0.19047619047619047,313
0bbeb0653a569e5394ac94a502549b079f7a055c,meow1,AMD Ryzen 9 9950X 16-Core Processor,c++ (Ubuntu 15.2.0-4ubuntu4) 15.2.0,CMAKE_CXX_FLAGS:STRING= CMAKE_CXX_FLAGS_RELEASE:STRING=-O3 -DNDEBUG,wikimedia_wikipedia_mxbai,/home/yunchih/code/simsearch/python/out/local_query_embeddings_1024.parquet,/home/yunchih/code/simsearch/python/query_embeddings/combined.jsonl,313,1024,100,10,two_step_mf_RF10,137,0,0.003086,0.000651,0.003376,0.087584,0.001413,0.097112,0.25111553767168043,0.19047619047619047,313
0bbeb0653a569e5394ac94a502549b079f7a055c,meow1,AMD Ryzen 9 9950X 16-Core Processor,c++ (Ubuntu 15.2.0-4ubuntu4) 15.2.0,CMAKE_CXX_FLAGS:STRING= CMAKE_CXX_FLAGS_RELEASE:STRING=-O3 -DNDEBUG,wikimedia_wikipedia_mxbai,/home/yunchih/code/simsearch/python/out/local_query_embeddings_1024.parquet,/home/yunchih/code/simsearch/python/query_embeddings/combined.jsonl,313,1024,100,50,two_step_mf_RF50,137,0,0.000931,0.000632,0.003386,0.086954,0.001402,0.094217,0.25111553767168043,0.19047619047619047,313
0bbeb0653a569e5394ac94a502549b079f7a055c,meow1,AMD Ryzen 9 9950X 16-Core Processor,c++ (Ubuntu 15.2.0-4ubuntu4) 15.2.0,CMAKE_CXX_FLAGS:STRING= CMAKE_CXX_FLAGS_RELEASE:STRING=-O3 -DNDEBUG,wikimedia_wikipedia_mxbai,/home/yunchih/code/simsearch/python/out/local_query_embeddings_1024.parquet,/home/yunchih/code/simsearch/python/query_embeddings/combined.jsonl,313,1024,100,0,float32_avx2,138,0,0.0,0.0,0.0,0.0,0.0,0.012,1.0000000000000004,1.0,100
0bbeb0653a569e5394ac94a502549b079f7a055c,meow1,AMD Ryzen 9 9950X 16-Core Processor,c++ (Ubuntu 15.2.0-4ubuntu4) 15.2.0,CMAKE_CXX_FLAGS:STRING= CMAKE_CXX_FLAGS_RELEASE:STRING=-O3 -DNDEBUG,wikimedia_wikipedia_mxbai,/home/yunchih/code/simsearch/python/out/local_query_embeddings_1024.parquet,/home/yunchih/code/simsearch/python/query_embeddings/combined.jsonl,313,1024,100,0,binary,138,0,0.003406,0.000651,0.001032,0.0,0.0,0.00579,1.0000000000000004,1.0,100
0bbeb0653a569e5394ac94a502549b079f7a055c,meow1,AMD Ryzen 9 9950X 16-Core Processor,c++ (Ubuntu 15.2.0-4ubuntu4) 15.2.0,CMAKE_CXX_FLAGS:STRING= CMAKE_CXX_FLAGS_RELEASE:STRING=-O3 -DNDEBUG,wikimedia_wikipedia_mxbai,/home/yunchih/code/simsearch/python/out/local_query_embeddings_1024.parquet,/home/yunchih/code/simsearch/python/query_embeddings/combined.jsonl,313,1024,100,10,two_step_RF10,138,0,0.003186,0.000622,0.003366,0.011471,0.001423,0.02107,0.25111553767168043,0.19047619047619047,313
0bbeb0653a569e5394ac94a502549b079f7a055c,meow1,AMD Ryzen 9 9950X 16-Core Processor,c++ (Ubuntu 15.2.0-4ubuntu4) 15.2.0,CMAKE_CXX_FLAGS:STRING= CMAKE_CXX_FLAGS_RELEASE:STRING=-O3 -DNDEBUG,wikimedia_wikipedia_mxbai,/home/yunchih/code/simsearch/python/out/local_query_embeddings_1024.parquet,/home/yunchih/code/simsearch/python/query_embeddings/combined.jsonl,313,1024,100,50,two_step_RF50,138,0,0.000852,0.000671,0.003447,0.011382,0.001432,0.018795,0.25111553767168043,0.19047619047619047,313
0bbeb0653a569e5394ac94a502549b079f7a055c,meow1,AMD Ryzen 9 9950X 16-Core Processor,c++ (Ubuntu 15.2.0-4ubuntu4) 15.2.0,CMAKE_CXX_FLAGS:STRING= CMAKE_CXX_FLAGS_RELEASE:STRING=-O3 -DNDEBUG,wikimedia_wikipedia_mxbai,/home/yunchih/code/simsearch/python/out/local_query_embeddings_1024.parquet,/home/yunchih/code/simsearch/python/query_embeddings/combined.jsonl,313,1024,100,10,two_step_mf_RF10,138,0,0.003266,0.000651,0.003417,0.087585,0.001402,0.097263,0.25111553767168043,0.19047619047619047,313
0bbeb0653a569e5394ac94a502549b079f7a055c,meow1,AMD Ryzen 9 9950X 16-Core Processor,c++ (Ubuntu 15.2.0-4ubuntu4) 15.2.0,CMAKE_CXX_FLAGS:STRING= CMAKE_CXX_FLAGS_RELEASE:STRING=-O3 -DNDEBUG,wikimedia_wikipedia_mxbai,/home/yunchih/code/simsearch/python/out/local_query_embeddings_1024.parquet,/home/yunchih/code/simsearch/python/query_embeddings/combined.jsonl,313,1024,100,50,two_step_mf_RF50,138,0,0.000951,0.000641,0.003406,0.086723,0.001363,0.093946,0.25111553767168043,0.19047619047619047,313
0bbeb0653a569e5394ac94a502549b079f7a055c,meow1,AMD Ryzen 9 9950X 16-Core Processor,c++ (Ubuntu 15.2.0-4ubuntu4) 15.2.0,CMAKE_CXX_FLAGS:STRING= CMAKE_CXX_FLAGS_RELEASE:STRING=-O3 -DNDEBUG,wikimedia_wikipedia_mxbai,/home/yunchih/code/simsearch/python/out/local_query_embeddings_1024.parquet,/home/yunchih/code/simsearch/python/query_embeddings/combined.jsonl,313,1024,100,0,float32_avx2,139,0,0.0,0.0,0.0,0.0,0.0,0.011,1.0000000000000004,1.0,100
0bbeb0653a569e5394ac94a502549b079f7a055c,meow1,AMD Ryzen 9 9950X 16-Core Processor,c++ (Ubuntu 15.2.0-4ubuntu4) 15.2.0,CMAKE_CXX_FLAGS:STRING= CMAKE_CXX_FLAGS_RELEASE:STRING=-O3 -DNDEBUG,wikimedia_wikipedia_mxbai,/home/yunchih/code/simsearch/python/out/local_query_embeddings_1024.parquet,/home/yunchih/code/simsearch/python/query_embeddings/combined.jsonl,313,1024,100,0,binary,139,0,0.003236,0.000672,0.001042,0.0,0.0,0.005681,1.0000000000000004,1.0,100
0bbeb0653a569e5394ac94a502549b079f7a055c,meow1,AMD Ryzen 9 9950X 16-Core Processor,c++ (Ubuntu 15.2.0-4ubuntu4) 15.2.0,CMAKE_CXX_FLAGS:STRING= CMAKE_CXX_FLAGS_RELEASE:STRING=-O3 -DNDEBUG,wikimedia_wikipedia_mxbai,/home/yunchih/code/simsearch/python/out/local_query_embeddings_1024.parquet,/home/yunchih/code/simsearch/python/query_embeddings/combined.jsonl,313,1024,100,10,two_step_RF10,139,0,0.003396,0.000641,0.003367,0.011432,0.001382,0.021209,0.25111553767168043,0.19047619047619047,313
0bbeb0653a569e5394ac94a502549b079f7a055c,meow1,AMD Ryzen 9 9950X 16-Core Processor,c++ (Ubuntu 15.2.0-4ubuntu4) 15.2.0,CMAKE_CXX_FLAGS:STRING= CMAKE_CXX_FLAGS_RELEASE:STRING=-O3 -DNDEBUG,wikimedia_wikipedia_mxbai,/home/yunchih/code/simsearch/python/out/local_query_embeddings_1024.parquet,/home/yunchih/code/simsearch/python/query_embeddings/combined.jsonl,313,1024,100,50,two_step_RF50,139,0,0.000762,0.000701,0.003437,0.011432,0.001432,0.018836,0.25111553767168043,0.19047619047619047,313
0bbeb0653a569e5394ac94a502549b079f7a055c,meow1,AMD Ryzen 9 9950X 16-Core Processor,c++ (Ubuntu 15.2.0-4ubuntu4) 15.2.0,CMAKE_CXX_FLAGS:STRING= CMAKE_CXX_FLAGS_RELEASE:STRING=-O3 -DNDEBUG,wikimedia_wikipedia_mxbai,/home/yunchih/code/simsearch/python/out/local_query_embeddings_1024.parquet,/home/yunchih/code/simsearch/python/query_embeddings/combined.jsonl,313,1024,100,10,two_step_mf_RF10,139,0,0.003337,0.000661,0.003386,0.087324,0.001442,0.097123,0.25111553767168043,0.19047619047619047,313
0bbeb0653a569e5394ac94a502549b079f7a055c,meow1,AMD Ryzen 9 9950X 16-Core Processor,c++ (Ubuntu 15.2.0-4ubuntu4) 15.2.0,CMAKE_CXX_FLAGS:STRING= CMAKE_CXX_FLAGS_RELEASE:STRING=-O3 -DNDEBUG,wikimedia_wikipedia_mxbai,/home/yunchih/code/simsearch/python/out/local_query_embeddings_1024.parquet,/home/yunchih/code/simsearch/python/query_embeddings/combined.jsonl,313,1024,100,50,two_step_mf_RF50,139,0,0.001032,0.000641,0.003406,0.086703,0.001392,0.094046,0.25111553767168043,0.19047619047619047,313
0bbeb0653a569e5394ac94a502549b079f7a055c,meow1,AMD Ryzen 9 9950X 16-Core Processor,c++ (Ubuntu 15.2.0-4ubuntu4) 15.2.0,CMAKE_CXX_FLAGS:STRING= CMAKE_CXX_FLAGS_RELEASE:STRING=-O3 -DNDEBUG,wikimedia_wikipedia_mxbai,/home/yunchih/code/simsearch/python/out/local_query_embeddings_1024.parquet,/home/yunchih/code/simsearch/python/query_embeddings/combined.jsonl,313,1024,100,0,float32_avx2,140,0,0.0,0.0,0.0,0.0,0.0,0.012,1.0000000000000004,1.0,100
0bbeb0653a569e5394ac94a502549b079f7a055c,meow1,AMD Ryzen 9 9950X 16-Core Processor,c++ (Ubuntu 15.2.0-4ubuntu4) 15.2.0,CMAKE_CXX_FLAGS:STRING= CMAKE_CXX_FLAGS_RELEASE:STRING=-O3 -DNDEBUG,wikimedia_wikipedia_mxbai,/home/yunchih/code/simsearch/python/out/local_query_embeddings_1024.parquet,/home/yunchih/code/simsearch/python/query_embeddings/combined.jsonl,313,1024,100,0,binary,140,0,0.003376,0.000651,0.001052,0.0,0.0,0.005821,1.0000000000000004,1.0,100
0bbeb0653a569e5394ac94a502549b079f7a055c,meow1,AMD Ryzen 9 9950X 16-Core Processor,c++ (Ubuntu 15.2.0-4ubuntu4) 15.2.0,CMAKE_CXX_FLAGS:STRING= CMAKE_CXX_FLAGS_RELEASE:STRING=-O3 -DNDEBUG,wikimedia_wikipedia_mxbai,/home/yunchih/code/simsearch/python/out/local_query_embeddings_1024.parquet,/home/yunchih/code/simsearch/python/query_embeddings/combined.jsonl,313,1024,100,10,two_step_RF10,140,0,0.003116,0.000641,0.003386,0.011542,0.001402,0.021079,0.25111553767168043,0.19047619047619047,313
0bbeb0653a569e5394ac94a502549b079f7a055c,meow1,AMD Ryzen 9 9950X 16-Core Processor,c++ (Ubuntu 15.2.0-4ubuntu4) 15.2.0,CMAKE_CXX_FLAGS:STRING= CMAKE_CXX_FLAGS_RELEASE:STRING=-O3 -DNDEBUG,wikimedia_wikipedia_mxbai,/home/yunchih/code/simsearch/python/out/local_query_embeddings_1024.parquet,/home/yunchih/code/simsearch/python/query_embeddings/combined.jsonl,313,1024,100,50,two_step_RF50,140,0,0.001042,0.000691,0.003427,0.011813,0.003226,0.0212,0.25111553767168043,0.19047619047619047,313
0bbeb0653a569e5394ac94a502549b079f7a055c,meow1,AMD Ryzen 9 9950X 16-Core Processor,c++ (Ubuntu 15.2.0-4ubuntu4) 15.2.0,CMAKE_CXX_FLAGS:STRING= CMAKE_CXX_FLAGS_RELEASE:STRING=-O3 -DNDEBUG,wikimedia_wikipedia_mxbai,/home/yunchih/code/simsearch/python/out/local_query_embeddings_1024.parquet,/home/yunchih/code/simsearch/python/query_embeddings/combined.jsonl,313,1024,100,10,two_step_mf_RF10,140,0,0.003156,0.000671,0.003376,0.087384,0.001383,0.096922,0.25111553767168043,0.19047619047619047,313
0bbeb0653a569e5394ac94a502549b079f7a055c,meow1,AMD Ryzen 9 9950X 16-Core Processor,c++ (Ubuntu 15.2.0-4ubuntu4) 15.2.0,CMAKE_CXX_FLAGS:STRING= CMAKE_CXX_FLAGS_RELEASE:STRING=-O3 -DNDEBUG,wikimedia_wikipedia_mxbai,/home/yunchih/code/simsearch/python/out/local_query_embeddings_1024.parquet,/home/yunchih/code/simsearch/python/query_embeddings/combined.jsonl,313,1024,100,50,two_step_mf_RF50,140,0,0.001022,0.000641,0.003406,0.086703,0.001442,0.094067,0.25111553767168043,0.19047619047619047,313
0bbeb0653a569e5394ac94a502549b079f7a055c,meow1,AMD Ryzen 9 9950X 16-Core Processor,c++ (Ubuntu 15.2.0-4ubuntu4) 15.2.0,CMAKE_CXX_FLAGS:STRING= CMAKE_CXX_FLAGS_RELEASE:STRING=-O3 -DNDEBUG,wikimedia_wikipedia_mxbai,/home/yunchih/code/simsearch/python/out/local_query_embeddings_1024.parquet,/home/yunchih/code/simsearch/python/query_embeddings/combined.jsonl,313,1024,100,0,float32_avx2,141,0,0.0,0.0,0.0,0.0,0.0,0.012,1.0000000000000004,1.0,100
0bbeb0653a569e5394ac94a502549b079f7a055c,meow1,AMD Ryzen 9 9950X 16-Core Processor,c++ (Ubuntu 15.2.0-4ubuntu4) 15.2.0,CMAKE_CXX_FLAGS:STRING= CMAKE_CXX_FLAGS_RELEASE:STRING=-O3 -DNDEBUG,wikimedia_wikipedia_mxbai,/home/yunchih/code/simsearch/python/out/local_query_embeddings_1024.parquet,/home/yunchih/code/simsearch/python/query_embeddings/combined.jsonl,313,1024,100,0,binary,141,0,0.003447,0.000661,0.001022,0.0,0.0,0.005871,1.0000000000000004,1.0,100
0bbeb0653a569e5394ac94a502549b079f7a055c,meow1,AMD Ryzen 9 9950X 16-Core Processor,c++ (Ubuntu 15.2.0-4ubuntu4) 15.2.0,CMAKE_CXX_FLAGS:STRING= CMAKE_CXX_FLAGS_RELEASE:STRING=-O3 -DNDEBUG,wikimedia_wikipedia_mxbai,/home/yunchih/code/simsearch/python/out/local_query_embeddings_1024.parquet,/home/yunchih/code/simsearch/python/query_embeddings/combined.jsonl,313,1024,100,10,two_step_RF10,141,0,0.003186,0.000641,0.003407,0.011542,0.001453,0.02122,0.25111553767168043,0.19047619047619047,313
0bbeb0653a569e5394ac94a502549b079f7a055c,meow1,AMD Ryzen 9 9950X 16-Core Processor,c++ (Ubuntu 15.2.0-4ubuntu4) 15.2.0,CMAKE_CXX_FLAGS:STRING= CMAKE_CXX_FLAGS_RELEASE:STRING=-O3 -DNDEBUG,wikimedia_wikipedia_mxbai,/home/yunchih/code/simsearch/python/out/local_query_embeddings_1024.parquet,/home/yunchih/code/simsearch/python/query_embeddings/combined.jsonl,313,1024,100,50,two_step_RF50,141,0,0.000861,0.000702,0.003406,0.011431,0.001463,0.018905,0.25111553767168043,0.19047619047619047,313
0bbeb0653a569e5394ac94a502549b079f7a055c,meow1,AMD Ryzen 9 9950X 16-Core Processor,c++ (Ubuntu 15.2.0-4ubuntu4) 15.2.0,CMAKE_CXX_FLAGS:STRING= CMAKE_CXX_FLAGS_RELEASE:STRING=-O3 -DNDEBUG,wikimedia_wikipedia_mxbai,/home/yunchih/code/simsearch/python/out/local_query_embeddings_1024.parquet,/home/yunchih/code/simsearch/python/query_embeddings/combined.jsonl,313,1024,100,10,two_step_mf_RF10,141,0,0.003326,0.000682,0.003386,0.087414,0.001372,0.097153,0.25111553767168043,0.19047619047619047,313
0bbeb0653a569e5394ac94a502549b079f7a055c,meow1,AMD Ryzen 9 9950X 16-Core Processor,c++ (Ubuntu 15.2.0-4ubuntu4) 15.2.0,CMAKE_CXX_FLAGS:STRING= CMAKE_CXX_FLAGS_RELEASE:STRING=-O3 -DNDEBUG,wikimedia_wikipedia_mxbai,/home/yunchih/code/simsearch/python/out/local_query_embeddings_1024.parquet,/home/yunchih/code/simsearch/python/query_embeddings/combined.jsonl,313,1024,100,50,two_step_mf_RF50,141,0,0.000901,0.000662,0.003416,0.086763,0.001443,0.094057,0.25111553767168043,0.19047619047619047,313
0bbeb0653a569e5394ac94a502549b079f7a055c,meow1,AMD Ryzen 9 9950X 16-Core Processor,c++ (Ubuntu 15.2.0-4ubuntu4) 15.2.0,CMAKE_CXX_FLAGS:STRING= CMAKE_CXX_FLAGS_RELEASE:STRING=-O3 -DNDEBUG,wikimedia_wikipedia_mxbai,/home/yunchih/code/simsearch/python/out/local_query_embeddings_1024.parquet,/home/yunchih/code/simsearch/python/query_embeddings/combined.jsonl,313,1024,100,0,float32_avx2,142,0,0.0,0.0,0.0,0.0,0.0,0.011,1.0000000000000004,1.0,100
0bbeb0653a569e5394ac94a502549b079f7a055c,meow1,AMD Ryzen 9 9950X 16-Core Processor,c++ (Ubuntu 15.2.0-4ubuntu4) 15.2.0,CMAKE_CXX_FLAGS:STRING= CMAKE_CXX_FLAGS_RELEASE:STRING=-O3 -DNDEBUG,wikimedia_wikipedia_mxbai,/home/yunchih/code/simsearch/python/out/local_query_embeddings_1024.parquet,/home/yunchih/code/simsearch/python/query_embeddings/combined.jsonl,313,1024,100,0,binary,142,0,0.003307,0.000641,0.001042,0.0,0.0,0.005711,1.0000000000000004,1.0,100
0bbeb0653a569e5394ac94a502549b079f7a055c,meow1,AMD Ryzen 9 9950X 16-Core Processor,c++ (Ubuntu 15.2.0-4ubuntu4) 15.2.0,CMAKE_CXX_FLAGS:STRING= CMAKE_CXX_FLAGS_RELEASE:STRING=-O3 -DNDEBUG,wikimedia_wikipedia_mxbai,/home/yunchih/code/simsearch/python/out/local_query_embeddings_1024.parquet,/home/yunchih/code/simsearch/python/query_embeddings/combined.jsonl,313,1024,100,10,two_step_RF10,142,0,0.003266,0.000642,0.003386,0.011631,0.001423,0.02133,0.25111553767168043,0.19047619047619047,313
0bbeb0653a569e5394ac94a502549b079f7a055c,meow1,AMD Ryzen 9 9950X 16-Core Processor,c++ (Ubuntu 15.2.0-4ubuntu4) 15.2.0,CMAKE_CXX_FLAGS:STRING= CMAKE_CXX_FLAGS_RELEASE:STRING=-O3 -DNDEBUG,wikimedia_wikipedia_mxbai,/home/yunchih/code/simsearch/python/out/local_query_embeddings_1024.parquet,/home/yunchih/code/simsearch/python/query_embeddings/combined.jsonl,313,1024,100,50,two_step_RF50,142,0,0.000842,0.000702,0.003406,0.011431,0.001433,0.018816,0.25111553767168043,0.19047619047619047,313
0bbeb0653a569e5394ac94a502549b079f7a055c,meow1,AMD Ryzen 9 9950X 16-Core Processor,c++ (Ubuntu 15.2.0-4ubuntu4) 15.2.0,CMAKE_CXX_FLAGS:STRING= CMAKE_CXX_FLAGS_RELEASE:STRING=-O3 -DNDEBUG,wikimedia_wikipedia_mxbai,/home/yunchih/code/simsearch/python/out/local_query_embeddings_1024.parquet,/home/yunchih/code/simsearch/python/query_embeddings/combined.jsonl,313,1024,100,10,two_step_mf_RF10,142,0,0.003135,0.000661,0.003356,0.087574,0.001403,0.097083,0.25111553767168043,0.19047619047619047,313
0bbeb0653a569e5394ac94a502549b079f7a055c,meow1,AMD Ryzen 9 9950X 16-Core Processor,c++ (Ubuntu 15.2.0-4ubuntu4) 15.2.0,CMAKE_CXX_FLAGS:STRING= CMAKE_CXX_FLAGS_RELEASE:STRING=-O3 -DNDEBUG,wikimedia_wikipedia_mxbai,/home/yunchih/code/simsearch/python/out/local_query_embeddings_1024.parquet,/home/yunchih/code/simsearch/python/query_embeddings/combined.jsonl,313,1024,100,50,two_step_mf_RF50,142,0,0.001022,0.000641,0.003407,0.086853,0.001363,0.094147,0.25111553767168043,0.19047619047619047,313
0bbeb0653a569e5394ac94a502549b079f7a055c,meow1,AMD Ryzen 9 9950X 16-Core Processor,c++ (Ubuntu 15.2.0-4ubuntu4) 15.2.0,CMAKE_CXX_FLAGS:STRING= CMAKE_CXX_FLAGS_RELEASE:STRING=-O3 -DNDEBUG,wikimedia_wikipedia_mxbai,/home/yunchih/code/simsearch/python/out/local_query_embeddings_1024.parquet,/home/yunchih/code/simsearch/python/query_embeddings/combined.jsonl,313,1024,100,0,float32_avx2,143,0,0.0,0.0,0.0,0.0,0.0,0.012,1.0000000000000004,1.0,100
0bbeb0653a569e5394ac94a502549b079f7a055c,meow1,AMD Ryzen 9 9950X 16-Core Processor,c++ (Ubuntu 15.2.0-4ubuntu4) 15.2.0,CMAKE_CXX_FLAGS:STRING= CMAKE_CXX_FLAGS_RELEASE:STRING=-O3 -DNDEBUG,wikimedia_wikipedia_mxbai,/home/yunchih/code/simsearch/python/out/local_query_embeddings_1024.parquet,/home/yunchih/code/simsearch/python/query_embeddings/combined.jsonl,313,1024,100,0,binary,143,0,0.003467,0.000651,0.001002,0.0,0.0,0.005851,1.0000000000000004,1.0,100
0bbeb0653a569e5394ac94a502549b079f7a055c,meow1,AMD Ryzen 9 9950X 16-Core Processor,c++ (Ubuntu 15.2.0-4ubuntu4) 15.2.0,CMAKE_CXX_FLAGS:STRING= CMAKE_CXX_FLAGS_RELEASE:STRING=-O3 -DNDEBUG,wikimedia_wikipedia_mxbai,/home/yunchih/code/simsearch/python/out/local_query_embeddings_1024.parquet,/home/yunchih/code/simsearch/python/query_embeddings/combined.jsonl,313,1024,100,10,two_step_RF10,143,0,0.003096,0.000631,0.003407,0.011502,0.001443,0.02109,0.25111553767168043,0.19047619047619047,313
0bbeb0653a569e5394ac94a502549b079f7a055c,meow1,AMD Ryzen 9 9950X 16-Core Processor,c++ (Ubuntu 15.2.0-4ubuntu4) 15.2.0,CMAKE_CXX_FLAGS:STRING= CMAKE_CXX_FLAGS_RELEASE:STRING=-O3 -DNDEBUG,wikimedia_wikipedia_mxbai,/home/yunchih/code/simsearch/python/out/local_query_embeddings_1024.parquet,/home/yunchih/code/simsearch/python/query_embeddings/combined.jsonl,313,1024,100,50,two_step_RF50,143,0,0.000962,0.000691,0.003396,0.011411,0.001412,0.018925,0.25111553767168043,0.19047619047619047,313
0bbeb0653a569e5394ac94a502549b079f7a055c,meow1,AMD Ryzen 9 9950X 16-Core Processor,c++ (Ubuntu 15.2.0-4ubuntu4) 15.2.0,CMAKE_CXX_FLAGS:STRING= CMAKE_CXX_FLAGS_RELEASE:STRING=-O3 -DNDEBUG,wikimedia_wikipedia_mxbai,/home/yunchih/code/simsearch/python/out/local_query_embeddings_1024.parquet,/home/yunchih/code/simsearch/python/query_embeddings/combined.jsonl,313,1024,100,10,two_step_mf_RF10,143,0,0.003276,0.000671,0.003396,0.089267,0.001363,0.098946,0.25111553767168043,0.19047619047619047,313
0bbeb0653a569e5394ac94a502549b079f7a055c,meow1,AMD Ryzen 9 9950X 16-Core Processor,c++ (Ubuntu 15.2.0-4ubuntu4) 15.2.0,CMAKE_CXX_FLAGS:STRING= CMAKE_CXX_FLAGS_RELEASE:STRING=-O3 -DNDEBUG,wikimedia_wikipedia_mxbai,/home/yunchih/code/simsearch/python/out/local_query_embeddings_1024.parquet,/home/yunchih/code/simsearch/python/query_embeddings/combined.jsonl,313,1024,100,50,two_step_mf_RF50,143,0,0.000952,0.000651,0.003387,0.086753,0.001383,0.094037,0.25111553767168043,0.19047619047619047,313
0bbeb0653a569e5394ac94a502549b079f7a055c,meow1,AMD Ryzen 9 9950X 16-Core Processor,c++ (Ubuntu 15.2.0-4ubuntu4) 15.2.0,CMAKE_CXX_FLAGS:STRING= CMAKE_CXX_FLAGS_RELEASE:STRING=-O3 -DNDEBUG,wikimedia_wikipedia_mxbai,/home/yunchih/code/simsearch/python/out/local_query_embeddings_1024.parquet,/home/yunchih/code/simsearch/python/query_embeddings/combined.jsonl,313,1024,100,0,float32_avx2,144,0,0.0,0.0,0.0,0.0,0.0,0.011,1.0000000000000004,1.0,100
0bbeb0653a569e5394ac94a502549b079f7a055c,meow1,AMD Ryzen 9 9950X 16-Core Processor,c++ (Ubuntu 15.2.0-4ubuntu4) 15.2.0,CMAKE_CXX_FLAGS:STRING= CMAKE_CXX_FLAGS_RELEASE:STRING=-O3 -DNDEBUG,wikimedia_wikipedia_mxbai,/home/yunchih/code/simsearch/python/out/local_query_embeddings_1024.parquet,/home/yunchih/code/simsearch/python/query_embeddings/combined.jsonl,313,1024,100,0,binary,144,0,0.003477,0.000661,0.001012,0.0,0.0,0.005851,1.0000000000000004,1.0,100
0bbeb0653a569e5394ac94a502549b079f7a055c,meow1,AMD Ryzen 9 9950X 16-Core Processor,c++ (Ubuntu 15.2.0-4ubuntu4) 15.2.0,CMAKE_CXX_FLAGS:STRING= CMAKE_CXX_FLAGS_RELEASE:STRING=-O3 -DNDEBUG,wikimedia_wikipedia_mxbai,/home/yunchih/code/simsearch/python/out/local_query_embeddings_1024.parquet,/home/yunchih/code/simsearch/python/query_embeddings/combined.jsonl,313,1024,100,10,two_step_RF10,144,0,0.003166,0.000641,0.003427,0.011532,0.001463,0.02118,0.25111553767168043,0.19047619047619047,313
0bbeb0653a569e5394ac94a502549b079f7a055c,meow1,AMD Ryzen 9 9950X 16-Core Processor,c++ (Ubuntu 15.2.0-4ubuntu4) 15.2.0,CMAKE_CXX_FLAGS:STRING= CMAKE_CXX_FLAGS_RELEASE:STRING=-O3 -DNDEBUG,wikimedia_wikipedia_mxbai,/home/yunchih/code/simsearch/python/out/local_query_embeddings_1024.parquet,/home/yunchih/code/simsearch/python/query_embeddings/combined.jsonl,313,1024,100,50,two_step_RF50,144,0,0.000932,0.000691,0.003396,0.011421,0.001463,0.018935,0.25111553767168043,0.19047619047619047,313
0bbeb0653a569e5394ac94a502549b079f7a055c,meow1,AMD Ryzen 9 9950X 16-Core Processor,c++ (Ubuntu 15.2.0-4ubuntu4) 15.2.0,CMAKE_CXX_FLAGS:STRING= CMAKE_CXX_FLAGS_RELEASE:STRING=-O3 -DNDEBUG,wikimedia_wikipedia_mxbai,/home/yunchih/code/simsearch/python/out/local_query_embeddings_1024.parquet,/home/yunchih/code/simsearch/python/query_embeddings/combined.jsonl,313,1024,100,10,two_step_mf_RF10,144,0,0.003236,0.000682,0.003396,0.087324,0.001442,0.097032,0.25111553767168043,0.19047619047619047,313
0bbeb0653a569e5394ac94a502549b079f7a055c,meow1,AMD Ryzen 9 9950X 16-Core Processor,c++ (Ubuntu 15.2.0-4ubuntu4) 15.2.0,CMAKE_CXX_FLAGS:STRING= CMAKE_CXX_FLAGS_RELEASE:STRING=-O3 -DNDEBUG,wikimedia_wikipedia_mxbai,/home/yunchih/code/simsearch/python/out/local_query_embeddings_1024.parquet,/home/yunchih/code/simsearch/python/query_embeddings/combined.jsonl,313,1024,100,50,two_step_mf_RF50,144,0,0.001072,0.000641,0.003386,0.086683,0.001402,0.094026,0.25111553767168043,0.19047619047619047,313
0bbeb0653a569e5394ac94a502549b079f7a055c,meow1,AMD Ryzen 9 9950X 16-Core Processor,c++ (Ubuntu 15.2.0-4ubuntu4) 15.2.0,CMAKE_CXX_FLAGS:STRING= CMAKE_CXX_FLAGS_RELEASE:STRING=-O3 -DNDEBUG,wikimedia_wikipedia_mxbai,/home/yunchih/code/simsearch/python/out/local_query_embeddings_1024.parquet,/home/yunchih/code/simsearch/python/query_embeddings/combined.jsonl,313,1024,100,0,float32_avx2,145,0,0.0,0.0,0.0,0.0,0.0,0.011,1.0000000000000004,1.0,100
0bbeb0653a569e5394ac94a502549b079f7a055c,meow1,AMD Ryzen 9 9950X 16-Core Processor,c++ (Ubuntu 15.2.0-4ubuntu4) 15.2.0,CMAKE_CXX_FLAGS:STRING= CMAKE_CXX_FLAGS_RELEASE:STRING=-O3 -DNDEBUG,wikimedia_wikipedia_mxbai,/home/yunchih/code/simsearch/python/out/local_query_embeddings_1024.parquet,/home/yunchih/code/simsearch/python/query_embeddings/combined.jsonl,313,1024,100,0,binary,145,0,0.003426,0.000681,0.001012,0.0,0.0,0.005841,1.0000000000000004,1.0,100
0bbeb0653a569e5394ac94a502549b079f7a055c,meow1,AMD Ryzen 9 9950X 16-Core Processor,c++ (Ubuntu 15.2.0-4ubuntu4) 15.2.0,CMAKE_CXX_FLAGS:STRING= CMAKE_CXX_FLAGS_RELEASE:STRING=-O3 -DNDEBUG,wikimedia_wikipedia_mxbai,/home/yunchih/code/simsearch/python/out/local_query_embeddings_1024.parquet,/home/yunchih/code/simsearch/python/query_embeddings/combined.jsonl,313,1024,100,10,two_step_RF10,145,0,0.003246,0.000621,0.003356,0.011511,0.001443,0.02119,0.25111553767168043,0.19047619047619047,313
0bbeb0653a569e5394ac94a502549b079f7a055c,meow1,AMD Ryzen 9 9950X 16-Core Processor,c++ (Ubuntu 15.2.0-4ubuntu4) 15.2.0,CMAKE_CXX_FLAGS:STRING= CMAKE_CXX_FLAGS_RELEASE:STRING=-O3 -DNDEBUG,wikimedia_wikipedia_mxbai,/home/yunchih/code/simsearch/python/out/local_query_embeddings_1024.parquet,/home/yunchih/code/simsearch/python/query_embeddings/combined.jsonl,313,1024,100,50,two_step_RF50,145,0,0.000922,0.000681,0.003447,0.011442,0.001443,0.018986,0.25111553767168043,0.19047619047619047,313
0bbeb0653a569e5394ac94a502549b079f7a055c,meow1,AMD Ryzen 9 9950X 16-Core Processor,c++ (Ubuntu 15.2.0-4ubuntu4) 15.2.0,CMAKE_CXX_FLAGS:STRING= CMAKE_CXX_FLAGS_RELEASE:STRING=-O3 -DNDEBUG,wikimedia_wikipedia_mxbai,/home/yunchih/code/simsearch/python/out/local_query_embeddings_1024.parquet,/home/yunchih/code/simsearch/python/query_embeddings/combined.jsonl,313,1024,100,10,two_step_mf_RF10,145,0,0.003256,0.000671,0.003396,0.087354,0.001392,0.097032,0.25111553767168043,0.19047619047619047,313
0bbeb0653a569e5394ac94a502549b079f7a055c,meow1,AMD Ryzen 9 9950X 16-Core Processor,c++ (Ubuntu 15.2.0-4ubuntu4) 15.2.0,CMAKE_CXX_FLAGS:STRING= CMAKE_CXX_FLAGS_RELEASE:STRING=-O3 -DNDEBUG,wikimedia_wikipedia_mxbai,/home/yunchih/code/simsearch/python/out/local_query_embeddings_1024.parquet,/home/yunchih/code/simsearch/python/query_embeddings/combined.jsonl,313,1024,100,50,two_step_mf_RF50,145,0,0.000952,0.000642,0.003386,0.086773,0.001383,0.094037,0.25111553767168043,0.19047619047619047,313
0bbeb0653a569e5394ac94a502549b079f7a055c,meow1,AMD Ryzen 9 9950X 16-Core Processor,c++ (Ubuntu 15.2.0-4ubuntu4) 15.2.0,CMAKE_CXX_FLAGS:STRING= CMAKE_CXX_FLAGS_RELEASE:STRING=-O3 -DNDEBUG,wikimedia_wikipedia_mxbai,/home/yunchih/code/simsearch/python/out/local_query_embeddings_1024.parquet,/home/yunchih/code/simsearch/python/query_embeddings/combined.jsonl,313,1024,100,0,float32_avx2,146,0,0.0,0.0,0.0,0.0,0.0,0.011,1.0000000000000004,1.0,100
0bbeb0653a569e5394ac94a502549b079f7a055c,meow1,AMD Ryzen 9 9950X 16-Core Processor,c++ (Ubuntu 15.2.0-4ubuntu4) 15.2.0,CMAKE_CXX_FLAGS:STRING= CMAKE_CXX_FLAGS_RELEASE:STRING=-O3 -DNDEBUG,wikimedia_wikipedia_mxbai,/home/yunchih/code/simsearch/python/out/local_query_embeddings_1024.parquet,/home/yunchih/code/simsearch/python/query_embeddings/combined.jsonl,313,1024,100,0,binary,146,0,0.003357,0.000651,0.001032,0.0,0.0,0.005751,1.0000000000000004,1.0,100
0bbeb0653a569e5394ac94a502549b079f7a055c,meow1,AMD Ryzen 9 9950X 16-Core Processor,c++ (Ubuntu 15.2.0-4ubuntu4) 15.2.0,CMAKE_CXX_FLAGS:STRING= CMAKE_CXX_FLAGS_RELEASE:STRING=-O3 -DNDEBUG,wikimedia_wikipedia_mxbai,/home/yunchih/code/simsearch/python/out/local_query_embeddings_1024.parquet,/home/yunchih/code/simsearch/python/query_embeddings/combined.jsonl,313,1024,100,10,two_step_RF10,146,0,0.003136,0.000641,0.003387,0.011582,0.001413,0.02114,0.25111553767168043,0.19047619047619047,313
0bbeb0653a569e5394ac94a502549b079f7a055c,meow1,AMD Ryzen 9 9950X 16-Core Processor,c++ (Ubuntu 15.2.0-4ubuntu4) 15.2.0,CMAKE_CXX_FLAGS:STRING= CMAKE_CXX_FLAGS_RELEASE:STRING=-O3 -DNDEBUG,wikimedia_wikipedia_mxbai,/home/yunchih/code/simsearch/python/out/local_query_embeddings_1024.parquet,/home/yunchih/code/simsearch/python/query_embeddings/combined.jsonl,313,1024,100,50,two_step_RF50,146,0,0.000942,0.000701,0.003396,0.011441,0.001462,0.018945,0.25111553767168043,0.19047619047619047,313
0bbeb0653a569e5394ac94a502549b079f7a055c,meow1,AMD Ryzen 9 9950X 16-Core Processor,c++ (Ubuntu 15.2.0-4ubuntu4) 15.2.0,CMAKE_CXX_FLAGS:STRING= CMAKE_CXX_FLAGS_RELEASE:STRING=-O3 -DNDEBUG,wikimedia_wikipedia_mxbai,/home/yunchih/code/simsearch/python/out/local_query_embeddings_1024.parquet,/home/yunchih/code/simsearch/python/query_embeddings/combined.jsonl,313,1024,100,10,two_step_mf_RF10,146,0,0.003336,0.000672,0.003386,0.087435,0.001442,0.097193,0.25111553767168043,0.19047619047619047,313
0bbeb0653a569e5394ac94a502549b079f7a055c,meow1,AMD Ryzen 9 9950X 16-Core Processor,c++ (Ubuntu 15.2.0-4ubuntu4) 15.2.0,CMAKE_CXX_FLAGS:STRING= CMAKE_CXX_FLAGS_RELEASE:STRING=-O3 -DNDEBUG,wikimedia_wikipedia_mxbai,/home/yunchih/code/simsearch/python/out/local_query_embeddings_1024.parquet,/home/yunchih/code/simsearch/python/query_embeddings/combined.jsonl,313,1024,100,50,two_step_mf_RF50,146,0,0.001032,0.000661,0.003397,0.088737,0.001342,0.09603,0.25111553767168043,0.19047619047619047,313
0bbeb0653a569e5394ac94a502549b079f7a055c,meow1,AMD Ryzen 9 9950X 16-Core Processor,c++ (Ubuntu 15.2.0-4ubuntu4) 15.2.0,CMAKE_CXX_FLAGS:STRING= CMAKE_CXX_FLAGS_RELEASE:STRING=-O3 -DNDEBUG,wikimedia_wikipedia_mxbai,/home/yunchih/code/simsearch/python/out/local_query_embeddings_1024.parquet,/home/yunchih/code/simsearch/python/query_embeddings/combined.jsonl,313,1024,100,0,float32_avx2,147,0,0.0,0.0,0.0,0.0,0.0,0.012,1.0000000000000004,1.0,100
0bbeb0653a569e5394ac94a502549b079f7a055c,meow1,AMD Ryzen 9 9950X 16-Core Processor,c++ (Ubuntu 15.2.0-4ubuntu4) 15.2.0,CMAKE_CXX_FLAGS:STRING= CMAKE_CXX_FLAGS_RELEASE:STRING=-O3 -DNDEBUG,wikimedia_wikipedia_mxbai,/home/yunchih/code/simsearch/python/out/local_query_embeddings_1024.parquet,/home/yunchih/code/simsearch/python/query_embeddings/combined.jsonl,313,1024,100,0,binary,147,0,0.003276,0.000662,0.001052,0.0,0.0,0.005721,1.0000000000000004,1.0,100
0bbeb0653a569e5394ac94a502549b079f7a055c,meow1,AMD Ryzen 9 9950X 16-Core Processor,c++ (Ubuntu 15.2.0-4ubuntu4) 15.2.0,CMAKE_CXX_FLAGS:STRING= CMAKE_CXX_FLAGS_RELEASE:STRING=-O3 -DNDEBUG,wikimedia_wikipedia_mxbai,/home/yunchih/code/simsearch/python/out/local_query_embeddings_1024.parquet,/home/yunchih/code/simsearch/python/query_embeddings/combined.jsonl,313,1024,100,10,two_step_RF10,147,0,0.003045,0.000642,0.003396,0.011611,0.001433,0.02112,0.25111553767168043,0.19047619047619047,313
0bbeb0653a569e5394ac94a502549b079f7a055c,meow1,AMD Ryzen 9 9950X 16-Core Processor,c++ (Ubuntu 15.2.0-4ubuntu4) 15.2.0,CMAKE_CXX_FLAGS:STRING= CMAKE_CXX_FLAGS_RELEASE:STRING=-O3 -DNDEBUG,wikimedia_wikipedia_mxbai,/home/yunchih/code/simsearch/python/out/local_query_embeddings_1024.parquet,/home/yunchih/code/simsearch/python/query_embeddings/combined.jsonl,313,1024,100,50,two_step_RF50,147,0,0.000611,0.000671,0.003446,0.011351,0.001453,0.018585,0.25111553767168043,0.19047619047619047,313
0bbeb0653a569e5394ac94a502549b079f7a055c,meow1,AMD Ryzen 9 9950X 16-Core Processor,c++ (Ubuntu 15.2.0-4ubuntu4) 15.2.0,CMAKE_CXX_FLAGS:STRING= CMAKE_CXX_FLAGS_RELEASE:STRING=-O3 -DNDEBUG,wikimedia_wikipedia_mxbai,/home/yunchih/code/simsearch/python/out/local_query_embeddings_1024.parquet,/home/yunchih/code/simsearch/python/query_embeddings/combined.jsonl,313,1024,100,10,two_step_mf_RF10,147,0,0.003166,0.000671,0.003397,0.087414,0.001423,0.097062,0.25111553767168043,0.19047619047619047,313
0bbeb0653a569e5394ac94a502549b079f7a055c,meow1,AMD Ryzen 9 9950X 16-Core Processor,c++ (Ubuntu 15.2.0-4ubuntu4) 15.2.0,CMAKE_CXX_FLAGS:STRING= CMAKE_CXX_FLAGS_RELEASE:STRING=-O3 -DNDEBUG,wikimedia_wikipedia_mxbai,/home/yunchih/code/simsearch/python/out/local_query_embeddings_1024.parquet,/home/yunchih/code/simsearch/python/query_embeddings/combined.jsonl,313,1024,100,50,two_step_mf_RF50,147,0,0.000931,0.000651,0.003396,0.086763,0.001422,0.094046,0.25111553767168043,0.19047619047619047,313
0bbeb0653a569e5394ac94a502549b079f7a055c,meow1,AMD Ryzen 9 9950X 16-Core Processor,c++ (Ubuntu 15.2.0-4ubuntu4) 15.2.0,CMAKE_CXX_FLAGS:STRING= CMAKE_CXX_FLAGS_RELEASE:STRING=-O3 -DNDEBUG,wikimedia_wikipedia_mxbai,/home/yunchih/code/simsearch/python/out/local_query_embeddings_1024.parquet,/home/yunchih/code/simsearch/python/query_embeddings/combined.jsonl,313,1024,100,0,float32_avx2,148,0,0.0,0.0,0.0,0.0,0.0,0.012,1.0000000000000004,1.0,100
0bbeb0653a569e5394ac94a502549b079f7a055c,meow1,AMD Ryzen 9 9950X 16-Core Processor,c++ (Ubuntu 15.2.0-4ubuntu4) 15.2.0,CMAKE_CXX_FLAGS:STRING= CMAKE_CXX_FLAGS_RELEASE:STRING=-O3 -DNDEBUG,wikimedia_wikipedia_mxbai,/home/yunchih/code/simsearch/python/out/local_query_embeddings_1024.parquet,/home/yunchih/code/simsearch/python/query_embeddings/combined.jsonl,313,1024,100,0,binary,148,0,0.003487,0.000661,0.001042,0.0,0.0,0.005911,1.0000000000000004,1.0,100
0bbeb0653a569e5394ac94a502549b079f7a055c,meow1,AMD Ryzen 9 9950X 16-Core Processor,c++ (Ubuntu 15.2.0-4ubuntu4) 15.2.0,CMAKE_CXX_FLAGS:STRING= CMAKE_CXX_FLAGS_RELEASE:STRING=-O3 -DNDEBUG,wikimedia_wikipedia_mxbai,/home/yunchih/code/simsearch/python/out/local_query_embeddings_1024.parquet,/home/yunchih/code/simsearch/python/query_embeddings/combined.jsonl,313,1024,100,10,two_step_RF10,148,0,0.003377,0.000611,0.003386,0.013555,0.001473,0.023394,0.25111553767168043,0.19047619047619047,313
0bbeb0653a569e5394ac94a502549b079f7a055c,meow1,AMD Ryzen 9 9950X 16-Core Processor,c++ (Ubuntu 15.2.0-4ubuntu4) 15.2.0,CMAKE_CXX_FLAGS:STRING= CMAKE_CXX_FLAGS_RELEASE:STRING=-O3 -DNDEBUG,wikimedia_wikipedia_mxbai,/home/yunchih/code/simsearch/python/out/local_query_embeddings_1024.parquet,/home/yunchih/code/simsearch/python/query_embeddings/combined.jsonl,313,1024,100,50,two_step_RF50,148,0,0.000992,0.000672,0.003406,0.011391,0.001433,0.018906,0.25111553767168043,0.19047619047619047,313
0bbeb0653a569e5394ac94a502549b079f7a055c,meow1,AMD Ryzen 9 9950X 16-Core Processor,c++ (Ubuntu 15.2.0-4ubuntu4) 15.2.0,CMAKE_CXX_FLAGS:STRING= CMAKE_CXX_FLAGS_RELEASE:STRING=-O3 -DNDEBUG,wikimedia_wikipedia_mxbai,/home/yunchih/code/simsearch/python/out/local_query_embeddings_1024.parquet,/home/yunchih/code/simsearch/python/query_embeddings/combined.jsonl,313,1024,100,10,two_step_mf_RF10,148,0,0.003166,0.000671,0.003387,0.087565,0.001362,0.097102,0.25111553767168043,0.19047619047619047,313
0bbeb0653a569e5394ac94a502549b079f7a055c,meow1,AMD Ryzen 9 9950X 16-Core Processor,c++ (Ubuntu 15.2.0-4ubuntu4) 15.2.0,CMAKE_CXX_FLAGS:STRING= CMAKE_CXX_FLAGS_RELEASE:STRING=-O3 -DNDEBUG,wikimedia_wikipedia_mxbai,/home/yunchih/code/simsearch/python/out/local_query_embeddings_1024.parquet,/home/yunchih/code/simsearch/python/query_embeddings/combined.jsonl,313,1024,100,50,two_step_mf_RF50,148,0,0.001012,0.000631,0.003427,0.086974,0.001342,0.094247,0.25111553767168043,0.19047619047619047,313
0bbeb0653a569e5394ac94a502549b079f7a055c,meow1,AMD Ryzen 9 9950X 16-Core Processor,c++ (Ubuntu 15.2.0-4ubuntu4) 15.2.0,CMAKE_CXX_FLAGS:STRING= CMAKE_CXX_FLAGS_RELEASE:STRING=-O3 -DNDEBUG,wikimedia_wikipedia_mxbai,/home/yunchih/code/simsearch/python/out/local_query_embeddings_1024.parquet,/home/yunchih/code/simsearch/python/query_embeddings/combined.jsonl,313,1024,100,0,float32_avx2,149,0,0.0,0.0,0.0,0.0,0.0,0.012,1.0000000000000004,1.0,100
0bbeb0653a569e5394ac94a502549b079f7a055c,meow1,AMD Ryzen 9 9950X 16-Core Processor,c++ (Ubuntu 15.2.0-4ubuntu4) 15.2.0,CMAKE_CXX_FLAGS:STRING= CMAKE_CXX_FLAGS_RELEASE:STRING=-O3 -DNDEBUG,wikimedia_wikipedia_mxbai,/home/yunchih/code/simsearch/python/out/local_query_embeddings_1024.parquet,/home/yunchih/code/simsearch/python/query_embeddings/combined.jsonl,313,1024,100,0,binary,149,0,0.003346,0.000641,0.001042,0.0,0.0,0.005781,1.0000000000000004,1.0,100
0bbeb0653a569e5394ac94a502549b079f7a055c,meow1,AMD Ryzen 9 9950X 16-Core Processor,c++ (Ubuntu 15.2.0-4ubuntu4) 15.2.0,CMAKE_CXX_FLAGS:STRING= CMAKE_CXX_FLAGS_RELEASE:STRING=-O3 -DNDEBUG,wikimedia_wikipedia_mxbai,/home/yunchih/code/simsearch/python/out/local_query_embeddings_1024.parquet,/home/yunchih/code/simsearch/python/query_embeddings/combined.jsonl,313,1024,100,10,two_step_RF10,149,0,0.003396,0.000642,0.003416,0.011591,0.001392,0.02142,0.25111553767168043,0.19047619047619047,313
0bbeb0653a569e5394ac94a502549b079f7a055c,meow1,AMD Ryzen 9 9950X 16-Core Processor,c++ (Ubuntu 15.2.0-4ubuntu4) 15.2.0,CMAKE_CXX_FLAGS:STRING= CMAKE_CXX_FLAGS_RELEASE:STRING=-O3 -DNDEBUG,wikimedia_wikipedia_mxbai,/home/yunchih/code/simsearch/python/out/local_query_embeddings_1024.parquet,/home/yunchih/code/simsearch/python/query_embeddings/combined.jsonl,313,1024,100,50,two_step_RF50,149,0,0.000942,0.000651,0.003427,0.011372,0.001412,0.018875,0.25111553767168043,0.19047619047619047,313
0bbeb0653a569e5394ac94a502549b079f7a055c,meow1,AMD Ryzen 9 9950X 16-Core Processor,c++ (Ubuntu 15.2.0-4ubuntu4) 15.2.0,CMAKE_CXX_FLAGS:STRING= CMAKE_CXX_FLAGS_RELEASE:STRING=-O3 -DNDEBUG,wikimedia_wikipedia_mxbai,/home/yunchih/code/simsearch/python/out/local_query_embeddings_1024.parquet,/home/yunchih/code/simsearch/python/query_embeddings/combined.jsonl,313,1024,100,10,two_step_mf_RF10,149,0,0.003427,0.000651,0.003417,0.087534,0.001343,0.097323,0.25111553767168043,0.19047619047619047,313
0bbeb0653a569e5394ac94a502549b079f7a055c,meow1,AMD Ryzen 9 9950X 16-Core Processor,c++ (Ubuntu 15.2.0-4ubuntu4) 15.2.0,CMAKE_CXX_FLAGS:STRING= CMAKE_CXX_FLAGS_RELEASE:STRING=-O3 -DNDEBUG,wikimedia_wikipedia_mxbai,/home/yunchih/code/simsearch/python/out/local_query_embeddings_1024.parquet,/home/yunchih/code/simsearch/python/query_embeddings/combined.jsonl,313,1024,100,50,two_step_mf_RF50,149,0,0.000992,0.000621,0.003407,0.086823,0.001413,0.094137,0.25111553767168043,0.19047619047619047,313
0bbeb0653a569e5394ac94a502549b079f7a055c,meow1,AMD Ryzen 9 9950X 16-Core Processor,c++ (Ubuntu 15.2.0-4ubuntu4) 15.2.0,CMAKE_CXX_FLAGS:STRING= CMAKE_CXX_FLAGS_RELEASE:STRING=-O3 -DNDEBUG,wikimedia_wikipedia_mxbai,/home/yunchih/code/simsearch/python/out/local_query_embeddings_1024.parquet,/home/yunchih/code/simsearch/python/query_embeddings/combined.jsonl,313,1024,100,0,float32_avx2,150,0,0.0,0.0,0.0,0.0,0.0,0.011,1.0000000000000004,1.0,100
0bbeb0653a569e5394ac94a502549b079f7a055c,meow1,AMD Ryzen 9 9950X 16-Core Processor,c++ (Ubuntu 15.2.0-4ubuntu4) 15.2.0,CMAKE_CXX_FLAGS:STRING= CMAKE_CXX_FLAGS_RELEASE:STRING=-O3 -DNDEBUG,wikimedia_wikipedia_mxbai,/home/yunchih/code/simsearch/python/out/local_query_embeddings_1024.parquet,/home/yunchih/code/simsearch/python/query_embeddings/combined.jsonl,313,1024,100,0,binary,150,0,0.003426,0.000662,0.000991,0.0,0.0,0.005811,1.0000000000000004,1.0,100
0bbeb0653a569e5394ac94a502549b079f7a055c,meow1,AMD Ryzen 9 9950X 16-Core Processor,c++ (Ubuntu 15.2.0-4ubuntu4) 15.2.0,CMAKE_CXX_FLAGS:STRING= CMAKE_CXX_FLAGS_RELEASE:STRING=-O3 -DNDEBUG,wikimedia_wikipedia_mxbai,/home/yunchih/code/simsearch/python/out/local_query_embeddings_1024.parquet,/home/yunchih/code/simsearch/python/query_embeddings/combined.jsonl,313,1024,100,10,two_step_RF10,150,0,0.003166,0.000631,0.003366,0.011482,0.001422,0.021039,0.25111553767168043,0.19047619047619047,313
0bbeb0653a569e5394ac94a502549b079f7a055c,meow1,AMD Ryzen 9 9950X 16-Core Processor,c++ (Ubuntu 15.2.0-4ubuntu4) 15.2.0,CMAKE_CXX_FLAGS:STRING= CMAKE_CXX_FLAGS_RELEASE:STRING=-O3 -DNDEBUG,wikimedia_wikipedia_mxbai,/home/yunchih/code/simsearch/python/out/local_query_embeddings_1024.parquet,/home/yunchih/code/simsearch/python/query_embeddings/combined.jsonl,313,1024,100,50,two_step_RF50,150,0,0.000832,0.000661,0.003396,0.011351,0.001433,0.018705,0.25111553767168043,0.19047619047619047,313
0bbeb0653a569e5394ac94a502549b079f7a055c,meow1,AMD Ryzen 9 9950X 16-Core Processor,c++ (Ubuntu 15.2.0-4ubuntu4) 15.2.0,CMAKE_CXX_FLAGS:STRING= CMAKE_CXX_FLAGS_RELEASE:STRING=-O3 -DNDEBUG,wikimedia_wikipedia_mxbai,/home/yunchih/code/simsearch/python/out/local_query_embeddings_1024.parquet,/home/yunchih/code/simsearch/python/query_embeddings/combined.jsonl,313,1024,100,10,two_step_mf_RF10,150,0,0.003366,0.000661,0.003376,0.087464,0.001383,0.097203,0.25111553767168043,0.19047619047619047,313
0bbeb0653a569e5394ac94a502549b079f7a055c,meow1,AMD Ryzen 9 9950X 16-Core Processor,c++ (Ubuntu 15.2.0-4ubuntu4) 15.2.0,CMAKE_CXX_FLAGS:STRING= CMAKE_CXX_FLAGS_RELEASE:STRING=-O3 -DNDEBUG,wikimedia_wikipedia_mxbai,/home/yunchih/code/simsearch/python/out/local_query_embeddings_1024.parquet,/home/yunchih/code/simsearch/python/query_embeddings/combined.jsonl,313,1024,100,50,two_step_mf_RF50,150,0,0.001092,0.000631,0.003416,0.086693,0.001402,0.094086,0.25111553767168043,0.19047619047619047,313
0bbeb0653a569e5394ac94a502549b079f7a055c,meow1,AMD Ryzen 9 9950X 16-Core Processor,c++ (Ubuntu 15.2.0-4ubuntu4) 15.2.0,CMAKE_CXX_FLAGS:STRING= CMAKE_CXX_FLAGS_RELEASE:STRING=-O3 -DNDEBUG,wikimedia_wikipedia_mxbai,/home/yunchih/code/simsearch/python/out/local_query_embeddings_1024.parquet,/home/yunchih/code/simsearch/python/query_embeddings/combined.jsonl,313,1024,100,0,float32_avx2,151,0,0.0,0.0,0.0,0.0,0.0,0.012,1.0000000000000004,1.0,100
0bbeb0653a569e5394ac94a502549b079f7a055c,meow1,AMD Ryzen 9 9950X 16-Core Processor,c++ (Ubuntu 15.2.0-4ubuntu4) 15.2.0,CMAKE_CXX_FLAGS:STRING= CMAKE_CXX_FLAGS_RELEASE:STRING=-O3 -DNDEBUG,wikimedia_wikipedia_mxbai,/home/yunchih/code/simsearch/python/out/local_query_embeddings_1024.parquet,/home/yunchih/code/simsearch/python/query_embeddings/combined.jsonl,313,1024,100,0,binary,151,0,0.003527,0.000651,0.001052,0.0,0.0,0.005951,1.0000000000000004,1.0,100
0bbeb0653a569e5394ac94a502549b079f7a055c,meow1,AMD Ryzen 9 9950X 16-Core Processor,c++ (Ubuntu 15.2.0-4ubuntu4) 15.2.0,CMAKE_CXX_FLAGS:STRING= CMAKE_CXX_FLAGS_RELEASE:STRING=-O3 -DNDEBUG,wikimedia_wikipedia_mxbai,/home/yunchih/code/simsearch/python/out/local_query_embeddings_1024.parquet,/home/yunchih/code/simsearch/python/query_embeddings/combined.jsonl,313,1024,100,10,two_step_RF10,151,0,0.003196,0.000621,0.003357,0.011612,0.001383,0.02115,0.25111553767168043,0.19047619047619047,313
0bbeb0653a569e5394ac94a502549b079f7a055c,meow1,AMD Ryzen 9 9950X 16-Core Processor,c++ (Ubuntu 15.2.0-4ubuntu4) 15.2.0,CMAKE_CXX_FLAGS:STRING= CMAKE_CXX_FLAGS_RELEASE:STRING=-O3 -DNDEBUG,wikimedia_wikipedia_mxbai,/home/yunchih/code/simsearch/python/out/local_query_embeddings_1024.parquet,/home/yunchih/code/simsearch/python/query_embeddings/combined.jsonl,313,1024,100,50,two_step_RF50,151,0,0.000962,0.000691,0.003397,0.011362,0.001492,0.018976,0.25111553767168043,0.19047619047619047,313
0bbeb0653a569e5394ac94a502549b079f7a055c,meow1,AMD Ryzen 9 9950X 16-Core Processor,c++ (Ubuntu 15.2.0-4ubuntu4) 15.2.0,CMAKE_CXX_FLAGS:STRING= CMAKE_CXX_FLAGS_RELEASE:STRING=-O3 -DNDEBUG,wikimedia_wikipedia_mxbai,/home/yunchih/code/simsearch/python/out/local_query_embeddings_1024.parquet,/home/yunchih/code/simsearch/python/query_embeddings/combined.jsonl,313,1024,100,10,two_step_mf_RF10,151,0,0.003185,0.000671,0.003356,0.101811,0.001403,0.11142,0.25111553767168043,0.19047619047619047,313
0bbeb0653a569e5394ac94a502549b079f7a055c,meow1,AMD Ryzen 9 9950X 16-Core Processor,c++ (Ubuntu 15.2.0-4ubuntu4) 15.2.0,CMAKE_CXX_FLAGS:STRING= CMAKE_CXX_FLAGS_RELEASE:STRING=-O3 -DNDEBUG,wikimedia_wikipedia_mxbai,/home/yunchih/code/simsearch/python/out/local_query_embeddings_1024.parquet,/home/yunchih/code/simsearch/python/query_embeddings/combined.jsonl,313,1024,100,50,two_step_mf_RF50,151,0,0.001052,0.000631,0.003397,0.086753,0.001423,0.094147,0.25111553767168043,0.19047619047619047,313
0bbeb0653a569e5394ac94a502549b079f7a055c,meow1,AMD Ryzen 9 9950X 16-Core Processor,c++ (Ubuntu 15.2.0-4ubuntu4) 15.2.0,CMAKE_CXX_FLAGS:STRING= CMAKE_CXX_FLAGS_RELEASE:STRING=-O3 -DNDEBUG,wikimedia_wikipedia_mxbai,/home/yunchih/code/simsearch/python/out/local_query_embeddings_1024.parquet,/home/yunchih/code/simsearch/python/query_embeddings/combined.jsonl,313,1024,100,0,float32_avx2,152,0,0.0,0.0,0.0,0.0,0.0,0.012,1.0000000000000004,1.0,100
0bbeb0653a569e5394ac94a502549b079f7a055c,meow1,AMD Ryzen 9 9950X 16-Core Processor,c++ (Ubuntu 15.2.0-4ubuntu4) 15.2.0,CMAKE_CXX_FLAGS:STRING= CMAKE_CXX_FLAGS_RELEASE:STRING=-O3 -DNDEBUG,wikimedia_wikipedia_mxbai,/home/yunchih/code/simsearch/python/out/local_query_embeddings_1024.parquet,/home/yunchih/code/simsearch/python/query_embeddings/combined.jsonl,313,1024,100,0,binary,152,0,0.003346,0.000651,0.001042,0.0,0.0,0.005761,1.0000000000000004,1.0,100
0bbeb0653a569e5394ac94a502549b079f7a055c,meow1,AMD Ryzen 9 9950X 16-Core Processor,c++ (Ubuntu 15.2.0-4ubuntu4) 15.2.0,CMAKE_CXX_FLAGS:STRING= CMAKE_CXX_FLAGS_RELEASE:STRING=-O3 -DNDEBUG,wikimedia_wikipedia_mxbai,/home/yunchih/code/simsearch/python/out/local_query_embeddings_1024.parquet,/home/yunchih/code/simsearch/python/query_embeddings/combined.jsonl,313,1024,100,10,two_step_RF10,152,0,0.003125,0.000622,0.003366,0.011551,0.001413,0.021039,0.25111553767168043,0.19047619047619047,313
0bbeb0653a569e5394ac94a502549b079f7a055c,meow1,AMD Ryzen 9 9950X 16-Core Processor,c++ (Ubuntu 15.2.0-4ubuntu4) 15.2.0,CMAKE_CXX_FLAGS:STRING= CMAKE_CXX_FLAGS_RELEASE:STRING=-O3 -DNDEBUG,wikimedia_wikipedia_mxbai,/home/yunchih/code/simsearch/python/out/local_query_embeddings_1024.parquet,/home/yunchih/code/simsearch/python/query_embeddings/combined.jsonl,313,1024,100,50,two_step_RF50,152,0,0.000872,0.000651,0.003396,0.011451,0.001463,0.018835,0.25111553767168043,0.19047619047619047,313
0bbeb0653a569e5394ac94a502549b079f7a055c,meow1,AMD Ryzen 9 9950X 16-Core Processor,c++ (Ubuntu 15.2.0-4ubuntu4) 15.2.0,CMAKE_CXX_FLAGS:STRING= CMAKE_CXX_FLAGS_RELEASE:STRING=-O3 -DNDEBUG,wikimedia_wikipedia_mxbai,/home/yunchih/code/simsearch/python/out/local_query_embeddings_1024.parquet,/home/yunchih/code/simsearch/python/query_embeddings/combined.jsonl,313,1024,100,10,two_step_mf_RF10,152,0,0.003176,0.000662,0.003356,0.087404,0.001382,0.096942,0.25111553767168043,0.19047619047619047,313
0bbeb0653a569e5394ac94a502549b079f7a055c,meow1,AMD Ryzen 9 9950X 16-Core Processor,c++ (Ubuntu 15.2.0-4ubuntu4) 15.2.0,CMAKE_CXX_FLAGS:STRING= CMAKE_CXX_FLAGS_RELEASE:STRING=-O3 -DNDEBUG,wikimedia_wikipedia_mxbai,/home/yunchih/code/simsearch/python/out/local_query_embeddings_1024.parquet,/home/yunchih/code/simsearch/python/query_embeddings/combined.jsonl,313,1024,100,50,two_step_mf_RF50,152,0,0.000992,0.000631,0.003367,0.086763,0.001463,0.094067,0.25111553767168043,0.19047619047619047,313
0bbeb0653a569e5394ac94a502549b079f7a055c,meow1,AMD Ryzen 9 9950X 16-Core Processor,c++ (Ubuntu 15.2.0-4ubuntu4) 15.2.0,CMAKE_CXX_FLAGS:STRING= CMAKE_CXX_FLAGS_RELEASE:STRING=-O3 -DNDEBUG,wikimedia_wikipedia_mxbai,/home/yunchih/code/simsearch/python/out/local_query_embeddings_1024.parquet,/home/yunchih/code/simsearch/python/query_embeddings/combined.jsonl,313,1024,100,0,float32_avx2,153,0,0.0,0.0,0.0,0.0,0.0,0.011,1.0000000000000004,1.0,100
0bbeb0653a569e5394ac94a502549b079f7a055c,meow1,AMD Ryzen 9 9950X 16-Core Processor,c++ (Ubuntu 15.2.0-4ubuntu4) 15.2.0,CMAKE_CXX_FLAGS:STRING= CMAKE_CXX_FLAGS_RELEASE:STRING=-O3 -DNDEBUG,wikimedia_wikipedia_mxbai,/home/yunchih/code/simsearch/python/out/local_query_embeddings_1024.parquet,/home/yunchih/code/simsearch/python/query_embeddings/combined.jsonl,313,1024,100,0,binary,153,0,0.003437,0.000631,0.001042,0.0,0.0,0.005841,1.0000000000000004,1.0,100
0bbeb0653a569e5394ac94a502549b079f7a055c,meow1,AMD Ryzen 9 9950X 16-Core Processor,c++ (Ubuntu 15.2.0-4ubuntu4) 15.2.0,CMAKE_CXX_FLAGS:STRING= CMAKE_CXX_FLAGS_RELEASE:STRING=-O3 -DNDEBUG,wikimedia_wikipedia_mxbai,/home/yunchih/code/simsearch/python/out/local_query_embeddings_1024.parquet,/home/yunchih/code/simsearch/python/query_embeddings/combined.jsonl,313,1024,100,10,two_step_RF10,153,0,0.003156,0.000611,0.003406,0.011552,0.001412,0.021149,0.25111553767168043,0.19047619047619047,313
0bbeb0653a569e5394ac94a502549b079f7a055c,meow1,AMD Ryzen 9 9950X 16-Core Processor,c++ (Ubuntu 15.2.0-4ubuntu4) 15.2.0,CMAKE_CXX_FLAGS:STRING= CMAKE_CXX_FLAGS_RELEASE:STRING=-O3 -DNDEBUG,wikimedia_wikipedia_mxbai,/home/yunchih/code/simsearch/python/out/local_query_embeddings_1024.parquet,/home/yunchih/code/simsearch/python/query_embeddings/combined.jsonl,313,1024,100,50,two_step_RF50,153,0,0.000811,0.000661,0.003406,0.011431,0.001473,0.018836,0.25111553767168043,0.19047619047619047,313
0bbeb0653a569e5394ac94a502549b079f7a055c,meow1,AMD Ryzen 9 9950X 16-Core Processor,c++ (Ubuntu 15.2.0-4ubuntu4) 15.2.0,CMAKE_CXX_FLAGS:STRING= CMAKE_CXX_FLAGS_RELEASE:STRING=-O3 -DNDEBUG,wikimedia_wikipedia_mxbai,/home/yunchih/code/simsearch/python/out/local_query_embeddings_1024.parquet,/home/yunchih/code/simsearch/python/query_embeddings/combined.jsonl,313,1024,100,10,two_step_mf_RF10,153,0,0.003266,0.000681,0.003397,0.087555,0.001382,0.097252,0.25111553767168043,0.19047619047619047,313
0bbeb0653a569e5394ac94a502549b079f7a055c,meow1,AMD Ryzen 9 9950X 16-Core Processor,c++ (Ubuntu 15.2.0-4ubuntu4) 15.2.0,CMAKE_CXX_FLAGS:STRING= CMAKE_CXX_FLAGS_RELEASE:STRING=-O3 -DNDEBUG,wikimedia_wikipedia_mxbai,/home/yunchih/code/simsearch/python/out/local_query_embeddings_1024.parquet,/home/yunchih/code/simsearch/python/query_embeddings/combined.jsonl,313,1024,100,50,two_step_mf_RF50,153,0,0.000892,0.000641,0.003407,0.086853,0.001443,0.094147,0.25111553767168043,0.19047619047619047,313
0bbeb0653a569e5394ac94a502549b079f7a055c,meow1,AMD Ryzen 9 9950X 16-Core Processor,c++ (Ubuntu 15.2.0-4ubuntu4) 15.2.0,CMAKE_CXX_FLAGS:STRING= CMAKE_CXX_FLAGS_RELEASE:STRING=-O3 -DNDEBUG,wikimedia_wikipedia_mxbai,/home/yunchih/code/simsearch/python/out/local_query_embeddings_1024.parquet,/home/yunchih/code/simsearch/python/query_embeddings/combined.jsonl,313,1024,100,0,float32_avx2,154,0,0.0,0.0,0.0,0.0,0.0,0.012,1.0000000000000004,1.0,100
0bbeb0653a569e5394ac94a502549b079f7a055c,meow1,AMD Ryzen 9 9950X 16-Core Processor,c++ (Ubuntu 15.2.0-4ubuntu4) 15.2.0,CMAKE_CXX_FLAGS:STRING= CMAKE_CXX_FLAGS_RELEASE:STRING=-O3 -DNDEBUG,wikimedia_wikipedia_mxbai,/home/yunchih/code/simsearch/python/out/local_query_embeddings_1024.parquet,/home/yunchih/code/simsearch/python/query_embeddings/combined.jsonl,313,1024,100,0,binary,154,0,0.003497,0.000651,0.001042,0.0,0.0,0.005881,1.0000000000000004,1.0,100
0bbeb0653a569e5394ac94a502549b079f7a055c,meow1,AMD Ryzen 9 9950X 16-Core Processor,c++ (Ubuntu 15.2.0-4ubuntu4) 15.2.0,CMAKE_CXX_FLAGS:STRING= CMAKE_CXX_FLAGS_RELEASE:STRING=-O3 -DNDEBUG,wikimedia_wikipedia_mxbai,/home/yunchih/code/simsearch/python/out/local_query_embeddings_1024.parquet,/home/yunchih/code/simsearch/python/query_embeddings/combined.jsonl,313,1024,100,10,two_step_RF10,154,0,0.003166,0.000621,0.003417,0.011462,0.001403,0.02104,0.25111553767168043,0.19047619047619047,313
0bbeb0653a569e5394ac94a502549b079f7a055c,meow1,AMD Ryzen 9 9950X 16-Core Processor,c++ (Ubuntu 15.2.0-4ubuntu4) 15.2.0,CMAKE_CXX_FLAGS:STRING= CMAKE_CXX_FLAGS_RELEASE:STRING=-O3 -DNDEBUG,wikimedia_wikipedia_mxbai,/home/yunchih/code/simsearch/python/out/local_query_embeddings_1024.parquet,/home/yunchih/code/simsearch/python/query_embeddings/combined.jsonl,313,1024,100,50,two_step_RF50,154,0,0.000832,0.000651,0.003416,0.011472,0.001522,0.018906,0.25111553767168043,0.19047619047619047,313
0bbeb0653a569e5394ac94a502549b079f7a055c,meow1,AMD Ryzen 9 9950X 16-Core Processor,c++ (Ubuntu 15.2.0-4ubuntu4) 15.2.0,CMAKE_CXX_FLAGS:STRING= CMAKE_CXX_FLAGS_RELEASE:STRING=-O3 -DNDEBUG,wikimedia_wikipedia_mxbai,/home/yunchih/code/simsearch/python/out/local_query_embeddings_1024.parquet,/home/yunchih/code/simsearch/python/query_embeddings/combined.jsonl,313,1024,100,10,two_step_mf_RF10,154,0,0.003357,0.000641,0.003366,0.087534,0.001393,0.097213,0.25111553767168043,0.19047619047619047,313
0bbeb0653a569e5394ac94a502549b079f7a055c,meow1,AMD Ryzen 9 9950X 16-Core Processor,c++ (Ubuntu 15.2.0-4ubuntu4) 15.2.0,CMAKE_CXX_FLAGS:STRING= CMAKE_CXX_FLAGS_RELEASE:STRING=-O3 -DNDEBUG,wikimedia_wikipedia_mxbai,/home/yunchih/code/simsearch/python/out/local_query_embeddings_1024.parquet,/home/yunchih/code/simsearch/python/query_embeddings/combined.jsonl,313,1024,100,50,two_step_mf_RF50,154,0,0.001062,0.000631,0.003396,0.088766,0.001363,0.09608,0.25111553767168043,0.19047619047619047,313
0bbeb0653a569e5394ac94a502549b079f7a055c,meow1,AMD Ryzen 9 9950X 16-Core Processor,c++ (Ubuntu 15.2.0-4ubuntu4) 15.2.0,CMAKE_CXX_FLAGS:STRING= CMAKE_CXX_FLAGS_RELEASE:STRING=-O3 -DNDEBUG,wikimedia_wikipedia_mxbai,/home/yunchih/code/simsearch/python/out/local_query_embeddings_1024.parquet,/home/yunchih/code/simsearch/python/query_embeddings/combined.jsonl,313,1024,100,0,float32_avx2,155,0,0.0,0.0,0.0,0.0,0.0,0.011,1.0000000000000004,1.0,100
0bbeb0653a569e5394ac94a502549b079f7a055c,meow1,AMD Ryzen 9 9950X 16-Core Processor,c++ (Ubuntu 15.2.0-4ubuntu4) 15.2.0,CMAKE_CXX_FLAGS:STRING= CMAKE_CXX_FLAGS_RELEASE:STRING=-O3 -DNDEBUG,wikimedia_wikipedia_mxbai,/home/yunchih/code/simsearch/python/out/local_query_embeddings_1024.parquet,/home/yunchih/code/simsearch/python/query_embeddings/combined.jsonl,313,1024,100,0,binary,155,0,0.003497,0.000661,0.001052,0.0,0.0,0.005931,1.0000000000000004,1.0,100
0bbeb0653a569e5394ac94a502549b079f7a055c,meow1,AMD Ryzen 9 9950X 16-Core Processor,c++ (Ubuntu 15.2.0-4ubuntu4) 15.2.0,CMAKE_CXX_FLAGS:STRING= CMAKE_CXX_FLAGS_RELEASE:STRING=-O3 -DNDEBUG,wikimedia_wikipedia_mxbai,/home/yunchih/code/simsearch/python/out/local_query_embeddings_1024.parquet,/home/yunchih/code/simsearch/python/query_embeddings/combined.jsonl,313,1024,100,10,two_step_RF10,155,0,0.003176,0.000611,0.003346,0.011482,0.001412,0.021029,0.25111553767168043,0.19047619047619047,313
0bbeb0653a569e5394ac94a502549b079f7a055c,meow1,AMD Ryzen 9 9950X 16-Core Processor,c++ (Ubuntu 15.2.0-4ubuntu4) 15.2.0,CMAKE_CXX_FLAGS:STRING= CMAKE_CXX_FLAGS_RELEASE:STRING=-O3 -DNDEBUG,wikimedia_wikipedia_mxbai,/home/yunchih/code/simsearch/python/out/local_query_embeddings_1024.parquet,/home/yunchih/code/simsearch/python/query_embeddings/combined.jsonl,313,1024,100,50,two_step_RF50,155,0,0.000751,0.000672,0.003406,0.011271,0.001483,0.018645,0.25111553767168043,0.19047619047619047,313
0bbeb0653a569e5394ac94a502549b079f7a055c,meow1,AMD Ryzen 9 9950X 16-Core Processor,c++ (Ubuntu 15.2.0-4ubuntu4) 15.2.0,CMAKE_CXX_FLAGS:STRING= CMAKE_CXX_FLAGS_RELEASE:STRING=-O3 -DNDEBUG,wikimedia_wikipedia_mxbai,/home/yunchih/code/simsearch/python/out/local_query_embeddings_1024.parquet,/home/yunchih/code/simsearch/python/query_embeddings/combined.jsonl,313,1024,100,10,two_step_mf_RF10,155,0,0.003136,0.000672,0.003376,0.087294,0.001433,0.096852,0.25111553767168043,0.19047619047619047,313
0bbeb0653a569e5394ac94a502549b079f7a055c,meow1,AMD Ryzen 9 9950X 16-Core Processor,c++ (Ubuntu 15.2.0-4ubuntu4) 15.2.0,CMAKE_CXX_FLAGS:STRING= CMAKE_CXX_FLAGS_RELEASE:STRING=-O3 -DNDEBUG,wikimedia_wikipedia_mxbai,/home/yunchih/code/simsearch/python/out/local_query_embeddings_1024.parquet,/home/yunchih/code/simsearch/python/query_embeddings/combined.jsonl,313,1024,100,50,two_step_mf_RF50,155,0,0.001062,0.000651,0.003397,0.086733,0.001403,0.094127,0.25111553767168043,0.19047619047619047,313
0bbeb0653a569e5394ac94a502549b079f7a055c,meow1,AMD Ryzen 9 9950X 16-Core Processor,c++ (Ubuntu 15.2.0-4ubuntu4) 15.2.0,CMAKE_CXX_FLAGS:STRING= CMAKE_CXX_FLAGS_RELEASE:STRING=-O3 -DNDEBUG,wikimedia_wikipedia_mxbai,/home/yunchih/code/simsearch/python/out/local_query_embeddings_1024.parquet,/home/yunchih/code/simsearch/python/query_embeddings/combined.jsonl,313,1024,100,0,float32_avx2,156,0,0.0,0.0,0.0,0.0,0.0,0.011,1.0000000000000004,1.0,100
0bbeb0653a569e5394ac94a502549b079f7a055c,meow1,AMD Ryzen 9 9950X 16-Core Processor,c++ (Ubuntu 15.2.0-4ubuntu4) 15.2.0,CMAKE_CXX_FLAGS:STRING= CMAKE_CXX_FLAGS_RELEASE:STRING=-O3 -DNDEBUG,wikimedia_wikipedia_mxbai,/home/yunchih/code/simsearch/python/out/local_query_embeddings_1024.parquet,/home/yunchih/code/simsearch/python/query_embeddings/combined.jsonl,313,1024,100,0,binary,156,0,0.003527,0.000631,0.001032,0.0,0.0,0.005911,1.0000000000000004,1.0,100
0bbeb0653a569e5394ac94a502549b079f7a055c,meow1,AMD Ryzen 9 9950X 16-Core Processor,c++ (Ubuntu 15.2.0-4ubuntu4) 15.2.0,CMAKE_CXX_FLAGS:STRING= CMAKE_CXX_FLAGS_RELEASE:STRING=-O3 -DNDEBUG,wikimedia_wikipedia_mxbai,/home/yunchih/code/simsearch/python/out/local_query_embeddings_1024.parquet,/home/yunchih/code/simsearch/python/query_embeddings/combined.jsonl,313,1024,100,10,two_step_RF10,156,0,0.003397,0.000611,0.003386,0.011662,0.001493,0.021541,0.25111553767168043,0.19047619047619047,313
0bbeb0653a569e5394ac94a502549b079f7a055c,meow1,AMD Ryzen 9 9950X 16-Core Processor,c++ (Ubuntu 15.2.0-4ubuntu4) 15.2.0,CMAKE_CXX_FLAGS:STRING= CMAKE_CXX_FLAGS_RELEASE:STRING=-O3 -DNDEBUG,wikimedia_wikipedia_mxbai,/home/yunchih/code/simsearch/python/out/local_query_embeddings_1024.parquet,/home/yunchih/code/simsearch/python/query_embeddings/combined.jsonl,313,1024,100,50,two_step_RF50,156,0,0.000842,0.000671,0.003416,0.011462,0.001442,0.018855,0.25111553767168043,0.19047619047619047,313
0bbeb0653a569e5394ac94a502549b079f7a055c,meow1,AMD Ryzen 9 9950X 16-Core Processor,c++ (Ubuntu 15.2.0-4ubuntu4) 15.2.0,CMAKE_CXX_FLAGS:STRING= CMAKE_CXX_FLAGS_RELEASE:STRING=-O3 -DNDEBUG,wikimedia_wikipedia_mxbai,/home/yunchih/code/simsearch/python/out/local_query_embeddings_1024.parquet,/home/yunchih/code/simsearch/python/query_embeddings/combined.jsonl,313,1024,100,10,two_step_mf_RF10,156,0,0.003156,0.000661,0.003406,0.087534,0.001413,0.097102,0.25111553767168043,0.19047619047619047,313
0bbeb0653a569e5394ac94a502549b079f7a055c,meow1,AMD Ryzen 9 9950X 16-Core Processor,c++ (Ubuntu 15.2.0-4ubuntu4) 15.2.0,CMAKE_CXX_FLAGS:STRING= CMAKE_CXX_FLAGS_RELEASE:STRING=-O3 -DNDEBUG,wikimedia_wikipedia_mxbai,/home/yunchih/code/simsearch/python/out/local_query_embeddings_1024.parquet,/home/yunchih/code/simsearch/python/query_embeddings/combined.jsonl,313,1024,100,50,two_step_mf_RF50,156,0,0.000922,0.000641,0.003387,0.086773,0.001413,0.093977,0.25111553767168043,0.19047619047619047,313
0bbeb0653a569e5394ac94a502549b079f7a055c,meow1,AMD Ryzen 9 9950X 16-Core Processor,c++ (Ubuntu 15.2.0-4ubuntu4) 15.2.0,CMAKE_CXX_FLAGS:STRING= CMAKE_CXX_FLAGS_RELEASE:STRING=-O3 -DNDEBUG,wikimedia_wikipedia_mxbai,/home/yunchih/code/simsearch/python/out/local_query_embeddings_1024.parquet,/home/yunchih/code/simsearch/python/query_embeddings/combined.jsonl,313,1024,100,0,float32_avx2,157,0,0.0,0.0,0.0,0.0,0.0,0.012,1.0000000000000004,1.0,100
0bbeb0653a569e5394ac94a502549b079f7a055c,meow1,AMD Ryzen 9 9950X 16-Core Processor,c++ (Ubuntu 15.2.0-4ubuntu4) 15.2.0,CMAKE_CXX_FLAGS:STRING= CMAKE_CXX_FLAGS_RELEASE:STRING=-O3 -DNDEBUG,wikimedia_wikipedia_mxbai,/home/yunchih/code/simsearch/python/out/local_query_embeddings_1024.parquet,/home/yunchih/code/simsearch/python/query_embeddings/combined.jsonl,313,1024,100,0,binary,157,0,0.003256,0.000642,0.001032,0.0,0.0,0.005671,1.0000000000000004,1.0,100
0bbeb0653a569e5394ac94a502549b079f7a055c,meow1,AMD Ryzen 9 9950X 16-Core Processor,c++ (Ubuntu 15.2.0-4ubuntu4) 15.2.0,CMAKE_CXX_FLAGS:STRING= CMAKE_CXX_FLAGS_RELEASE:STRING=-O3 -DNDEBUG,wikimedia_wikipedia_mxbai,/home/yunchih/code/simsearch/python/out/local_query_embeddings_1024.parquet,/home/yunchih/code/simsearch/python/query_embeddings/combined.jsonl,313,1024,100,10,two_step_RF10,157,0,0.003176,0.000611,0.003407,0.011552,0.001403,0.02113,0.25111553767168043,0.19047619047619047,313
0bbeb0653a569e5394ac94a502549b079f7a055c,meow1,AMD Ryzen 9 9950X 16-Core Processor,c++ (Ubuntu 15.2.0-4ubuntu4) 15.2.0,CMAKE_CXX_FLAGS:STRING= CMAKE_CXX_FLAGS_RELEASE:STRING=-O3 -DNDEBUG,wikimedia_wikipedia_mxbai,/home/yunchih/code/simsearch/python/out/local_query_embeddings_1024.parquet,/home/yunchih/code/simsearch/python/query_embeddings/combined.jsonl,313,1024,100,50,two_step_RF50,157,0,0.000952,0.000642,0.003426,0.011481,0.001383,0.018966,0.25111553767168043,0.19047619047619047,313
0bbeb0653a569e5394ac94a502549b079f7a055c,meow1,AMD Ryzen 9 9950X 16-Core Processor,c++ (Ubuntu 15.2.0-4ubuntu4) 15.2.0,CMAKE_CXX_FLAGS:STRING= CMAKE_CXX_FLAGS_RELEASE:STRING=-O3 -DNDEBUG,wikimedia_wikipedia_mxbai,/home/yunchih/code/simsearch/python/out/local_query_embeddings_1024.parquet,/home/yunchih/code/simsearch/python/query_embeddings/combined.jsonl,313,1024,100,10,two_step_mf_RF10,157,0,0.003326,0.000651,0.003377,0.087534,0.001463,0.097323,0.25111553767168043,0.19047619047619047,313
0bbeb0653a569e5394ac94a502549b079f7a055c,meow1,AMD Ryzen 9 9950X 16-Core Processor,c++ (Ubuntu 15.2.0-4ubuntu4) 15.2.0,CMAKE_CXX_FLAGS:STRING= CMAKE_CXX_FLAGS_RELEASE:STRING=-O3 -DNDEBUG,wikimedia_wikipedia_mxbai,/home/yunchih/code/simsearch/python/out/local_query_embeddings_1024.parquet,/home/yunchih/code/simsearch/python/query_embeddings/combined.jsonl,313,1024,100,50,two_step_mf_RF50,157,0,0.001062,0.000642,0.003426,0.086743,0.001383,0.094107,0.25111553767168043,0.19047619047619047,313
0bbeb0653a569e5394ac94a502549b079f7a055c,meow1,AMD Ryzen 9 9950X 16-Core Processor,c++ (Ubuntu 15.2.0-4ubuntu4) 15.2.0,CMAKE_CXX_FLAGS:STRING= CMAKE_CXX_FLAGS_RELEASE:STRING=-O3 -DNDEBUG,wikimedia_wikipedia_mxbai,/home/yunchih/code/simsearch/python/out/local_query_embeddings_1024.parquet,/home/yunchih/code/simsearch/python/query_embeddings/combined.jsonl,313,1024,100,0,float32_avx2,158,0,0.0,0.0,0.0,0.0,0.0,0.011,1.0000000000000004,1.0,100
0bbeb0653a569e5394ac94a502549b079f7a055c,meow1,AMD Ryzen 9 9950X 16-Core Processor,c++ (Ubuntu 15.2.0-4ubuntu4) 15.2.0,CMAKE_CXX_FLAGS:STRING= CMAKE_CXX_FLAGS_RELEASE:STRING=-O3 -DNDEBUG,wikimedia_wikipedia_mxbai,/home/yunchih/code/simsearch/python/out/local_query_embeddings_1024.parquet,/home/yunchih/code/simsearch/python/query_embeddings/combined.jsonl,313,1024,100,0,binary,158,0,0.003517,0.000691,0.001042,0.0,0.0,0.005941,1.0000000000000004,1.0,100
0bbeb0653a569e5394ac94a502549b079f7a055c,meow1,AMD Ryzen 9 9950X 16-Core Processor,c++ (Ubuntu 15.2.0-4ubuntu4) 15.2.0,CMAKE_CXX_FLAGS:STRING= CMAKE_CXX_FLAGS_RELEASE:STRING=-O3 -DNDEBUG,wikimedia_wikipedia_mxbai,/home/yunchih/code/simsearch/python/out/local_query_embeddings_1024.parquet,/home/yunchih/code/simsearch/python/query_embeddings/combined.jsonl,313,1024,100,10,two_step_RF10,158,0,0.003106,0.000622,0.003386,0.011722,0.001412,0.02123,0.25111553767168043,0.19047619047619047,313
0bbeb0653a569e5394ac94a502549b079f7a055c,meow1,AMD Ryzen 9 9950X 16-Core Processor,c++ (Ubuntu 15.2.0-4ubuntu4) 15.2.0,CMAKE_CXX_FLAGS:STRING= CMAKE_CXX_FLAGS_RELEASE:STRING=-O3 -DNDEBUG,wikimedia_wikipedia_mxbai,/home/yunchih/code/simsearch/python/out/local_query_embeddings_1024.parquet,/home/yunchih/code/simsearch/python/query_embeddings/combined.jsonl,313,1024,100,50,two_step_RF50,158,0,0.000952,0.000672,0.003386,0.011551,0.001513,0.019096,0.25111553767168043,0.19047619047619047,313
0bbeb0653a569e5394ac94a502549b079f7a055c,meow1,AMD Ryzen 9 9950X 16-Core Processor,c++ (Ubuntu 15.2.0-4ubuntu4) 15.2.0,CMAKE_CXX_FLAGS:STRING= CMAKE_CXX_FLAGS_RELEASE:STRING=-O3 -DNDEBUG,wikimedia_wikipedia_mxbai,/home/yunchih/code/simsearch/python/out/local_query_embeddings_1024.parquet,/home/yunchih/code/simsearch/python/query_embeddings/combined.jsonl,313,1024,100,10,two_step_mf_RF10,158,0,0.003196,0.000682,0.003376,0.087344,0.001423,0.096942,0.25111553767168043,0.19047619047619047,313
0bbeb0653a569e5394ac94a502549b079f7a055c,meow1,AMD Ryzen 9 9950X 16-Core Processor,c++ (Ubuntu 15.2.0-4ubuntu4) 15.2.0,CMAKE_CXX_FLAGS:STRING= CMAKE_CXX_FLAGS_RELEASE:STRING=-O3 -DNDEBUG,wikimedia_wikipedia_mxbai,/home/yunchih/code/simsearch/python/out/local_query_embeddings_1024.parquet,/home/yunchih/code/simsearch/python/query_embeddings/combined.jsonl,313,1024,100,50,two_step_mf_RF50,158,0,0.000961,0.000631,0.003376,0.086723,0.001423,0.093966,0.25111553767168043,0.19047619047619047,313
0bbeb0653a569e5394ac94a502549b079f7a055c,meow1,AMD Ryzen 9 9950X 16-Core Processor,c++ (Ubuntu 15.2.0-4ubuntu4) 15.2.0,CMAKE_CXX_FLAGS:STRING= CMAKE_CXX_FLAGS_RELEASE:STRING=-O3 -DNDEBUG,wikimedia_wikipedia_mxbai,/home/yunchih/code/simsearch/python/out/local_query_embeddings_1024.parquet,/home/yunchih/code/simsearch/python/query_embeddings/combined.jsonl,313,1024,100,0,float32_avx2,159,0,0.0,0.0,0.0,0.0,0.0,0.012,1.0000000000000004,1.0,100
0bbeb0653a569e5394ac94a502549b079f7a055c,meow1,AMD Ryzen 9 9950X 16-Core Processor,c++ (Ubuntu 15.2.0-4ubuntu4) 15.2.0,CMAKE_CXX_FLAGS:STRING= CMAKE_CXX_FLAGS_RELEASE:STRING=-O3 -DNDEBUG,wikimedia_wikipedia_mxbai,/home/yunchih/code/simsearch/python/out/local_query_embeddings_1024.parquet,/home/yunchih/code/simsearch/python/query_embeddings/combined.jsonl,313,1024,100,0,binary,159,0,0.003507,0.000651,0.001012,0.0,0.0,0.005921,1.0000000000000004,1.0,100
0bbeb0653a569e5394ac94a502549b079f7a055c,meow1,AMD Ryzen 9 9950X 16-Core Processor,c++ (Ubuntu 15.2.0-4ubuntu4) 15.2.0,CMAKE_CXX_FLAGS:STRING= CMAKE_CXX_FLAGS_RELEASE:STRING=-O3 -DNDEBUG,wikimedia_wikipedia_mxbai,/home/yunchih/code/simsearch/python/out/local_query_embeddings_1024.parquet,/home/yunchih/code/simsearch/python/query_embeddings/combined.jsonl,313,1024,100,10,two_step_RF10,159,0,0.003166,0.000622,0.003386,0.011511,0.001423,0.02111,0.25111553767168043,0.19047619047619047,313
0bbeb0653a569e5394ac94a502549b079f7a055c,meow1,AMD Ryzen 9 9950X 16-Core Processor,c++ (Ubuntu 15.2.0-4ubuntu4) 15.2.0,CMAKE_CXX_FLAGS:STRING= CMAKE_CXX_FLAGS_RELEASE:STRING=-O3 -DNDEBUG,wikimedia_wikipedia_mxbai,/home/yunchih/code/simsearch/python/out/local_query_embeddings_1024.parquet,/home/yunchih/code/simsearch/python/query_embeddings/combined.jsonl,313,1024,100,50,two_step_RF50,159,0,0.000861,0.000682,0.003366,0.011822,0.001443,0.019206,0.25111553767168043,0.19047619047619047,313
0bbeb0653a569e5394ac94a502549b079f7a055c,meow1,AMD Ryzen 9 9950X 16-Core Processor,c++ (Ubuntu 15.2.0-4ubuntu4) 15.2.0,CMAKE_CXX_FLAGS:STRING= CMAKE_CXX_FLAGS_RELEASE:STRING=-O3 -DNDEBUG,wikimedia_wikipedia_mxbai,/home/yunchih/code/simsearch/python/out/local_query_embeddings_1024.parquet,/home/yunchih/code/simsearch/python/query_embeddings/combined.jsonl,313,1024,100,10,two_step_mf_RF10,159,0,0.003116,0.000681,0.003377,0.087735,0.001383,0.097253,0.25111553767168043,0.19047619047619047,313
0bbeb0653a569e5394ac94a502549b079f7a055c,meow1,AMD Ryzen 9 9950X 16-Core Processor,c++ (Ubuntu 15.2.0-4ubuntu4) 15.2.0,CMAKE_CXX_FLAGS:STRING= CMAKE_CXX_FLAGS_RELEASE:STRING=-O3 -DNDEBUG,wikimedia_wikipedia_mxbai,/home/yunchih/code/simsearch/python/out/local_query_embeddings_1024.parquet,/home/yunchih/code/simsearch/python/query_embeddings/combined.jsonl,313,1024,100,50,two_step_mf_RF50,159,0,0.001102,0.000651,0.003387,0.086743,0.001403,0.094187,0.25111553767168043,0.19047619047619047,313
0bbeb0653a569e5394ac94a502549b079f7a055c,meow1,AMD Ryzen 9 9950X 16-Core Processor,c++ (Ubuntu 15.2.0-4ubuntu4) 15.2.0,CMAKE_CXX_FLAGS:STRING= CMAKE_CXX_FLAGS_RELEASE:STRING=-O3 -DNDEBUG,wikimedia_wikipedia_mxbai,/home/yunchih/code/simsearch/python/out/local_query_embeddings_1024.parquet,/home/yunchih/code/simsearch/python/query_embeddings/combined.jsonl,313,1024,100,0,float32_avx2,160,0,0.0,0.0,0.0,0.0,0.0,0.012,1.0000000000000004,1.0,100
0bbeb0653a569e5394ac94a502549b079f7a055c,meow1,AMD Ryzen 9 9950X 16-Core Processor,c++ (Ubuntu 15.2.0-4ubuntu4) 15.2.0,CMAKE_CXX_FLAGS:STRING= CMAKE_CXX_FLAGS_RELEASE:STRING=-O3 -DNDEBUG,wikimedia_wikipedia_mxbai,/home/yunchih/code/simsearch/python/out/local_query_embeddings_1024.parquet,/home/yunchih/code/simsearch/python/query_embeddings/combined.jsonl,313,1024,100,0,binary,160,0,0.003426,0.000651,0.001041,0.0,0.0,0.005811,1.0000000000000004,1.0,100
0bbeb0653a569e5394ac94a502549b079f7a055c,meow1,AMD Ryzen 9 9950X 16-Core Processor,c++ (Ubuntu 15.2.0-4ubuntu4) 15.2.0,CMAKE_CXX_FLAGS:STRING= CMAKE_CXX_FLAGS_RELEASE:STRING=-O3 -DNDEBUG,wikimedia_wikipedia_mxbai,/home/yunchih/code/simsearch/python/out/local_query_embeddings_1024.parquet,/home/yunchih/code/simsearch/python/query_embeddings/combined.jsonl,313,1024,100,10,two_step_RF10,160,0,0.003096,0.000611,0.003386,0.011571,0.001342,0.020999,0.25111553767168043,0.19047619047619047,313
0bbeb0653a569e5394ac94a502549b079f7a055c,meow1,AMD Ryzen 9 9950X 16-Core Processor,c++ (Ubuntu 15.2.0-4ubuntu4) 15.2.0,CMAKE_CXX_FLAGS:STRING= CMAKE_CXX_FLAGS_RELEASE:STRING=-O3 -DNDEBUG,wikimedia_wikipedia_mxbai,/home/yunchih/code/simsearch/python/out/local_query_embeddings_1024.parquet,/home/yunchih/code/simsearch/python/query_embeddings/combined.jsonl,313,1024,100,50,two_step_RF50,160,0,0.000711,0.000682,0.003386,0.011381,0.001443,0.018615,0.25111553767168043,0.19047619047619047,313
0bbeb0653a569e5394ac94a502549b079f7a055c,meow1,AMD Ryzen 9 9950X 16-Core Processor,c++ (Ubuntu 15.2.0-4ubuntu4) 15.2.0,CMAKE_CXX_FLAGS:STRING= CMAKE_CXX_FLAGS_RELEASE:STRING=-O3 -DNDEBUG,wikimedia_wikipedia_mxbai,/home/yunchih/code/simsearch/python/out/local_query_embeddings_1024.parquet,/home/yunchih/code/simsearch/python/query_embeddings/combined.jsonl,313,1024,100,10,two_step_mf_RF10,160,0,0.003256,0.000661,0.003377,0.087434,0.001393,0.097062,0.25111553767168043,0.19047619047619047,313
0bbeb0653a569e5394ac94a502549b079f7a055c,meow1,AMD Ryzen 9 9950X 16-Core Processor,c++ (Ubuntu 15.2.0-4ubuntu4) 15.2.0,CMAKE_CXX_FLAGS:STRING= CMAKE_CXX_FLAGS_RELEASE:STRING=-O3 -DNDEBUG,wikimedia_wikipedia_mxbai,/home/yunchih/code/simsearch/python/out/local_query_embeddings_1024.parquet,/home/yunchih/code/simsearch/python/query_embeddings/combined.jsonl,313,1024,100,50,two_step_mf_RF50,160,0,0.000992,0.000631,0.003436,0.086723,0.001372,0.094016,0.25111553767168043,0.19047619047619047,313
0bbeb0653a569e5394ac94a502549b079f7a055c,meow1,AMD Ryzen 9 9950X 16-Core Processor,c++ (Ubuntu 15.2.0-4ubuntu4) 15.2.0,CMAKE_CXX_FLAGS:STRING= CMAKE_CXX_FLAGS_RELEASE:STRING=-O3 -DNDEBUG,wikimedia_wikipedia_mxbai,/home/yunchih/code/simsearch/python/out/local_query_embeddings_1024.parquet,/home/yunchih/code/simsearch/python/query_embeddings/combined.jsonl,313,1024,100,0,float32_avx2,161,0,0.0,0.0,0.0,0.0,0.0,0.012,1.0000000000000004,1.0,100
0bbeb0653a569e5394ac94a502549b079f7a055c,meow1,AMD Ryzen 9 9950X 16-Core Processor,c++ (Ubuntu 15.2.0-4ubuntu4) 15.2.0,CMAKE_CXX_FLAGS:STRING= CMAKE_CXX_FLAGS_RELEASE:STRING=-O3 -DNDEBUG,wikimedia_wikipedia_mxbai,/home/yunchih/code/simsearch/python/out/local_query_embeddings_1024.parquet,/home/yunchih/code/simsearch/python/query_embeddings/combined.jsonl,313,1024,100,0,binary,161,0,0.003516,0.000652,0.001022,0.0,0.0,0.005941,1.0000000000000004,1.0,100
0bbeb0653a569e5394ac94a502549b079f7a055c,meow1,AMD Ryzen 9 9950X 16-Core Processor,c++ (Ubuntu 15.2.0-4ubuntu4) 15.2.0,CMAKE_CXX_FLAGS:STRING= CMAKE_CXX_FLAGS_RELEASE:STRING=-O3 -DNDEBUG,wikimedia_wikipedia_mxbai,/home/yunchih/code/simsearch/python/out/local_query_embeddings_1024.parquet,/home/yunchih/code/simsearch/python/query_embeddings/combined.jsonl,313,1024,100,10,two_step_RF10,161,0,0.003276,0.000621,0.003386,0.011612,0.001422,0.02133,0.25111553767168043,0.19047619047619047,313
0bbeb0653a569e5394ac94a502549b079f7a055c,meow1,AMD Ryzen 9 9950X 16-Core Processor,c++ (Ubuntu 15.2.0-4ubuntu4) 15.2.0,CMAKE_CXX_FLAGS:STRING= CMAKE_CXX_FLAGS_RELEASE:STRING=-O3 -DNDEBUG,wikimedia_wikipedia_mxbai,/home/yunchih/code/simsearch/python/out/local_query_embeddings_1024.parquet,/home/yunchih/code/simsearch/python/query_embeddings/combined.jsonl,313,1024,100,50,two_step_RF50,161,0,0.000971,0.000661,0.003416,0.011461,0.001453,0.019036,0.25111553767168043,0.19047619047619047,313
0bbeb0653a569e5394ac94a502549b079f7a055c,meow1,AMD Ryzen 9 9950X 16-Core Processor,c++ (Ubuntu 15.2.0-4ubuntu4) 15.2.0,CMAKE_CXX_FLAGS:STRING= CMAKE_CXX_FLAGS_RELEASE:STRING=-O3 -DNDEBUG,wikimedia_wikipedia_mxbai,/home/yunchih/code/simsearch/python/out/local_query_embeddings_1024.parquet,/home/yunchih/code/simsearch/python/query_embeddings/combined.jsonl,313,1024,100,10,two_step_mf_RF10,161,0,0.003106,0.000641,0.003407,0.087565,0.001402,0.097073,0.25111553767168043,0.19047619047619047,313
0bbeb0653a569e5394ac94a502549b079f7a055c,meow1,AMD Ryzen 9 9950X 16-Core Processor,c++ (Ubuntu 15.2.0-4ubuntu4) 15.2.0,CMAKE_CXX_FLAGS:STRING= CMAKE_CXX_FLAGS_RELEASE:STRING=-O3 -DNDEBUG,wikimedia_wikipedia_mxbai,/home/yunchih/code/simsearch/python/out/local_query_embeddings_1024.parquet,/home/yunchih/code/simsearch/python/query_embeddings/combined.jsonl,313,1024,100,50,two_step_mf_RF50,161,0,0.000972,0.000611,0.003396,0.086883,0.001362,0.094107,0.25111553767168043,0.19047619047619047,313
0bbeb0653a569e5394ac94a502549b079f7a055c,meow1,AMD Ryzen 9 9950X 16-Core Processor,c++ (Ubuntu 15.2.0-4ubuntu4) 15.2.0,CMAKE_CXX_FLAGS:STRING= CMAKE_CXX_FLAGS_RELEASE:STRING=-O3 -DNDEBUG,wikimedia_wikipedia_mxbai,/home/yunchih/code/simsearch/python/out/local_query_embeddings_1024.parquet,/home/yunchih/code/simsearch/python/query_embeddings/combined.jsonl,313,1024,100,0,float32_avx2,162,0,0.0,0.0,0.0,0.0,0.0,0.012,1.0000000000000004,1.0,100
0bbeb0653a569e5394ac94a502549b079f7a055c,meow1,AMD Ryzen 9 9950X 16-Core Processor,c++ (Ubuntu 15.2.0-4ubuntu4) 15.2.0,CMAKE_CXX_FLAGS:STRING= CMAKE_CXX_FLAGS_RELEASE:STRING=-O3 -DNDEBUG,wikimedia_wikipedia_mxbai,/home/yunchih/code/simsearch/python/out/local_query_embeddings_1024.parquet,/home/yunchih/code/simsearch/python/query_embeddings/combined.jsonl,313,1024,100,0,binary,162,0,0.003537,0.000651,0.001012,0.0,0.0,0.005891,1.0000000000000004,1.0,100
0bbeb0653a569e5394ac94a502549b079f7a055c,meow1,AMD Ryzen 9 9950X 16-Core Processor,c++ (Ubuntu 15.2.0-4ubuntu4) 15.2.0,CMAKE_CXX_FLAGS:STRING= CMAKE_CXX_FLAGS_RELEASE:STRING=-O3 -DNDEBUG,wikimedia_wikipedia_mxbai,/home/yunchih/code/simsearch/python/out/local_query_embeddings_1024.parquet,/home/yunchih/code/simsearch/python/query_embeddings/combined.jsonl,313,1024,100,10,two_step_RF10,162,0,0.003297,0.000621,0.003396,0.011491,0.001453,0.02122,0.25111553767168043,0.19047619047619047,313
0bbeb0653a569e5394ac94a502549b079f7a055c,meow1,AMD Ryzen 9 9950X 16-Core Processor,c++ (Ubuntu 15.2.0-4ubuntu4) 15.2.0,CMAKE_CXX_FLAGS:STRING= CMAKE_CXX_FLAGS_RELEASE:STRING=-O3 -DNDEBUG,wikimedia_wikipedia_mxbai,/home/yunchih/code/simsearch/python/out/local_query_embeddings_1024.parquet,/home/yunchih/code/simsearch/python/query_embeddings/combined.jsonl,313,1024,100,50,two_step_RF50,162,0,0.000672,0.000661,0.003416,0.011381,0.001413,0.018565,0.25111553767168043,0.19047619047619047,313
0bbeb0653a569e5394ac94a502549b079f7a055c,meow1,AMD Ryzen 9 9950X 16-Core Processor,c++ (Ubuntu 15.2.0-4ubuntu4) 15.2.0,CMAKE_CXX_FLAGS:STRING= CMAKE_CXX_FLAGS_RELEASE:STRING=-O3 -DNDEBUG,wikimedia_wikipedia_mxbai,/home/yunchih/code/simsearch/python/out/local_query_embeddings_1024.parquet,/home/yunchih/code/simsearch/python/query_embeddings/combined.jsonl,313,1024,100,10,two_step_mf_RF10,162,0,0.003266,0.000672,0.003376,0.089488,0.001352,0.099106,0.25111553767168043,0.19047619047619047,313
0bbeb0653a569e5394ac94a502549b079f7a055c,meow1,AMD Ryzen 9 9950X 16-Core Processor,c++ (Ubuntu 15.2.0-4ubuntu4) 15.2.0,CMAKE_CXX_FLAGS:STRING= CMAKE_CXX_FLAGS_RELEASE:STRING=-O3 -DNDEBUG,wikimedia_wikipedia_mxbai,/home/yunchih/code/simsearch/python/out/local_query_embeddings_1024.parquet,/home/yunchih/code/simsearch/python/query_embeddings/combined.jsonl,313,1024,100,50,two_step_mf_RF50,162,0,0.001042,0.000671,0.003387,0.086713,0.001423,0.094067,0.25111553767168043,0.19047619047619047,313
0bbeb0653a569e5394ac94a502549b079f7a055c,meow1,AMD Ryzen 9 9950X 16-Core Processor,c++ (Ubuntu 15.2.0-4ubuntu4) 15.2.0,CMAKE_CXX_FLAGS:STRING= CMAKE_CXX_FLAGS_RELEASE:STRING=-O3 -DNDEBUG,wikimedia_wikipedia_mxbai,/home/yunchih/code/simsearch/python/out/local_query_embeddings_1024.parquet,/home/yunchih/code/simsearch/python/query_embeddings/combined.jsonl,313,1024,100,0,float32_avx2,163,0,0.0,0.0,0.0,0.0,0.0,0.012,1.0000000000000004,1.0,100
0bbeb0653a569e5394ac94a502549b079f7a055c,meow1,AMD Ryzen 9 9950X 16-Core Processor,c++ (Ubuntu 15.2.0-4ubuntu4) 15.2.0,CMAKE_CXX_FLAGS:STRING= CMAKE_CXX_FLAGS_RELEASE:STRING=-O3 -DNDEBUG,wikimedia_wikipedia_mxbai,/home/yunchih/code/simsearch/python/out/local_query_embeddings_1024.parquet,/home/yunchih/code/simsearch/python/query_embeddings/combined.jsonl,313,1024,100,0,binary,163,0,0.003356,0.000652,0.001022,0.0,0.0,0.005771,1.0000000000000004,1.0,100
0bbeb0653a569e5394ac94a502549b079f7a055c,meow1,AMD Ryzen 9 9950X 16-Core Processor,c++ (Ubuntu 15.2.0-4ubuntu4) 15.2.0,CMAKE_CXX_FLAGS:STRING= CMAKE_CXX_FLAGS_RELEASE:STRING=-O3 -DNDEBUG,wikimedia_wikipedia_mxbai,/home/yunchih/code/simsearch/python/out/local_query_embeddings_1024.parquet,/home/yunchih/code/simsearch/python/query_embeddings/combined.jsonl,313,1024,100,10,two_step_RF10,163,0,0.003086,0.000631,0.003387,0.011572,0.001393,0.02111,0.25111553767168043,0.19047619047619047,313
0bbeb0653a569e5394ac94a502549b079f7a055c,meow1,AMD Ryzen 9 9950X 16-Core Processor,c++ (Ubuntu 15.2.0-4ubuntu4) 15.2.0,CMAKE_CXX_FLAGS:STRING= CMAKE_CXX_FLAGS_RELEASE:STRING=-O3 -DNDEBUG,wikimedia_wikipedia_mxbai,/home/yunchih/code/simsearch/python/out/local_query_embeddings_1024.parquet,/home/yunchih/code/simsearch/python/query_embeddings/combined.jsonl,313,1024,100,50,two_step_RF50,163,0,0.000841,0.000682,0.003396,0.011421,0.001423,0.018825,0.25111553767168043,0.19047619047619047,313
0bbeb0653a569e5394ac94a502549b079f7a055c,meow1,AMD Ryzen 9 9950X 16-Core Processor,c++ (Ubuntu 15.2.0-4ubuntu4) 15.2.0,CMAKE_CXX_FLAGS:STRING= CMAKE_CXX_FLAGS_RELEASE:STRING=-O3 -DNDEBUG,wikimedia_wikipedia_mxbai,/home/yunchih/code/simsearch/python/out/local_query_embeddings_1024.parquet,/home/yunchih/code/simsearch/python/query_embeddings/combined.jsonl,313,1024,100,10,two_step_mf_RF10,163,0,0.003266,0.000661,0.003377,0.087364,0.001383,0.097032,0.25111553767168043,0.19047619047619047,313
0bbeb0653a569e5394ac94a502549b079f7a055c,meow1,AMD Ryzen 9 9950X 16-Core Processor,c++ (Ubuntu 15.2.0-4ubuntu4) 15.2.0,CMAKE_CXX_FLAGS:STRING= CMAKE_CXX_FLAGS_RELEASE:STRING=-O3 -DNDEBUG,wikimedia_wikipedia_mxbai,/home/yunchih/code/simsearch/python/out/local_query_embeddings_1024.parquet,/home/yunchih/code/simsearch/python/query_embeddings/combined.jsonl,313,1024,100,50,two_step_mf_RF50,163,0,0.000962,0.000631,0.003396,0.086652,0.001383,0.093916,0.25111553767168043,0.19047619047619047,313
0bbeb0653a569e5394ac94a502549b079f7a055c,meow1,AMD Ryzen 9 9950X 16-Core Processor,c++ (Ubuntu 15.2.0-4ubuntu4) 15.2.0,CMAKE_CXX_FLAGS:STRING= CMAKE_CXX_FLAGS_RELEASE:STRING=-O3 -DNDEBUG,wikimedia_wikipedia_mxbai,/home/yunchih/code/simsearch/python/out/local_query_embeddings_1024.parquet,/home/yunchih/code/simsearch/python/query_embeddings/combined.jsonl,313,1024,100,0,float32_avx2,164,0,0.0,0.0,0.0,0.0,0.0,0.011,1.0000000000000004,1.0,100
0bbeb0653a569e5394ac94a502549b079f7a055c,meow1,AMD Ryzen 9 9950X 16-Core Processor,c++ (Ubuntu 15.2.0-4ubuntu4) 15.2.0,CMAKE_CXX_FLAGS:STRING= CMAKE_CXX_FLAGS_RELEASE:STRING=-O3 -DNDEBUG,wikimedia_wikipedia_mxbai,/home/yunchih/code/simsearch/python/out/local_query_embeddings_1024.parquet,/home/yunchih/code/simsearch/python/query_embeddings/combined.jsonl,313,1024,100,0,binary,164,0,0.003466,0.000642,0.001042,0.0,0.0,0.005851,1.0000000000000004,1.0,100
0bbeb0653a569e5394ac94a502549b079f7a055c,meow1,AMD Ryzen 9 9950X 16-Core Processor,c++ (Ubuntu 15.2.0-4ubuntu4) 15.2.0,CMAKE_CXX_FLAGS:STRING= CMAKE_CXX_FLAGS_RELEASE:STRING=-O3 -DNDEBUG,wikimedia_wikipedia_mxbai,/home/yunchih/code/simsearch/python/out/local_query_embeddings_1024.parquet,/home/yunchih/code/simsearch/python/query_embeddings/combined.jsonl,313,1024,100,10,two_step_RF10,164,0,0.003236,0.000632,0.003366,0.011712,0.001412,0.02134,0.25111553767168043,0.19047619047619047,313
0bbeb0653a569e5394ac94a502549b079f7a055c,meow1,AMD Ryzen 9 9950X 16-Core Processor,c++ (Ubuntu 15.2.0-4ubuntu4) 15.2.0,CMAKE_CXX_FLAGS:STRING= CMAKE_CXX_FLAGS_RELEASE:STRING=-O3 -DNDEBUG,wikimedia_wikipedia_mxbai,/home/yunchih/code/simsearch/python/out/local_query_embeddings_1024.parquet,/home/yunchih/code/simsearch/python/query_embeddings/combined.jsonl,313,1024,100,50,two_step_RF50,164,0,0.000692,0.000701,0.003427,0.011442,0.001432,0.018716,0.25111553767168043,0.19047619047619047,313
0bbeb0653a569e5394ac94a502549b079f7a055c,meow1,AMD Ryzen 9 9950X 16-Core Processor,c++ (Ubuntu 15.2.0-4ubuntu4) 15.2.0,CMAKE_CXX_FLAGS:STRING= CMAKE_CXX_FLAGS_RELEASE:STRING=-O3 -DNDEBUG,wikimedia_wikipedia_mxbai,/home/yunchih/code/simsearch/python/out/local_query_embeddings_1024.parquet,/home/yunchih/code/simsearch/python/query_embeddings/combined.jsonl,313,1024,100,10,two_step_mf_RF10,164,0,0.003186,0.000662,0.003376,0.087344,0.001412,0.096902,0.25111553767168043,0.19047619047619047,313
0bbeb0653a569e5394ac94a502549b079f7a055c,meow1,AMD Ryzen 9 9950X 16-Core Processor,c++ (Ubuntu 15.2.0-4ubuntu4) 15.2.0,CMAKE_CXX_FLAGS:STRING= CMAKE_CXX_FLAGS_RELEASE:STRING=-O3 -DNDEBUG,wikimedia_wikipedia_mxbai,/home/yunchih/code/simsearch/python/out/local_query_embeddings_1024.parquet,/home/yunchih/code/simsearch/python/query_embeddings/combined.jsonl,313,1024,100,50,two_step_mf_RF50,164,0,0.000962,0.000651,0.003397,0.086713,0.001362,0.093947,0.25111553767168043,0.19047619047619047,313
0bbeb0653a569e5394ac94a502549b079f7a055c,meow1,AMD Ryzen 9 9950X 16-Core Processor,c++ (Ubuntu 15.2.0-4ubuntu4) 15.2.0,CMAKE_CXX_FLAGS:STRING= CMAKE_CXX_FLAGS_RELEASE:STRING=-O3 -DNDEBUG,wikimedia_wikipedia_mxbai,/home/yunchih/code/simsearch/python/out/local_query_embeddings_1024.parquet,/home/yunchih/code/simsearch/python/query_embeddings/combined.jsonl,313,1024,100,0,float32_avx2,165,0,0.0,0.0,0.0,0.0,0.0,0.012,1.0000000000000004,1.0,100
0bbeb0653a569e5394ac94a502549b079f7a055c,meow1,AMD Ryzen 9 9950X 16-Core Processor,c++ (Ubuntu 15.2.0-4ubuntu4) 15.2.0,CMAKE_CXX_FLAGS:STRING= CMAKE_CXX_FLAGS_RELEASE:STRING=-O3 -DNDEBUG,wikimedia_wikipedia_mxbai,/home/yunchih/code/simsearch/python/out/local_query_embeddings_1024.parquet,/home/yunchih/code/simsearch/python/query_embeddings/combined.jsonl,313,1024,100,0,binary,165,0,0.003416,0.000642,0.001031,0.0,0.0,0.005821,1.0000000000000004,1.0,100
0bbeb0653a569e5394ac94a502549b079f7a055c,meow1,AMD Ryzen 9 9950X 16-Core Processor,c++ (Ubuntu 15.2.0-4ubuntu4) 15.2.0,CMAKE_CXX_FLAGS:STRING= CMAKE_CXX_FLAGS_RELEASE:STRING=-O3 -DNDEBUG,wikimedia_wikipedia_mxbai,/home/yunchih/code/simsearch/python/out/local_query_embeddings_1024.parquet,/home/yunchih/code/simsearch/python/query_embeddings/combined.jsonl,313,1024,100,10,two_step_RF10,165,0,0.003216,0.000621,0.003377,0.011512,0.001473,0.02119,0.25111553767168043,0.19047619047619047,313
0bbeb0653a569e5394ac94a502549b079f7a055c,meow1,AMD Ryzen 9 9950X 16-Core Processor,c++ (Ubuntu 15.2.0-4ubuntu4) 15.2.0,CMAKE_CXX_FLAGS:STRING= CMAKE_CXX_FLAGS_RELEASE:STRING=-O3 -DNDEBUG,wikimedia_wikipedia_mxbai,/home/yunchih/code/simsearch/python/out/local_query_embeddings_1024.parquet,/home/yunchih/code/simsearch/python/query_embeddings/combined.jsonl,313,1024,100,50,two_step_RF50,165,0,0.000771,0.000662,0.003416,0.011401,0.001383,0.018695,0.25111553767168043,0.19047619047619047,313
0bbeb0653a569e5394ac94a502549b079f7a055c,meow1,AMD Ryzen 9 9950X 16-Core Processor,c++ (Ubuntu 15.2.0-4ubuntu4) 15.2.0,CMAKE_CXX_FLAGS:STRING= CMAKE_CXX_FLAGS_RELEASE:STRING=-O3 -DNDEBUG,wikimedia_wikipedia_mxbai,/home/yunchih/code/simsearch/python/out/local_query_embeddings_1024.parquet,/home/yunchih/code/simsearch/python/query_embeddings/combined.jsonl,313,1024,100,10,two_step_mf_RF10,165,0,0.003276,0.000671,0.003387,0.087424,0.001423,0.097152,0.25111553767168043,0.19047619047619047,313
0bbeb0653a569e5394ac94a502549b079f7a055c,meow1,AMD Ryzen 9 9950X 16-Core Processor,c++ (Ubuntu 15.2.0-4ubuntu4) 15.2.0,CMAKE_CXX_FLAGS:STRING= CMAKE_CXX_FLAGS_RELEASE:STRING=-O3 -DNDEBUG,wikimedia_wikipedia_mxbai,/home/yunchih/code/simsearch/python/out/local_query_embeddings_1024.parquet,/home/yunchih/code/simsearch/python/query_embeddings/combined.jsonl,313,1024,100,50,two_step_mf_RF50,165,0,0.000992,0.000641,0.003396,0.088697,0.001423,0.096031,0.25111553767168043,0.19047619047619047,313
0bbeb0653a569e5394ac94a502549b079f7a055c,meow1,AMD Ryzen 9 9950X 16-Core Processor,c++ (Ubuntu 15.2.0-4ubuntu4) 15.2.0,CMAKE_CXX_FLAGS:STRING= CMAKE_CXX_FLAGS_RELEASE:STRING=-O3 -DNDEBUG,wikimedia_wikipedia_mxbai,/home/yunchih/code/simsearch/python/out/local_query_embeddings_1024.parquet,/home/yunchih/code/simsearch/python/query_embeddings/combined.jsonl,313,1024,100,0,float32_avx2,166,0,0.0,0.0,0.0,0.0,0.0,0.012,1.0000000000000004,1.0,100
0bbeb0653a569e5394ac94a502549b079f7a055c,meow1,AMD Ryzen 9 9950X 16-Core Processor,c++ (Ubuntu 15.2.0-4ubuntu4) 15.2.0,CMAKE_CXX_FLAGS:STRING= CMAKE_CXX_FLAGS_RELEASE:STRING=-O3 -DNDEBUG,wikimedia_wikipedia_mxbai,/home/yunchih/code/simsearch/python/out/local_query_embeddings_1024.parquet,/home/yunchih/code/simsearch/python/query_embeddings/combined.jsonl,313,1024,100,0,binary,166,0,0.003516,0.000631,0.001062,0.0,0.0,0.005942,1.0000000000000004,1.0,100
0bbeb0653a569e5394ac94a502549b079f7a055c,meow1,AMD Ryzen 9 9950X 16-Core Processor,c++ (Ubuntu 15.2.0-4ubuntu4) 15.2.0,CMAKE_CXX_FLAGS:STRING= CMAKE_CXX_FLAGS_RELEASE:STRING=-O3 -DNDEBUG,wikimedia_wikipedia_mxbai,/home/yunchih/code/simsearch/python/out/local_query_embeddings_1024.parquet,/home/yunchih/code/simsearch/python/query_embeddings/combined.jsonl,313,1024,100,10,two_step_RF10,166,0,0.003176,0.000631,0.003397,0.011572,0.001443,0.02118,0.25111553767168043,0.19047619047619047,313
0bbeb0653a569e5394ac94a502549b079f7a055c,meow1,AMD Ryzen 9 9950X 16-Core Processor,c++ (Ubuntu 15.2.0-4ubuntu4) 15.2.0,CMAKE_CXX_FLAGS:STRING= CMAKE_CXX_FLAGS_RELEASE:STRING=-O3 -DNDEBUG,wikimedia_wikipedia_mxbai,/home/yunchih/code/simsearch/python/out/local_query_embeddings_1024.parquet,/home/yunchih/code/simsearch/python/query_embeddings/combined.jsonl,313,1024,100,50,two_step_RF50,166,0,0.000961,0.000651,0.003416,0.011371,0.001443,0.018855,0.25111553767168043,0.19047619047619047,313
0bbeb0653a569e5394ac94a502549b079f7a055c,meow1,AMD Ryzen 9 9950X 16-Core Processor,c++ (Ubuntu 15.2.0-4ubuntu4) 15.2.0,CMAKE_CXX_FLAGS:STRING= CMAKE_CXX_FLAGS_RELEASE:STRING=-O3 -DNDEBUG,wikimedia_wikipedia_mxbai,/home/yunchih/code/simsearch/python/out/local_query_embeddings_1024.parquet,/home/yunchih/code/simsearch/python/query_embeddings/combined.jsonl,313,1024,100,10,two_step_mf_RF10,166,0,0.003286,0.000641,0.003387,0.087535,0.001422,0.097242,0.25111553767168043,0.19047619047619047,313
0bbeb0653a569e5394ac94a502549b079f7a055c,meow1,AMD Ryzen 9 9950X 16-Core Processor,c++ (Ubuntu 15.2.0-4ubuntu4) 15.2.0,CMAKE_CXX_FLAGS:STRING= CMAKE_CXX_FLAGS_RELEASE:STRING=-O3 -DNDEBUG,wikimedia_wikipedia_mxbai,/home/yunchih/code/simsearch/python/out/local_query_embeddings_1024.parquet,/home/yunchih/code/simsearch/python/query_embeddings/combined.jsonl,313,1024,100,50,two_step_mf_RF50,166,0,0.001112,0.000611,0.003396,0.086884,0.001422,0.094278,0.25111553767168043,0.19047619047619047,313
0bbeb0653a569e5394ac94a502549b079f7a055c,meow1,AMD Ryzen 9 9950X 16-Core Processor,c++ (Ubuntu 15.2.0-4ubuntu4) 15.2.0,CMAKE_CXX_FLAGS:STRING= CMAKE_CXX_FLAGS_RELEASE:STRING=-O3 -DNDEBUG,wikimedia_wikipedia_mxbai,/home/yunchih/code/simsearch/python/out/local_query_embeddings_1024.parquet,/home/yunchih/code/simsearch/python/query_embeddings/combined.jsonl,313,1024,100,0,float32_avx2,167,0,0.0,0.0,0.0,0.0,0.0,0.012,1.0000000000000004,1.0,100
0bbeb0653a569e5394ac94a502549b079f7a055c,meow1,AMD Ryzen 9 9950X 16-Core Processor,c++ (Ubuntu 15.2.0-4ubuntu4) 15.2.0,CMAKE_CXX_FLAGS:STRING= CMAKE_CXX_FLAGS_RELEASE:STRING=-O3 -DNDEBUG,wikimedia_wikipedia_mxbai,/home/yunchih/code/simsearch/python/out/local_query_embeddings_1024.parquet,/home/yunchih/code/simsearch/python/query_embeddings/combined.jsonl,313,1024,100,0,binary,167,0,0.003466,0.000652,0.001042,0.0,0.0,0.005881,1.0000000000000004,1.0,100
0bbeb0653a569e5394ac94a502549b079f7a055c,meow1,AMD Ryzen 9 9950X 16-Core Processor,c++ (Ubuntu 15.2.0-4ubuntu4) 15.2.0,CMAKE_CXX_FLAGS:STRING= CMAKE_CXX_FLAGS_RELEASE:STRING=-O3 -DNDEBUG,wikimedia_wikipedia_mxbai,/home/yunchih/code/simsearch/python/out/local_query_embeddings_1024.parquet,/home/yunchih/code/simsearch/python/query_embeddings/combined.jsonl,313,1024,100,10,two_step_RF10,167,0,0.003126,0.000631,0.003346,0.013886,0.001453,0.023444,0.25111553767168043,0.19047619047619047,313
0bbeb0653a569e5394ac94a502549b079f7a055c,meow1,AMD Ryzen 9 9950X 16-Core Processor,c++ (Ubuntu 15.2.0-4ubuntu4) 15.2.0,CMAKE_CXX_FLAGS:STRING= CMAKE_CXX_FLAGS_RELEASE:STRING=-O3 -DNDEBUG,wikimedia_wikipedia_mxbai,/home/yunchih/code/simsearch/python/out/local_query_embeddings_1024.parquet,/home/yunchih/code/simsearch/python/query_embeddings/combined.jsonl,313,1024,100,50,two_step_RF50,167,0,0.000811,0.000651,0.003396,0.011532,0.001462,0.018945,0.25111553767168043,0.19047619047619047,313
0bbeb0653a569e5394ac94a502549b079f7a055c,meow1,AMD Ryzen 9 9950X 16-Core Processor,c++ (Ubuntu 15.2.0-4ubuntu4) 15.2.0,CMAKE_CXX_FLAGS:STRING= CMAKE_CXX_FLAGS_RELEASE:STRING=-O3 -DNDEBUG,wikimedia_wikipedia_mxbai,/home/yunchih/code/simsearch/python/out/local_query_embeddings_1024.parquet,/home/yunchih/code/simsearch/python/query_embeddings/combined.jsonl,313,1024,100,10,two_step_mf_RF10,167,0,0.003076,0.000651,0.003386,0.087634,0.001373,0.097052,0.25111553767168043,0.19047619047619047,313
0bbeb0653a569e5394ac94a502549b079f7a055c,meow1,AMD Ryzen 9 9950X 16-Core Processor,c++ (Ubuntu 15.2.0-4ubuntu4) 15.2.0,CMAKE_CXX_FLAGS:STRING= CMAKE_CXX_FLAGS_RELEASE:STRING=-O3 -DNDEBUG,wikimedia_wikipedia_mxbai,/home/yunchih/code/simsearch/python/out/local_query_embeddings_1024.parquet,/home/yunchih/code/simsearch/python/query_embeddings/combined.jsonl,313,1024,100,50,two_step_mf_RF50,167,0,0.001052,0.000641,0.003407,0.086883,0.001363,0.094217,0.25111553767168043,0.19047619047619047,313
0bbeb0653a569e5394ac94a502549b079f7a055c,meow1,AMD Ryzen 9 9950X 16-Core Processor,c++ (Ubuntu 15.2.0-4ubuntu4) 15.2.0,CMAKE_CXX_FLAGS:STRING= CMAKE_CXX_FLAGS_RELEASE:STRING=-O3 -DNDEBUG,wikimedia_wikipedia_mxbai,/home/yunchih/code/simsearch/python/out/local_query_embeddings_1024.parquet,/home/yunchih/code/simsearch/python/query_embeddings/combined.jsonl,313,1024,100,0,float32_avx2,168,0,0.0,0.0,0.0,0.0,0.0,0.012,1.0000000000000004,1.0,100
0bbeb0653a569e5394ac94a502549b079f7a055c,meow1,AMD Ryzen 9 9950X 16-Core Processor,c++ (Ubuntu 15.2.0-4ubuntu4) 15.2.0,CMAKE_CXX_FLAGS:STRING= CMAKE_CXX_FLAGS_RELEASE:STRING=-O3 -DNDEBUG,wikimedia_wikipedia_mxbai,/home/yunchih/code/simsearch/python/out/local_query_embeddings_1024.parquet,/home/yunchih/code/simsearch/python/query_embeddings/combined.jsonl,313,1024,100,0,binary,168,0,0.003427,0.000661,0.001052,0.0,0.0,0.005851,1.0000000000000004,1.0,100
0bbeb0653a569e5394ac94a502549b079f7a055c,meow1,AMD Ryzen 9 9950X 16-Core Processor,c++ (Ubuntu 15.2.0-4ubuntu4) 15.2.0,CMAKE_CXX_FLAGS:STRING= CMAKE_CXX_FLAGS_RELEASE:STRING=-O3 -DNDEBUG,wikimedia_wikipedia_mxbai,/home/yunchih/code/simsearch/python/out/local_query_embeddings_1024.parquet,/home/yunchih/code/simsearch/python/query_embeddings/combined.jsonl,313,1024,100,10,two_step_RF10,168,0,0.003166,0.000612,0.003376,0.011682,0.001422,0.02123,0.25111553767168043,0.19047619047619047,313
0bbeb0653a569e5394ac94a502549b079f7a055c,meow1,AMD Ryzen 9 9950X 16-Core Processor,c++ (Ubuntu 15.2.0-4ubuntu4) 15.2.0,CMAKE_CXX_FLAGS:STRING= CMAKE_CXX_FLAGS_RELEASE:STRING=-O3 -DNDEBUG,wikimedia_wikipedia_mxbai,/home/yunchih/code/simsearch/python/out/local_query_embeddings_1024.parquet,/home/yunchih/code/simsearch/python/query_embeddings/combined.jsonl,313,1024,100,50,two_step_RF50,168,0,0.000932,0.000661,0.003416,0.011391,0.001433,0.018856,0.25111553767168043,0.19047619047619047,313
0bbeb0653a569e5394ac94a502549b079f7a055c,meow1,AMD Ryzen 9 9950X 16-Core Processor,c++ (Ubuntu 15.2.0-4ubuntu4) 15.2.0,CMAKE_CXX_FLAGS:STRING= CMAKE_CXX_FLAGS_RELEASE:STRING=-O3 -DNDEBUG,wikimedia_wikipedia_mxbai,/home/yunchih/code/simsearch/python/out/local_query_embeddings_1024.parquet,/home/yunchih/code/simsearch/python/query_embeddings/combined.jsonl,313,1024,100,10,two_step_mf_RF10,168,0,0.003296,0.000641,0.003367,0.087595,0.001412,0.097243,0.25111553767168043,0.19047619047619047,313
0bbeb0653a569e5394ac94a502549b079f7a055c,meow1,AMD Ryzen 9 9950X 16-Core Processor,c++ (Ubuntu 15.2.0-4ubuntu4) 15.2.0,CMAKE_CXX_FLAGS:STRING= CMAKE_CXX_FLAGS_RELEASE:STRING=-O3 -DNDEBUG,wikimedia_wikipedia_mxbai,/home/yunchih/code/simsearch/python/out/local_query_embeddings_1024.parquet,/home/yunchih/code/simsearch/python/query_embeddings/combined.jsonl,313,1024,100,50,two_step_mf_RF50,168,0,0.000992,0.000632,0.003406,0.086904,0.001412,0.094197,0.25111553767168043,0.19047619047619047,313
0bbeb0653a569e5394ac94a502549b079f7a055c,meow1,AMD Ryzen 9 9950X 16-Core Processor,c++ (Ubuntu 15.2.0-4ubuntu4) 15.2.0,CMAKE_CXX_FLAGS:STRING= CMAKE_CXX_FLAGS_RELEASE:STRING=-O3 -DNDEBUG,wikimedia_wikipedia_mxbai,/home/yunchih/code/simsearch/python/out/local_query_embeddings_1024.parquet,/home/yunchih/code/simsearch/python/query_embeddings/combined.jsonl,313,1024,100,0,float32_avx2,169,0,0.0,0.0,0.0,0.0,0.0,0.012,1.0000000000000004,1.0,100
0bbeb0653a569e5394ac94a502549b079f7a055c,meow1,AMD Ryzen 9 9950X 16-Core Processor,c++ (Ubuntu 15.2.0-4ubuntu4) 15.2.0,CMAKE_CXX_FLAGS:STRING= CMAKE_CXX_FLAGS_RELEASE:STRING=-O3 -DNDEBUG,wikimedia_wikipedia_mxbai,/home/yunchih/code/simsearch/python/out/local_query_embeddings_1024.parquet,/home/yunchih/code/simsearch/python/query_embeddings/combined.jsonl,313,1024,100,0,binary,169,0,0.003296,0.000661,0.001022,0.0,0.0,0.005721,1.0000000000000004,1.0,100
0bbeb0653a569e5394ac94a502549b079f7a055c,meow1,AMD Ryzen 9 9950X 16-Core Processor,c++ (Ubuntu 15.2.0-4ubuntu4) 15.2.0,CMAKE_CXX_FLAGS:STRING= CMAKE_CXX_FLAGS_RELEASE:STRING=-O3 -DNDEBUG,wikimedia_wikipedia_mxbai,/home/yunchih/code/simsearch/python/out/local_query_embeddings_1024.parquet,/home/yunchih/code/simsearch/python/query_embeddings/combined.jsonl,313,1024,100,10,two_step_RF10,169,0,0.003256,0.000641,0.003387,0.011472,0.001433,0.02118,0.25111553767168043,0.19047619047619047,313
0bbeb0653a569e5394ac94a502549b079f7a055c,meow1,AMD Ryzen 9 9950X 16-Core Processor,c++ (Ubuntu 15.2.0-4ubuntu4) 15.2.0,CMAKE_CXX_FLAGS:STRING= CMAKE_CXX_FLAGS_RELEASE:STRING=-O3 -DNDEBUG,wikimedia_wikipedia_mxbai,/home/yunchih/code/simsearch/python/out/local_query_embeddings_1024.parquet,/home/yunchih/code/simsearch/python/query_embeddings/combined.jsonl,313,1024,100,50,two_step_RF50,169,0,0.000931,0.000662,0.003406,0.011481,0.001463,0.018996,0.25111553767168043,0.19047619047619047,313
0bbeb0653a569e5394ac94a502549b079f7a055c,meow1,AMD Ryzen 9 9950X 16-Core Processor,c++ (Ubuntu 15.2.0-4ubuntu4) 15.2.0,CMAKE_CXX_FLAGS:STRING= CMAKE_CXX_FLAGS_RELEASE:STRING=-O3 -DNDEBUG,wikimedia_wikipedia_mxbai,/home/yunchih/code/simsearch/python/out/local_query_embeddings_1024.parquet,/home/yunchih/code/simsearch/python/query_embeddings/combined.jsonl,313,1024,100,10,two_step_mf_RF10,169,0,0.003166,0.000652,0.003386,0.087384,0.001373,0.096932,0.25111553767168043,0.19047619047619047,313
0bbeb0653a569e5394ac94a502549b079f7a055c,meow1,AMD Ryzen 9 9950X 16-Core Processor,c++ (Ubuntu 15.2.0-4ubuntu4) 15.2.0,CMAKE_CXX_FLAGS:STRING= CMAKE_CXX_FLAGS_RELEASE:STRING=-O3 -DNDEBUG,wikimedia_wikipedia_mxbai,/home/yunchih/code/simsearch/python/out/local_query_embeddings_1024.parquet,/home/yunchih/code/simsearch/python/query_embeddings/combined.jsonl,313,1024,100,50,two_step_mf_RF50,169,0,0.001002,0.000651,0.003366,0.086682,0.001363,0.093926,0.25111553767168043,0.19047619047619047,313
0bbeb0653a569e5394ac94a502549b079f7a055c,meow1,AMD Ryzen 9 9950X 16-Core Processor,c++ (Ubuntu 15.2.0-4ubuntu4) 15.2.0,CMAKE_CXX_FLAGS:STRING= CMAKE_CXX_FLAGS_RELEASE:STRING=-O3 -DNDEBUG,wikimedia_wikipedia_mxbai,/home/yunchih/code/simsearch/python/out/local_query_embeddings_1024.parquet,/home/yunchih/code/simsearch/python/query_embeddings/combined.jsonl,313,1024,100,0,float32_avx2,170,0,0.0,0.0,0.0,0.0,0.0,0.012,1.0000000000000004,1.0,100
0bbeb0653a569e5394ac94a502549b079f7a055c,meow1,AMD Ryzen 9 9950X 16-Core Processor,c++ (Ubuntu 15.2.0-4ubuntu4) 15.2.0,CMAKE_CXX_FLAGS:STRING= CMAKE_CXX_FLAGS_RELEASE:STRING=-O3 -DNDEBUG,wikimedia_wikipedia_mxbai,/home/yunchih/code/simsearch/python/out/local_query_embeddings_1024.parquet,/home/yunchih/code/simsearch/python/query_embeddings/combined.jsonl,313,1024,100,0,binary,170,0,0.003526,0.000662,0.001062,0.0,0.0,0.005951,1.0000000000000004,1.0,100
0bbeb0653a569e5394ac94a502549b079f7a055c,meow1,AMD Ryzen 9 9950X 16-Core Processor,c++ (Ubuntu 15.2.0-4ubuntu4) 15.2.0,CMAKE_CXX_FLAGS:STRING= CMAKE_CXX_FLAGS_RELEASE:STRING=-O3 -DNDEBUG,wikimedia_wikipedia_mxbai,/home/yunchih/code/simsearch/python/out/local_query_embeddings_1024.parquet,/home/yunchih/code/simsearch/python/query_embeddings/combined.jsonl,313,1024,100,10,two_step_RF10,170,0,0.003216,0.000651,0.003407,0.011552,0.001423,0.02123,0.25111553767168043,0.19047619047619047,313
0bbeb0653a569e5394ac94a502549b079f7a055c,meow1,AMD Ryzen 9 9950X 16-Core Processor,c++ (Ubuntu 15.2.0-4ubuntu4) 15.2.0,CMAKE_CXX_FLAGS:STRING= CMAKE_CXX_FLAGS_RELEASE:STRING=-O3 -DNDEBUG,wikimedia_wikipedia_mxbai,/home/yunchih/code/simsearch/python/out/local_query_embeddings_1024.parquet,/home/yunchih/code/simsearch/python/query_embeddings/combined.jsonl,313,1024,100,50,two_step_RF50,170,0,0.000832,0.000681,0.003406,0.011371,0.001443,0.018745,0.25111553767168043,0.19047619047619047,313
0bbeb0653a569e5394ac94a502549b079f7a055c,meow1,AMD Ryzen 9 9950X 16-Core Processor,c++ (Ubuntu 15.2.0-4ubuntu4) 15.2.0,CMAKE_CXX_FLAGS:STRING= CMAKE_CXX_FLAGS_RELEASE:STRING=-O3 -DNDEBUG,wikimedia_wikipedia_mxbai,/home/yunchih/code/simsearch/python/out/local_query_embeddings_1024.parquet,/home/yunchih/code/simsearch/python/query_embeddings/combined.jsonl,313,1024,100,10,two_step_mf_RF10,170,0,0.003356,0.000651,0.003427,0.089368,0.001413,0.099176,0.25111553767168043,0.19047619047619047,313
0bbeb0653a569e5394ac94a502549b079f7a055c,meow1,AMD Ryzen 9 9950X 16-Core Processor,c++ (Ubuntu 15.2.0-4ubuntu4) 15.2.0,CMAKE_CXX_FLAGS:STRING= CMAKE_CXX_FLAGS_RELEASE:STRING=-O3 -DNDEBUG,wikimedia_wikipedia_mxbai,/home/yunchih/code/simsearch/python/out/local_query_embeddings_1024.parquet,/home/yunchih/code/simsearch/python/query_embeddings/combined.jsonl,313,1024,100,50,two_step_mf_RF50,170,0,0.001002,0.000661,0.003387,0.086723,0.001403,0.094037,0.25111553767168043,0.19047619047619047,313
0bbeb0653a569e5394ac94a502549b079f7a055c,meow1,AMD Ryzen 9 9950X 16-Core Processor,c++ (Ubuntu 15.2.0-4ubuntu4) 15.2.0,CMAKE_CXX_FLAGS:STRING= CMAKE_CXX_FLAGS_RELEASE:STRING=-O3 -DNDEBUG,wikimedia_wikipedia_mxbai,/home/yunchih/code/simsearch/python/out/local_query_embeddings_1024.parquet,/home/yunchih/code/simsearch/python/query_embeddings/combined.jsonl,313,1024,100,0,float32_avx2,171,0,0.0,0.0,0.0,0.0,0.0,0.011,1.0000000000000004,1.0,100
0bbeb0653a569e5394ac94a502549b079f7a055c,meow1,AMD Ryzen 9 9950X 16-Core Processor,c++ (Ubuntu 15.2.0-4ubuntu4) 15.2.0,CMAKE_CXX_FLAGS:STRING= CMAKE_CXX_FLAGS_RELEASE:STRING=-O3 -DNDEBUG,wikimedia_wikipedia_mxbai,/home/yunchih/code/simsearch/python/out/local_query_embeddings_1024.parquet,/home/yunchih/code/simsearch/python/query_embeddings/combined.jsonl,313,1024,100,0,binary,171,0,0.003597,0.000651,0.001072,0.0,0.0,0.006021,1.0000000000000004,1.0,100
0bbeb0653a569e5394ac94a502549b079f7a055c,meow1,AMD Ryzen 9 9950X 16-Core Processor,c++ (Ubuntu 15.2.0-4ubuntu4) 15.2.0,CMAKE_CXX_FLAGS:STRING= CMAKE_CXX_FLAGS_RELEASE:STRING=-O3 -DNDEBUG,wikimedia_wikipedia_mxbai,/home/yunchih/code/simsearch/python/out/local_query_embeddings_1024.parquet,/home/yunchih/code/simsearch/python/query_embeddings/combined.jsonl,313,1024,100,10,two_step_RF10,171,0,0.003256,0.000631,0.003396,0.011511,0.001453,0.02123,0.25111553767168043,0.19047619047619047,313
0bbeb0653a569e5394ac94a502549b079f7a055c,meow1,AMD Ryzen 9 9950X 16-Core Processor,c++ (Ubuntu 15.2.0-4ubuntu4) 15.2.0,CMAKE_CXX_FLAGS:STRING= CMAKE_CXX_FLAGS_RELEASE:STRING=-O3 -DNDEBUG,wikimedia_wikipedia_mxbai,/home/yunchih/code/simsearch/python/out/local_query_embeddings_1024.parquet,/home/yunchih/code/simsearch/python/query_embeddings/combined.jsonl,313,1024,100,50,two_step_RF50,171,0,0.000841,0.000672,0.003446,0.011371,0.001413,0.018806,0.25111553767168043,0.19047619047619047,313
0bbeb0653a569e5394ac94a502549b079f7a055c,meow1,AMD Ryzen 9 9950X 16-Core Processor,c++ (Ubuntu 15.2.0-4ubuntu4) 15.2.0,CMAKE_CXX_FLAGS:STRING= CMAKE_CXX_FLAGS_RELEASE:STRING=-O3 -DNDEBUG,wikimedia_wikipedia_mxbai,/home/yunchih/code/simsearch/python/out/local_query_embeddings_1024.parquet,/home/yunchih/code/simsearch/python/query_embeddings/combined.jsonl,313,1024,100,10,two_step_mf_RF10,171,0,0.003286,0.000661,0.003367,0.087384,0.001393,0.097062,0.25111553767168043,0.19047619047619047,313
0bbeb0653a569e5394ac94a502549b079f7a055c,meow1,AMD Ryzen 9 9950X 16-Core Processor,c++ (Ubuntu 15.2.0-4ubuntu4) 15.2.0,CMAKE_CXX_FLAGS:STRING= CMAKE_CXX_FLAGS_RELEASE:STRING=-O3 -DNDEBUG,wikimedia_wikipedia_mxbai,/home/yunchih/code/simsearch/python/out/local_query_embeddings_1024.parquet,/home/yunchih/code/simsearch/python/query_embeddings/combined.jsonl,313,1024,100,50,two_step_mf_RF50,171,0,0.001122,0.000642,0.003396,0.086713,0.001413,0.094177,0.25111553767168043,0.19047619047619047,313
0bbeb0653a569e5394ac94a502549b079f7a055c,meow1,AMD Ryzen 9 9950X 16-Core Processor,c++ (Ubuntu 15.2.0-4ubuntu4) 15.2.0,CMAKE_CXX_FLAGS:STRING= CMAKE_CXX_FLAGS_RELEASE:STRING=-O3 -DNDEBUG,wikimedia_wikipedia_mxbai,/home/yunchih/code/simsearch/python/out/local_query_embeddings_1024.parquet,/home/yunchih/code/simsearch/python/query_embeddings/combined.jsonl,313,1024,100,0,float32_avx2,172,0,0.0,0.0,0.0,0.0,0.0,0.012,1.0000000000000004,1.0,100
0bbeb0653a569e5394ac94a502549b079f7a055c,meow1,AMD Ryzen 9 9950X 16-Core Processor,c++ (Ubuntu 15.2.0-4ubuntu4) 15.2.0,CMAKE_CXX_FLAGS:STRING= CMAKE_CXX_FLAGS_RELEASE:STRING=-O3 -DNDEBUG,wikimedia_wikipedia_mxbai,/home/yunchih/code/simsearch/python/out/local_query_embeddings_1024.parquet,/home/yunchih/code/simsearch/python/query_embeddings/combined.jsonl,313,1024,100,0,binary,172,0,0.003486,0.000632,0.001032,0.0,0.0,0.005871,1.0000000000000004,1.0,100
0bbeb0653a569e5394ac94a502549b079f7a055c,meow1,AMD Ryzen 9 9950X 16-Core Processor,c++ (Ubuntu 15.2.0-4ubuntu4) 15.2.0,CMAKE_CXX_FLAGS:STRING= CMAKE_CXX_FLAGS_RELEASE:STRING=-O3 -DNDEBUG,wikimedia_wikipedia_mxbai,/home/yunchih/code/simsearch/python/out/local_query_embeddings_1024.parquet,/home/yunchih/code/simsearch/python/query_embeddings/combined.jsonl,313,1024,100,10,two_step_RF10,172,0,0.003216,0.000601,0.003366,0.011612,0.001452,0.021239,0.25111553767168043,0.19047619047619047,313
0bbeb0653a569e5394ac94a502549b079f7a055c,meow1,AMD Ryzen 9 9950X 16-Core Processor,c++ (Ubuntu 15.2.0-4ubuntu4) 15.2.0,CMAKE_CXX_FLAGS:STRING= CMAKE_CXX_FLAGS_RELEASE:STRING=-O3 -DNDEBUG,wikimedia_wikipedia_mxbai,/home/yunchih/code/simsearch/python/out/local_query_embeddings_1024.parquet,/home/yunchih/code/simsearch/python/query_embeddings/combined.jsonl,313,1024,100,50,two_step_RF50,172,0,0.000902,0.000662,0.003406,0.011451,0.001483,0.018926,0.25111553767168043,0.19047619047619047,313
0bbeb0653a569e5394ac94a502549b079f7a055c,meow1,AMD Ryzen 9 9950X 16-Core Processor,c++ (Ubuntu 15.2.0-4ubuntu4) 15.2.0,CMAKE_CXX_FLAGS:STRING= CMAKE_CXX_FLAGS_RELEASE:STRING=-O3 -DNDEBUG,wikimedia_wikipedia_mxbai,/home/yunchih/code/simsearch/python/out/local_query_embeddings_1024.parquet,/home/yunchih/code/simsearch/python/query_embeddings/combined.jsonl,313,1024,100,10,two_step_mf_RF10,172,0,0.003166,0.000651,0.003426,0.087634,0.001393,0.097213,0.25111553767168043,0.19047619047619047,313
0bbeb0653a569e5394ac94a502549b079f7a055c,meow1,AMD Ryzen 9 9950X 16-Core Processor,c++ (Ubuntu 15.2.0-4ubuntu4) 15.2.0,CMAKE_CXX_FLAGS:STRING= CMAKE_CXX_FLAGS_RELEASE:STRING=-O3 -DNDEBUG,wikimedia_wikipedia_mxbai,/home/yunchih/code/simsearch/python/out/local_query_embeddings_1024.parquet,/home/yunchih/code/simsearch/python/query_embeddings/combined.jsonl,313,1024,100,50,two_step_mf_RF50,172,0,0.000982,0.000621,0.003376,0.086893,0.001363,0.094107,0.25111553767168043,0.19047619047619047,313
0bbeb0653a569e5394ac94a502549b079f7a055c,meow1,AMD Ryzen 9 9950X 16-Core Processor,c++ (Ubuntu 15.2.0-4ubuntu4) 15.2.0,CMAKE_CXX_FLAGS:STRING= CMAKE_CXX_FLAGS_RELEASE:STRING=-O3 -DNDEBUG,wikimedia_wikipedia_mxbai,/home/yunchih/code/simsearch/python/out/local_query_embeddings_1024.parquet,/home/yunchih/code/simsearch/python/query_embeddings/combined.jsonl,313,1024,100,0,float32_avx2,173,0,0.0,0.0,0.0,0.0,0.0,0.012,1.0000000000000004,1.0,100
0bbeb0653a569e5394ac94a502549b079f7a055c,meow1,AMD Ryzen 9 9950X 16-Core Processor,c++ (Ubuntu 15.2.0-4ubuntu4) 15.2.0,CMAKE_CXX_FLAGS:STRING= CMAKE_CXX_FLAGS_RELEASE:STRING=-O3 -DNDEBUG,wikimedia_wikipedia_mxbai,/home/yunchih/code/simsearch/python/out/local_query_embeddings_1024.parquet,/home/yunchih/code/simsearch/python/query_embeddings/combined.jsonl,313,1024,100,0,binary,173,0,0.003446,0.000642,0.001022,0.0,0.0,0.005861,1.0000000000000004,1.0,100
0bbeb0653a569e5394ac94a502549b079f7a055c,meow1,AMD Ryzen 9 9950X 16-Core Processor,c++ (Ubuntu 15.2.0-4ubuntu4) 15.2.0,CMAKE_CXX_FLAGS:STRING= CMAKE_CXX_FLAGS_RELEASE:STRING=-O3 -DNDEBUG,wikimedia_wikipedia_mxbai,/home/yunchih/code/simsearch/python/out/local_query_embeddings_1024.parquet,/home/yunchih/code/simsearch/python/query_embeddings/combined.jsonl,313,1024,100,10,two_step_RF10,173,0,0.003326,0.000601,0.003366,0.011521,0.001433,0.02124,0.25111553767168043,0.19047619047619047,313
0bbeb0653a569e5394ac94a502549b079f7a055c,meow1,AMD Ryzen 9 9950X 16-Core Processor,c++ (Ubuntu 15.2.0-4ubuntu4) 15.2.0,CMAKE_CXX_FLAGS:STRING= CMAKE_CXX_FLAGS_RELEASE:STRING=-O3 -DNDEBUG,wikimedia_wikipedia_mxbai,/home/yunchih/code/simsearch/python/out/local_query_embeddings_1024.parquet,/home/yunchih/code/simsearch/python/query_embeddings/combined.jsonl,313,1024,100,50,two_step_RF50,173,0,0.000952,0.000661,0.003407,0.011452,0.001452,0.018995,0.25111553767168043,0.19047619047619047,313
0bbeb0653a569e5394ac94a502549b079f7a055c,meow1,AMD Ryzen 9 9950X 16-Core Processor,c++ (Ubuntu 15.2.0-4ubuntu4) 15.2.0,CMAKE_CXX_FLAGS:STRING= CMAKE_CXX_FLAGS_RELEASE:STRING=-O3 -DNDEBUG,wikimedia_wikipedia_mxbai,/home/yunchih/code/simsearch/python/out/local_query_embeddings_1024.parquet,/home/yunchih/code/simsearch/python/query_embeddings/combined.jsonl,313,1024,100,10,two_step_mf_RF10,173,0,0.003146,0.000661,0.003416,0.087394,0.001362,0.096973,0.25111553767168043,0.19047619047619047,313
0bbeb0653a569e5394ac94a502549b079f7a055c,meow1,AMD Ryzen 9 9950X 16-Core Processor,c++ (Ubuntu 15.2.0-4ubuntu4) 15.2.0,CMAKE_CXX_FLAGS:STRING= CMAKE_CXX_FLAGS_RELEASE:STRING=-O3 -DNDEBUG,wikimedia_wikipedia_mxbai,/home/yunchih/code/simsearch/python/out/local_query_embeddings_1024.parquet,/home/yunchih/code/simsearch/python/query_embeddings/combined.jsonl,313,1024,100,50,two_step_mf_RF50,173,0,0.001112,0.000631,0.003387,0.088947,0.001413,0.096381,0.25111553767168043,0.19047619047619047,313
0bbeb0653a569e5394ac94a502549b079f7a055c,meow1,AMD Ryzen 9 9950X 16-Core Processor,c++ (Ubuntu 15.2.0-4ubuntu4) 15.2.0,CMAKE_CXX_FLAGS:STRING= CMAKE_CXX_FLAGS_RELEASE:STRING=-O3 -DNDEBUG,wikimedia_wikipedia_mxbai,/home/yunchih/code/simsearch/python/out/local_query_embeddings_1024.parquet,/home/yunchih/code/simsearch/python/query_embeddings/combined.jsonl,313,1024,100,0,float32_avx2,174,0,0.0,0.0,0.0,0.0,0.0,0.011,1.0000000000000004,1.0,100
0bbeb0653a569e5394ac94a502549b079f7a055c,meow1,AMD Ryzen 9 9950X 16-Core Processor,c++ (Ubuntu 15.2.0-4ubuntu4) 15.2.0,CMAKE_CXX_FLAGS:STRING= CMAKE_CXX_FLAGS_RELEASE:STRING=-O3 -DNDEBUG,wikimedia_wikipedia_mxbai,/home/yunchih/code/simsearch/python/out/local_query_embeddings_1024.parquet,/home/yunchih/code/simsearch/python/query_embeddings/combined.jsonl,313,1024,100,0,binary,174,0,0.003666,0.000641,0.001012,0.0,0.0,0.006051,1.0000000000000004,1.0,100
0bbeb0653a569e5394ac94a502549b079f7a055c,meow1,AMD Ryzen 9 9950X 16-Core Processor,c++ (Ubuntu 15.2.0-4ubuntu4) 15.2.0,CMAKE_CXX_FLAGS:STRING= CMAKE_CXX_FLAGS_RELEASE:STRING=-O3 -DNDEBUG,wikimedia_wikipedia_mxbai,/home/yunchih/code/simsearch/python/out/local_query_embeddings_1024.parquet,/home/yunchih/code/simsearch/python/query_embeddings/combined.jsonl,313,1024,100,10,two_step_RF10,174,0,0.003146,0.000612,0.003426,0.011531,0.001393,0.02109,0.25111553767168043,0.19047619047619047,313
0bbeb0653a569e5394ac94a502549b079f7a055c,meow1,AMD Ryzen 9 9950X 16-Core Processor,c++ (Ubuntu 15.2.0-4ubuntu4) 15.2.0,CMAKE_CXX_FLAGS:STRING= CMAKE_CXX_FLAGS_RELEASE:STRING=-O3 -DNDEBUG,wikimedia_wikipedia_mxbai,/home/yunchih/code/simsearch/python/out/local_query_embeddings_1024.parquet,/home/yunchih/code/simsearch/python/query_embeddings/combined.jsonl,313,1024,100,50,two_step_RF50,174,0,0.000751,0.000661,0.003406,0.011451,0.001423,0.018715,0.25111553767168043,0.19047619047619047,313
0bbeb0653a569e5394ac94a502549b079f7a055c,meow1,AMD Ryzen 9 9950X 16-Core Processor,c++ (Ubuntu 15.2.0-4ubuntu4) 15.2.0,CMAKE_CXX_FLAGS:STRING= CMAKE_CXX_FLAGS_RELEASE:STRING=-O3 -DNDEBUG,wikimedia_wikipedia_mxbai,/home/yunchih/code/simsearch/python/out/local_query_embeddings_1024.parquet,/home/yunchih/code/simsearch/python/query_embeddings/combined.jsonl,313,1024,100,10,two_step_mf_RF10,174,0,0.003206,0.000652,0.003426,0.087564,0.001383,0.097203,0.25111553767168043,0.19047619047619047,313
0bbeb0653a569e5394ac94a502549b079f7a055c,meow1,AMD Ryzen 9 9950X 16-Core Processor,c++ (Ubuntu 15.2.0-4ubuntu4) 15.2.0,CMAKE_CXX_FLAGS:STRING= CMAKE_CXX_FLAGS_RELEASE:STRING=-O3 -DNDEBUG,wikimedia_wikipedia_mxbai,/home/yunchih/code/simsearch/python/out/local_query_embeddings_1024.parquet,/home/yunchih/code/simsearch/python/query_embeddings/combined.jsonl,313,1024,100,50,two_step_mf_RF50,174,0,0.001122,0.000641,0.003417,0.086913,0.001383,0.094317,0.25111553767168043,0.19047619047619047,313
0bbeb0653a569e5394ac94a502549b079f7a055c,meow1,AMD Ryzen 9 9950X 16-Core Processor,c++ (Ubuntu 15.2.0-4ubuntu4) 15.2.0,CMAKE_CXX_FLAGS:STRING= CMAKE_CXX_FLAGS_RELEASE:STRING=-O3 -DNDEBUG,wikimedia_wikipedia_mxbai,/home/yunchih/code/simsearch/python/out/local_query_embeddings_1024.parquet,/home/yunchih/code/simsearch/python/query_embeddings/combined.jsonl,313,1024,100,0,float32_avx2,175,0,0.0,0.0,0.0,0.0,0.0,0.011,1.0000000000000004,1.0,100
0bbeb0653a569e5394ac94a502549b079f7a055c,meow1,AMD Ryzen 9 9950X 16-Core Processor,c++ (Ubuntu 15.2.0-4ubuntu4) 15.2.0,CMAKE_CXX_FLAGS:STRING= CMAKE_CXX_FLAGS_RELEASE:STRING=-O3 -DNDEBUG,wikimedia_wikipedia_mxbai,/home/yunchih/code/simsearch/python/out/local_query_embeddings_1024.parquet,/home/yunchih/code/simsearch/python/query_embeddings/combined.jsonl,313,1024,100,0,binary,175,0,0.006302,0.000651,0.001032,0.0,0.0,0.008716,1.0000000000000004,1.0,100
0bbeb0653a569e5394ac94a502549b079f7a055c,meow1,AMD Ryzen 9 9950X 16-Core Processor,c++ (Ubuntu 15.2.0-4ubuntu4) 15.2.0,CMAKE_CXX_FLAGS:STRING= CMAKE_CXX_FLAGS_RELEASE:STRING=-O3 -DNDEBUG,wikimedia_wikipedia_mxbai,/home/yunchih/code/simsearch/python/out/local_query_embeddings_1024.parquet,/home/yunchih/code/simsearch/python/query_embeddings/combined.jsonl,313,1024,100,10,two_step_RF10,175,0,0.003156,0.001172,0.003367,0.011642,0.001463,0.021961,0.25111553767168043,0.19047619047619047,313
0bbeb0653a569e5394ac94a502549b079f7a055c,meow1,AMD Ryzen 9 9950X 16-Core Processor,c++ (Ubuntu 15.2.0-4ubuntu4) 15.2.0,CMAKE_CXX_FLAGS:STRING= CMAKE_CXX_FLAGS_RELEASE:STRING=-O3 -DNDEBUG,wikimedia_wikipedia_mxbai,/home/yunchih/code/simsearch/python/out/local_query_embeddings_1024.parquet,/home/yunchih/code/simsearch/python/query_embeddings/combined.jsonl,313,1024,100,50,two_step_RF50,175,0,0.000942,0.000682,0.003386,0.011461,0.001443,0.018956,0.25111553767168043,0.19047619047619047,313
0bbeb0653a569e5394ac94a502549b079f7a055c,meow1,AMD Ryzen 9 9950X 16-Core Processor,c++ (Ubuntu 15.2.0-4ubuntu4) 15.2.0,CMAKE_CXX_FLAGS:STRING= CMAKE_CXX_FLAGS_RELEASE:STRING=-O3 -DNDEBUG,wikimedia_wikipedia_mxbai,/home/yunchih/code/simsearch/python/out/local_query_embeddings_1024.parquet,/home/yunchih/code/simsearch/python/query_embeddings/combined.jsonl,313,1024,100,10,two_step_mf_RF10,175,0,0.003226,0.000662,0.003366,0.087435,0.001392,0.097042,0.25111553767168043,0.19047619047619047,313
0bbeb0653a569e5394ac94a502549b079f7a055c,meow1,AMD Ryzen 9 9950X 16-Core Processor,c++ (Ubuntu 15.2.0-4ubuntu4) 15.2.0,CMAKE_CXX_FLAGS:STRING= CMAKE_CXX_FLAGS_RELEASE:STRING=-O3 -DNDEBUG,wikimedia_wikipedia_mxbai,/home/yunchih/code/simsearch/python/out/local_query_embeddings_1024.parquet,/home/yunchih/code/simsearch/python/query_embeddings/combined.jsonl,313,1024,100,50,two_step_mf_RF50,175,0,0.000872,0.000631,0.003437,0.087625,0.001402,0.094858,0.25111553767168043,0.19047619047619047,313
0bbeb0653a569e5394ac94a502549b079f7a055c,meow1,AMD Ryzen 9 9950X 16-Core Processor,c++ (Ubuntu 15.2.0-4ubuntu4) 15.2.0,CMAKE_CXX_FLAGS:STRING= CMAKE_CXX_FLAGS_RELEASE:STRING=-O3 -DNDEBUG,wikimedia_wikipedia_mxbai,/home/yunchih/code/simsearch/python/out/local_query_embeddings_1024.parquet,/home/yunchih/code/simsearch/python/query_embeddings/combined.jsonl,313,1024,100,0,float32_avx2,176,0,0.0,0.0,0.0,0.0,0.0,0.012,1.0000000000000004,1.0,100
0bbeb0653a569e5394ac94a502549b079f7a055c,meow1,AMD Ryzen 9 9950X 16-Core Processor,c++ (Ubuntu 15.2.0-4ubuntu4) 15.2.0,CMAKE_CXX_FLAGS:STRING= CMAKE_CXX_FLAGS_RELEASE:STRING=-O3 -DNDEBUG,wikimedia_wikipedia_mxbai,/home/yunchih/code/simsearch/python/out/local_query_embeddings_1024.parquet,/home/yunchih/code/simsearch/python/query_embeddings/combined.jsonl,313,1024,100,0,binary,176,0,0.003527,0.000641,0.001062,0.0,0.0,0.005951,1.0000000000000004,1.0,100
0bbeb0653a569e5394ac94a502549b079f7a055c,meow1,AMD Ryzen 9 9950X 16-Core Processor,c++ (Ubuntu 15.2.0-4ubuntu4) 15.2.0,CMAKE_CXX_FLAGS:STRING= CMAKE_CXX_FLAGS_RELEASE:STRING=-O3 -DNDEBUG,wikimedia_wikipedia_mxbai,/home/yunchih/code/simsearch/python/out/local_query_embeddings_1024.parquet,/home/yunchih/code/simsearch/python/query_embeddings/combined.jsonl,313,1024,100,10,two_step_RF10,176,0,0.003125,0.000621,0.003396,0.011692,0.001432,0.021219,0.25111553767168043,0.19047619047619047,313
0bbeb0653a569e5394ac94a502549b079f7a055c,meow1,AMD Ryzen 9 9950X 16-Core Processor,c++ (Ubuntu 15.2.0-4ubuntu4) 15.2.0,CMAKE_CXX_FLAGS:STRING= CMAKE_CXX_FLAGS_RELEASE:STRING=-O3 -DNDEBUG,wikimedia_wikipedia_mxbai,/home/yunchih/code/simsearch/python/out/local_query_embeddings_1024.parquet,/home/yunchih/code/simsearch/python/query_embeddings/combined.jsonl,313,1024,100,50,two_step_RF50,176,0,0.000731,0.000681,0.003406,0.011491,0.001412,0.018735,0.25111553767168043,0.19047619047619047,313
0bbeb0653a569e5394ac94a502549b079f7a055c,meow1,AMD Ryzen 9 9950X 16-Core Processor,c++ (Ubuntu 15.2.0-4ubuntu4) 15.2.0,CMAKE_CXX_FLAGS:STRING= CMAKE_CXX_FLAGS_RELEASE:STRING=-O3 -DNDEBUG,wikimedia_wikipedia_mxbai,/home/yunchih/code/simsearch/python/out/local_query_embeddings_1024.parquet,/home/yunchih/code/simsearch/python/query_embeddings/combined.jsonl,313,1024,100,10,two_step_mf_RF10,176,0,0.003186,0.000641,0.003367,0.087354,0.001413,0.096902,0.25111553767168043,0.19047619047619047,313
0bbeb0653a569e5394ac94a502549b079f7a055c,meow1,AMD Ryzen 9 9950X 16-Core Processor,c++ (Ubuntu 15.2.0-4ubuntu4) 15.2.0,CMAKE_CXX_FLAGS:STRING= CMAKE_CXX_FLAGS_RELEASE:STRING=-O3 -DNDEBUG,wikimedia_wikipedia_mxbai,/home/yunchih/code/simsearch/python/out/local_query_embeddings_1024.parquet,/home/yunchih/code/simsearch/python/query_embeddings/combined.jsonl,313,1024,100,50,two_step_mf_RF50,176,0,0.000941,0.000642,0.003366,0.086723,0.001403,0.093916,0.25111553767168043,0.19047619047619047,313
0bbeb0653a569e5394ac94a502549b079f7a055c,meow1,AMD Ryzen 9 9950X 16-Core Processor,c++ (Ubuntu 15.2.0-4ubuntu4) 15.2.0,CMAKE_CXX_FLAGS:STRING= CMAKE_CXX_FLAGS_RELEASE:STRING=-O3 -DNDEBUG,wikimedia_wikipedia_mxbai,/home/yunchih/code/simsearch/python/out/local_query_embeddings_1024.parquet,/home/yunchih/code/simsearch/python/query_embeddings/combined.jsonl,313,1024,100,0,float32_avx2,177,0,0.0,0.0,0.0,0.0,0.0,0.012,1.0000000000000004,1.0,100
0bbeb0653a569e5394ac94a502549b079f7a055c,meow1,AMD Ryzen 9 9950X 16-Core Processor,c++ (Ubuntu 15.2.0-4ubuntu4) 15.2.0,CMAKE_CXX_FLAGS:STRING= CMAKE_CXX_FLAGS_RELEASE:STRING=-O3 -DNDEBUG,wikimedia_wikipedia_mxbai,/home/yunchih/code/simsearch/python/out/local_query_embeddings_1024.parquet,/home/yunchih/code/simsearch/python/query_embeddings/combined.jsonl,313,1024,100,0,binary,177,0,0.003487,0.000651,0.001042,0.0,0.0,0.005911,1.0000000000000004,1.0,100
0bbeb0653a569e5394ac94a502549b079f7a055c,meow1,AMD Ryzen 9 9950X 16-Core Processor,c++ (Ubuntu 15.2.0-4ubuntu4) 15.2.0,CMAKE_CXX_FLAGS:STRING= CMAKE_CXX_FLAGS_RELEASE:STRING=-O3 -DNDEBUG,wikimedia_wikipedia_mxbai,/home/yunchih/code/simsearch/python/out/local_query_embeddings_1024.parquet,/home/yunchih/code/simsearch/python/query_embeddings/combined.jsonl,313,1024,100,10,two_step_RF10,177,0,0.003246,0.000621,0.003357,0.011442,0.001432,0.0211,0.25111553767168043,0.19047619047619047,313
0bbeb0653a569e5394ac94a502549b079f7a055c,meow1,AMD Ryzen 9 9950X 16-Core Processor,c++ (Ubuntu 15.2.0-4ubuntu4) 15.2.0,CMAKE_CXX_FLAGS:STRING= CMAKE_CXX_FLAGS_RELEASE:STRING=-O3 -DNDEBUG,wikimedia_wikipedia_mxbai,/home/yunchih/code/simsearch/python/out/local_query_embeddings_1024.parquet,/home/yunchih/code/simsearch/python/query_embeddings/combined.jsonl,313,1024,100,50,two_step_RF50,177,0,0.000901,0.000652,0.003426,0.011391,0.001413,0.018855,0.25111553767168043,0.19047619047619047,313
0bbeb0653a569e5394ac94a502549b079f7a055c,meow1,AMD Ryzen 9 9950X 16-Core Processor,c++ (Ubuntu 15.2.0-4ubuntu4) 15.2.0,CMAKE_CXX_FLAGS:STRING= CMAKE_CXX_FLAGS_RELEASE:STRING=-O3 -DNDEBUG,wikimedia_wikipedia_mxbai,/home/yunchih/code/simsearch/python/out/local_query_embeddings_1024.parquet,/home/yunchih/code/simsearch/python/query_embeddings/combined.jsonl,313,1024,100,10,two_step_mf_RF10,177,0,0.003456,0.000652,0.003376,0.087595,0.001413,0.097453,0.25111553767168043,0.19047619047619047,313
0bbeb0653a569e5394ac94a502549b079f7a055c,meow1,AMD Ryzen 9 9950X 16-Core Processor,c++ (Ubuntu 15.2.0-4ubuntu4) 15.2.0,CMAKE_CXX_FLAGS:STRING= CMAKE_CXX_FLAGS_RELEASE:STRING=-O3 -DNDEBUG,wikimedia_wikipedia_mxbai,/home/yunchih/code/simsearch/python/out/local_query_embeddings_1024.parquet,/home/yunchih/code/simsearch/python/query_embeddings/combined.jsonl,313,1024,100,50,two_step_mf_RF50,177,0,0.000921,0.000641,0.003406,0.086914,0.001372,0.094107,0.25111553767168043,0.19047619047619047,313
0bbeb0653a569e5394ac94a502549b079f7a055c,meow1,AMD Ryzen 9 9950X 16-Core Processor,c++ (Ubuntu 15.2.0-4ubuntu4) 15.2.0,CMAKE_CXX_FLAGS:STRING= CMAKE_CXX_FLAGS_RELEASE:STRING=-O3 -DNDEBUG,wikimedia_wikipedia_mxbai,/home/yunchih/code/simsearch/python/out/local_query_embeddings_1024.parquet,/home/yunchih/code/simsearch/python/query_embeddings/combined.jsonl,313,1024,100,0,float32_avx2,178,0,0.0,0.0,0.0,0.0,0.0,0.012,1.0000000000000004,1.0,100
0bbeb0653a569e5394ac94a502549b079f7a055c,meow1,AMD Ryzen 9 9950X 16-Core Processor,c++ (Ubuntu 15.2.0-4ubuntu4) 15.2.0,CMAKE_CXX_FLAGS:STRING= CMAKE_CXX_FLAGS_RELEASE:STRING=-O3 -DNDEBUG,wikimedia_wikipedia_mxbai,/home/yunchih/code/simsearch/python/out/local_query_embeddings_1024.parquet,/home/yunchih/code/simsearch/python/query_embeddings/combined.jsonl,313,1024,100,0,binary,178,0,0.003567,0.000661,0.001022,0.0,0.0,0.005962,1.0000000000000004,1.0,100
0bbeb0653a569e5394ac94a502549b079f7a055c,meow1,AMD Ryzen 9 9950X 16-Core Processor,c++ (Ubuntu 15.2.0-4ubuntu4) 15.2.0,CMAKE_CXX_FLAGS:STRING= CMAKE_CXX_FLAGS_RELEASE:STRING=-O3 -DNDEBUG,wikimedia_wikipedia_mxbai,/home/yunchih/code/simsearch/python/out/local_query_embeddings_1024.parquet,/home/yunchih/code/simsearch/python/query_embeddings/combined.jsonl,313,1024,100,10,two_step_RF10,178,0,0.003216,0.000622,0.003386,0.011532,0.001443,0.02116,0.25111553767168043,0.19047619047619047,313
0bbeb0653a569e5394ac94a502549b079f7a055c,meow1,AMD Ryzen 9 9950X 16-Core Processor,c++ (Ubuntu 15.2.0-4ubuntu4) 15.2.0,CMAKE_CXX_FLAGS:STRING= CMAKE_CXX_FLAGS_RELEASE:STRING=-O3 -DNDEBUG,wikimedia_wikipedia_mxbai,/home/yunchih/code/simsearch/python/out/local_query_embeddings_1024.parquet,/home/yunchih/code/simsearch/python/query_embeddings/combined.jsonl,313,1024,100,50,two_step_RF50,178,0,0.000812,0.000651,0.003386,0.011942,0.001433,0.019256,0.25111553767168043,0.19047619047619047,313
0bbeb0653a569e5394ac94a502549b079f7a055c,meow1,AMD Ryzen 9 9950X 16-Core Processor,c++ (Ubuntu 15.2.0-4ubuntu4) 15.2.0,CMAKE_CXX_FLAGS:STRING= CMAKE_CXX_FLAGS_RELEASE:STRING=-O3 -DNDEBUG,wikimedia_wikipedia_mxbai,/home/yunchih/code/simsearch/python/out/local_query_embeddings_1024.parquet,/home/yunchih/code/simsearch/python/query_embeddings/combined.jsonl,313,1024,100,10,two_step_mf_RF10,178,0,0.003406,0.000641,0.003397,0.087605,0.001443,0.097433,0.25111553767168043,0.19047619047619047,313
0bbeb0653a569e5394ac94a502549b079f7a055c,meow1,AMD Ryzen 9 9950X 16-Core Processor,c++ (Ubuntu 15.2.0-4ubuntu4) 15.2.0,CMAKE_CXX_FLAGS:STRING= CMAKE_CXX_FLAGS_RELEASE:STRING=-O3 -DNDEBUG,wikimedia_wikipedia_mxbai,/home/yunchih/code/simsearch/python/out/local_query_embeddings_1024.parquet,/home/yunchih/code/simsearch/python/query_embeddings/combined.jsonl,313,1024,100,50,two_step_mf_RF50,178,0,0.001072,0.000642,0.003386,0.086924,0.001422,0.094317,0.25111553767168043,0.19047619047619047,313
0bbeb0653a569e5394ac94a502549b079f7a055c,meow1,AMD Ryzen 9 9950X 16-Core Processor,c++ (Ubuntu 15.2.0-4ubuntu4) 15.2.0,CMAKE_CXX_FLAGS:STRING= CMAKE_CXX_FLAGS_RELEASE:STRING=-O3 -DNDEBUG,wikimedia_wikipedia_mxbai,/home/yunchih/code/simsearch/python/out/local_query_embeddings_1024.parquet,/home/yunchih/code/simsearch/python/query_embeddings/combined.jsonl,313,1024,100,0,float32_avx2,179,0,0.0,0.0,0.0,0.0,0.0,0.012,1.0000000000000004,1.0,100
0bbeb0653a569e5394ac94a502549b079f7a055c,meow1,AMD Ryzen 9 9950X 16-Core Processor,c++ (Ubuntu 15.2.0-4ubuntu4) 15.2.0,CMAKE_CXX_FLAGS:STRING= CMAKE_CXX_FLAGS_RELEASE:STRING=-O3 -DNDEBUG,wikimedia_wikipedia_mxbai,/home/yunchih/code/simsearch/python/out/local_query_embeddings_1024.parquet,/home/yunchih/code/simsearch/python/query_embeddings/combined.jsonl,313,1024,100,0,binary,179,0,0.003486,0.000641,0.001051,0.0,0.0,0.005901,1.0000000000000004,1.0,100
0bbeb0653a569e5394ac94a502549b079f7a055c,meow1,AMD Ryzen 9 9950X 16-Core Processor,c++ (Ubuntu 15.2.0-4ubuntu4) 15.2.0,CMAKE_CXX_FLAGS:STRING= CMAKE_CXX_FLAGS_RELEASE:STRING=-O3 -DNDEBUG,wikimedia_wikipedia_mxbai,/home/yunchih/code/simsearch/python/out/local_query_embeddings_1024.parquet,/home/yunchih/code/simsearch/python/query_embeddings/combined.jsonl,313,1024,100,10,two_step_RF10,179,0,0.003316,0.000611,0.003406,0.011632,0.001423,0.021371,0.25111553767168043,0.19047619047619047,313
0bbeb0653a569e5394ac94a502549b079f7a055c,meow1,AMD Ryzen 9 9950X 16-Core Processor,c++ (Ubuntu 15.2.0-4ubuntu4) 15.2.0,CMAKE_CXX_FLAGS:STRING= CMAKE_CXX_FLAGS_RELEASE:STRING=-O3 -DNDEBUG,wikimedia_wikipedia_mxbai,/home/yunchih/code/simsearch/python/out/local_query_embeddings_1024.parquet,/home/yunchih/code/simsearch/python/query_embeddings/combined.jsonl,313,1024,100,50,two_step_RF50,179,0,0.000861,0.000662,0.003396,0.011411,0.001473,0.018885,0.25111553767168043,0.19047619047619047,313
0bbeb0653a569e5394ac94a502549b079f7a055c,meow1,AMD Ryzen 9 9950X 16-Core Processor,c++ (Ubuntu 15.2.0-4ubuntu4) 15.2.0,CMAKE_CXX_FLAGS:STRING= CMAKE_CXX_FLAGS_RELEASE:STRING=-O3 -DNDEBUG,wikimedia_wikipedia_mxbai,/home/yunchih/code/simsearch/python/out/local_query_embeddings_1024.parquet,/home/yunchih/code/simsearch/python/query_embeddings/combined.jsonl,313,1024,100,10,two_step_mf_RF10,179,0,0.003196,0.000631,0.003426,0.087955,0.001413,0.097593,0.25111553767168043,0.19047619047619047,313
0bbeb0653a569e5394ac94a502549b079f7a055c,meow1,AMD Ryzen 9 9950X 16-Core Processor,c++ (Ubuntu 15.2.0-4ubuntu4) 15.2.0,CMAKE_CXX_FLAGS:STRING= CMAKE_CXX_FLAGS_RELEASE:STRING=-O3 -DNDEBUG,wikimedia_wikipedia_mxbai,/home/yunchih/code/simsearch/python/out/local_query_embeddings_1024.parquet,/home/yunchih/code/simsearch/python/query_embeddings/combined.jsonl,313,1024,100,50,two_step_mf_RF50,179,0,0.000952,0.000631,0.003407,0.086893,0.001403,0.094187,0.25111553767168043,0.19047619047619047,313
0bbeb0653a569e5394ac94a502549b079f7a055c,meow1,AMD Ryzen 9 9950X 16-Core Processor,c++ (Ubuntu 15.2.0-4ubuntu4) 15.2.0,CMAKE_CXX_FLAGS:STRING= CMAKE_CXX_FLAGS_RELEASE:STRING=-O3 -DNDEBUG,wikimedia_wikipedia_mxbai,/home/yunchih/code/simsearch/python/out/local_query_embeddings_1024.parquet,/home/yunchih/code/simsearch/python/query_embeddings/combined.jsonl,313,1024,100,0,float32_avx2,180,0,0.0,0.0,0.0,0.0,0.0,0.011,1.0000000000000004,1.0,100
0bbeb0653a569e5394ac94a502549b079f7a055c,meow1,AMD Ryzen 9 9950X 16-Core Processor,c++ (Ubuntu 15.2.0-4ubuntu4) 15.2.0,CMAKE_CXX_FLAGS:STRING= CMAKE_CXX_FLAGS_RELEASE:STRING=-O3 -DNDEBUG,wikimedia_wikipedia_mxbai,/home/yunchih/code/simsearch/python/out/local_query_embeddings_1024.parquet,/home/yunchih/code/simsearch/python/query_embeddings/combined.jsonl,313,1024,100,0,binary,180,0,0.003557,0.000651,0.001032,0.0,0.0,0.005962,1.0000000000000004,1.0,100
0bbeb0653a569e5394ac94a502549b079f7a055c,meow1,AMD Ryzen 9 9950X 16-Core Processor,c++ (Ubuntu 15.2.0-4ubuntu4) 15.2.0,CMAKE_CXX_FLAGS:STRING= CMAKE_CXX_FLAGS_RELEASE:STRING=-O3 -DNDEBUG,wikimedia_wikipedia_mxbai,/home/yunchih/code/simsearch/python/out/local_query_embeddings_1024.parquet,/home/yunchih/code/simsearch/python/query_embeddings/combined.jsonl,313,1024,100,10,two_step_RF10,180,0,0.003186,0.000611,0.003367,0.011572,0.001433,0.02115,0.25111553767168043,0.19047619047619047,313
0bbeb0653a569e5394ac94a502549b079f7a055c,meow1,AMD Ryzen 9 9950X 16-Core Processor,c++ (Ubuntu 15.2.0-4ubuntu4) 15.2.0,CMAKE_CXX_FLAGS:STRING= CMAKE_CXX_FLAGS_RELEASE:STRING=-O3 -DNDEBUG,wikimedia_wikipedia_mxbai,/home/yunchih/code/simsearch/python/out/local_query_embeddings_1024.parquet,/home/yunchih/code/simsearch/python/query_embeddings/combined.jsonl,313,1024,100,50,two_step_RF50,180,0,0.000831,0.000672,0.003386,0.011431,0.001473,0.018855,0.25111553767168043,0.19047619047619047,313
0bbeb0653a569e5394ac94a502549b079f7a055c,meow1,AMD Ryzen 9 9950X 16-Core Processor,c++ (Ubuntu 15.2.0-4ubuntu4) 15.2.0,CMAKE_CXX_FLAGS:STRING= CMAKE_CXX_FLAGS_RELEASE:STRING=-O3 -DNDEBUG,wikimedia_wikipedia_mxbai,/home/yunchih/code/simsearch/python/out/local_query_embeddings_1024.parquet,/home/yunchih/code/simsearch/python/query_embeddings/combined.jsonl,313,1024,100,10,two_step_mf_RF10,180,0,0.003266,0.000681,0.003376,0.087344,0.001433,0.097042,0.25111553767168043,0.19047619047619047,313
0bbeb0653a569e5394ac94a502549b079f7a055c,meow1,AMD Ryzen 9 9950X 16-Core Processor,c++ (Ubuntu 15.2.0-4ubuntu4) 15.2.0,CMAKE_CXX_FLAGS:STRING= CMAKE_CXX_FLAGS_RELEASE:STRING=-O3 -DNDEBUG,wikimedia_wikipedia_mxbai,/home/yunchih/code/simsearch/python/out/local_query_embeddings_1024.parquet,/home/yunchih/code/simsearch/python/query_embeddings/combined.jsonl,313,1024,100,50,two_step_mf_RF50,180,0,0.000981,0.000631,0.003386,0.086693,0.001403,0.093956,0.25111553767168043,0.19047619047619047,313
0bbeb0653a569e5394ac94a502549b079f7a055c,meow1,AMD Ryzen 9 9950X 16-Core Processor,c++ (Ubuntu 15.2.0-4ubuntu4) 15.2.0,CMAKE_CXX_FLAGS:STRING= CMAKE_CXX_FLAGS_RELEASE:STRING=-O3 -DNDEBUG,wikimedia_wikipedia_mxbai,/home/yunchih/code/simsearch/python/out/local_query_embeddings_1024.parquet,/home/yunchih/code/simsearch/python/query_embeddings/combined.jsonl,313,1024,100,0,float32_avx2,181,0,0.0,0.0,0.0,0.0,0.0,0.011,1.0000000000000004,1.0,100
0bbeb0653a569e5394ac94a502549b079f7a055c,meow1,AMD Ryzen 9 9950X 16-Core Processor,c++ (Ubuntu 15.2.0-4ubuntu4) 15.2.0,CMAKE_CXX_FLAGS:STRING= CMAKE_CXX_FLAGS_RELEASE:STRING=-O3 -DNDEBUG,wikimedia_wikipedia_mxbai,/home/yunchih/code/simsearch/python/out/local_query_embeddings_1024.parquet,/home/yunchih/code/simsearch/python/query_embeddings/combined.jsonl,313,1024,100,0,binary,181,0,0.003356,0.000662,0.001042,0.0,0.0,0.005811,1.0000000000000004,1.0,100
0bbeb0653a569e5394ac94a502549b079f7a055c,meow1,AMD Ryzen 9 9950X 16-Core Processor,c++ (Ubuntu 15.2.0-4ubuntu4) 15.2.0,CMAKE_CXX_FLAGS:STRING= CMAKE_CXX_FLAGS_RELEASE:STRING=-O3 -DNDEBUG,wikimedia_wikipedia_mxbai,/home/yunchih/code/simsearch/python/out/local_query_embeddings_1024.parquet,/home/yunchih/code/simsearch/python/query_embeddings/combined.jsonl,313,1024,100,10,two_step_RF10,181,0,0.003166,0.001112,0.003467,0.011562,0.001433,0.021811,0.25111553767168043,0.19047619047619047,313
0bbeb0653a569e5394ac94a502549b079f7a055c,meow1,AMD Ryzen 9 9950X 16-Core Processor,c++ (Ubuntu 15.2.0-4ubuntu4) 15.2.0,CMAKE_CXX_FLAGS:STRING= CMAKE_CXX_FLAGS_RELEASE:STRING=-O3 -DNDEBUG,wikimedia_wikipedia_mxbai,/home/yunchih/code/simsearch/python/out/local_query_embeddings_1024.parquet,/home/yunchih/code/simsearch/python/query_embeddings/combined.jsonl,313,1024,100,50,two_step_RF50,181,0,0.000941,0.000671,0.003416,0.011421,0.001483,0.018995,0.25111553767168043,0.19047619047619047,313
0bbeb0653a569e5394ac94a502549b079f7a055c,meow1,AMD Ryzen 9 9950X 16-Core Processor,c++ (Ubuntu 15.2.0-4ubuntu4) 15.2.0,CMAKE_CXX_FLAGS:STRING= CMAKE_CXX_FLAGS_RELEASE:STRING=-O3 -DNDEBUG,wikimedia_wikipedia_mxbai,/home/yunchih/code/simsearch/python/out/local_query_embeddings_1024.parquet,/home/yunchih/code/simsearch/python/query_embeddings/combined.jsonl,313,1024,100,10,two_step_mf_RF10,181,0,0.003196,0.000721,0.003377,0.089318,0.001453,0.099026,0.25111553767168043,0.19047619047619047,313
0bbeb0653a569e5394ac94a502549b079f7a055c,meow1,AMD Ryzen 9 9950X 16-Core Processor,c++ (Ubuntu 15.2.0-4ubuntu4) 15.2.0,CMAKE_CXX_FLAGS:STRING= CMAKE_CXX_FLAGS_RELEASE:STRING=-O3 -DNDEBUG,wikimedia_wikipedia_mxbai,/home/yunchih/code/simsearch/python/out/local_query_embeddings_1024.parquet,/home/yunchih/code/simsearch/python/query_embeddings/combined.jsonl,313,1024,100,50,two_step_mf_RF50,181,0,0.001102,0.000711,0.003397,0.086883,0.001383,0.094347,0.25111553767168043,0.19047619047619047,313
0bbeb0653a569e5394ac94a502549b079f7a055c,meow1,AMD Ryzen 9 9950X 16-Core Processor,c++ (Ubuntu 15.2.0-4ubuntu4) 15.2.0,CMAKE_CXX_FLAGS:STRING= CMAKE_CXX_FLAGS_RELEASE:STRING=-O3 -DNDEBUG,wikimedia_wikipedia_mxbai,/home/yunchih/code/simsearch/python/out/local_query_embeddings_1024.parquet,/home/yunchih/code/simsearch/python/query_embeddings/combined.jsonl,313,1024,100,0,float32_avx2,182,0,0.0,0.0,0.0,0.0,0.0,0.012,1.0000000000000004,1.0,100
0bbeb0653a569e5394ac94a502549b079f7a055c,meow1,AMD Ryzen 9 9950X 16-Core Processor,c++ (Ubuntu 15.2.0-4ubuntu4) 15.2.0,CMAKE_CXX_FLAGS:STRING= CMAKE_CXX_FLAGS_RELEASE:STRING=-O3 -DNDEBUG,wikimedia_wikipedia_mxbai,/home/yunchih/code/simsearch/python/out/local_query_embeddings_1024.parquet,/home/yunchih/code/simsearch/python/query_embeddings/combined.jsonl,313,1024,100,0,binary,182,0,0.003467,0.000711,0.001062,0.0,0.0,0.005962,1.0000000000000004,1.0,100
0bbeb0653a569e5394ac94a502549b079f7a055c,meow1,AMD Ryzen 9 9950X 16-Core Processor,c++ (Ubuntu 15.2.0-4ubuntu4) 15.2.0,CMAKE_CXX_FLAGS:STRING= CMAKE_CXX_FLAGS_RELEASE:STRING=-O3 -DNDEBUG,wikimedia_wikipedia_mxbai,/home/yunchih/code/simsearch/python/out/local_query_embeddings_1024.parquet,/home/yunchih/code/simsearch/python/query_embeddings/combined.jsonl,313,1024,100,10,two_step_RF10,182,0,0.003346,0.000671,0.003407,0.011823,0.001442,0.02168,0.25111553767168043,0.19047619047619047,313
0bbeb0653a569e5394ac94a502549b079f7a055c,meow1,AMD Ryzen 9 9950X 16-Core Processor,c++ (Ubuntu 15.2.0-4ubuntu4) 15.2.0,CMAKE_CXX_FLAGS:STRING= CMAKE_CXX_FLAGS_RELEASE:STRING=-O3 -DNDEBUG,wikimedia_wikipedia_mxbai,/home/yunchih/code/simsearch/python/out/local_query_embeddings_1024.parquet,/home/yunchih/code/simsearch/python/query_embeddings/combined.jsonl,313,1024,100,50,two_step_RF50,182,0,0.000921,0.000722,0.003386,0.011602,0.001432,0.019096,0.25111553767168043,0.19047619047619047,313
0bbeb0653a569e5394ac94a502549b079f7a055c,meow1,AMD Ryzen 9 9950X 16-Core Processor,c++ (Ubuntu 15.2.0-4ubuntu4) 15.2.0,CMAKE_CXX_FLAGS:STRING= CMAKE_CXX_FLAGS_RELEASE:STRING=-O3 -DNDEBUG,wikimedia_wikipedia_mxbai,/home/yunchih/code/simsearch/python/out/local_query_embeddings_1024.parquet,/home/yunchih/code/simsearch/python/query_embeddings/combined.jsonl,313,1024,100,10,two_step_mf_RF10,182,0,0.003347,0.000731,0.003386,0.087594,0.001423,0.097393,0.25111553767168043,0.19047619047619047,313
0bbeb0653a569e5394ac94a502549b079f7a055c,meow1,AMD Ryzen 9 9950X 16-Core Processor,c++ (Ubuntu 15.2.0-4ubuntu4) 15.2.0,CMAKE_CXX_FLAGS:STRING= CMAKE_CXX_FLAGS_RELEASE:STRING=-O3 -DNDEBUG,wikimedia_wikipedia_mxbai,/home/yunchih/code/simsearch/python/out/local_query_embeddings_1024.parquet,/home/yunchih/code/simsearch/python/query_embeddings/combined.jsonl,313,1024,100,50,two_step_mf_RF50,182,0,0.001162,0.000681,0.003387,0.086813,0.001413,0.094307,0.25111553767168043,0.19047619047619047,313
0bbeb0653a569e5394ac94a502549b079f7a055c,meow1,AMD Ryzen 9 9950X 16-Core Processor,c++ (Ubuntu 15.2.0-4ubuntu4) 15.2.0,CMAKE_CXX_FLAGS:STRING= CMAKE_CXX_FLAGS_RELEASE:STRING=-O3 -DNDEBUG,wikimedia_wikipedia_mxbai,/home/yunchih/code/simsearch/python/out/local_query_embeddings_1024.parquet,/home/yunchih/code/simsearch/python/query_embeddings/combined.jsonl,313,1024,100,0,float32_avx2,183,0,0.0,0.0,0.0,0.0,0.0,0.012,1.0000000000000004,1.0,100
0bbeb0653a569e5394ac94a502549b079f7a055c,meow1,AMD Ryzen 9 9950X 16-Core Processor,c++ (Ubuntu 15.2.0-4ubuntu4) 15.2.0,CMAKE_CXX_FLAGS:STRING= CMAKE_CXX_FLAGS_RELEASE:STRING=-O3 -DNDEBUG,wikimedia_wikipedia_mxbai,/home/yunchih/code/simsearch/python/out/local_query_embeddings_1024.parquet,/home/yunchih/code/simsearch/python/query_embeddings/combined.jsonl,313,1024,100,0,binary,183,0,0.003367,0.000651,0.001032,0.0,0.0,0.005801,1.0000000000000004,1.0,100
0bbeb0653a569e5394ac94a502549b079f7a055c,meow1,AMD Ryzen 9 9950X 16-Core Processor,c++ (Ubuntu 15.2.0-4ubuntu4) 15.2.0,CMAKE_CXX_FLAGS:STRING= CMAKE_CXX_FLAGS_RELEASE:STRING=-O3 -DNDEBUG,wikimedia_wikipedia_mxbai,/home/yunchih/code/simsearch/python/out/local_query_embeddings_1024.parquet,/home/yunchih/code/simsearch/python/query_embeddings/combined.jsonl,313,1024,100,10,two_step_RF10,183,0,0.003176,0.000641,0.003386,0.011491,0.001412,0.021159,0.25111553767168043,0.19047619047619047,313
0bbeb0653a569e5394ac94a502549b079f7a055c,meow1,AMD Ryzen 9 9950X 16-Core Processor,c++ (Ubuntu 15.2.0-4ubuntu4) 15.2.0,CMAKE_CXX_FLAGS:STRING= CMAKE_CXX_FLAGS_RELEASE:STRING=-O3 -DNDEBUG,wikimedia_wikipedia_mxbai,/home/yunchih/code/simsearch/python/out/local_query_embeddings_1024.parquet,/home/yunchih/code/simsearch/python/query_embeddings/combined.jsonl,313,1024,100,50,two_step_RF50,183,0,0.000902,0.000671,0.003386,0.011432,0.001392,0.018855,0.25111553767168043,0.19047619047619047,313
0bbeb0653a569e5394ac94a502549b079f7a055c,meow1,AMD Ryzen 9 9950X 16-Core Processor,c++ (Ubuntu 15.2.0-4ubuntu4) 15.2.0,CMAKE_CXX_FLAGS:STRING= CMAKE_CXX_FLAGS_RELEASE:STRING=-O3 -DNDEBUG,wikimedia_wikipedia_mxbai,/home/yunchih/code/simsearch/python/out/local_query_embeddings_1024.parquet,/home/yunchih/code/simsearch/python/query_embeddings/combined.jsonl,313,1024,100,10,two_step_mf_RF10,183,0,0.003387,0.000671,0.003376,0.087404,0.001413,0.097203,0.25111553767168043,0.19047619047619047,313
0bbeb0653a569e5394ac94a502549b079f7a055c,meow1,AMD Ryzen 9 9950X 16-Core Processor,c++ (Ubuntu 15.2.0-4ubuntu4) 15.2.0,CMAKE_CXX_FLAGS:STRING= CMAKE_CXX_FLAGS_RELEASE:STRING=-O3 -DNDEBUG,wikimedia_wikipedia_mxbai,/home/yunchih/code/simsearch/python/out/local_query_embeddings_1024.parquet,/home/yunchih/code/simsearch/python/query_embeddings/combined.jsonl,313,1024,100,50,two_step_mf_RF50,183,0,0.001072,0.000632,0.003426,0.086784,0.001382,0.094177,0.25111553767168043,0.19047619047619047,313
0bbeb0653a569e5394ac94a502549b079f7a055c,meow1,AMD Ryzen 9 9950X 16-Core Processor,c++ (Ubuntu 15.2.0-4ubuntu4) 15.2.0,CMAKE_CXX_FLAGS:STRING= CMAKE_CXX_FLAGS_RELEASE:STRING=-O3 -DNDEBUG,wikimedia_wikipedia_mxbai,/home/yunchih/code/simsearch/python/out/local_query_embeddings_1024.parquet,/home/yunchih/code/simsearch/python/query_embeddings/combined.jsonl,313,1024,100,0,float32_avx2,184,0,0.0,0.0,0.0,0.0,0.0,0.011,1.0000000000000004,1.0,100
0bbeb0653a569e5394ac94a502549b079f7a055c,meow1,AMD Ryzen 9 9950X 16-Core Processor,c++ (Ubuntu 15.2.0-4ubuntu4) 15.2.0,CMAKE_CXX_FLAGS:STRING= CMAKE_CXX_FLAGS_RELEASE:STRING=-O3 -DNDEBUG,wikimedia_wikipedia_mxbai,/home/yunchih/code/simsearch/python/out/local_query_embeddings_1024.parquet,/home/yunchih/code/simsearch/python/query_embeddings/combined.jsonl,313,1024,100,0,binary,184,0,0.003566,0.000671,0.001032,0.0,0.0,0.005971,1.0000000000000004,1.0,100
0bbeb0653a569e5394ac94a502549b079f7a055c,meow1,AMD Ryzen 9 9950X 16-Core Processor,c++ (Ubuntu 15.2.0-4ubuntu4) 15.2.0,CMAKE_CXX_FLAGS:STRING= CMAKE_CXX_FLAGS_RELEASE:STRING=-O3 -DNDEBUG,wikimedia_wikipedia_mxbai,/home/yunchih/code/simsearch/python/out/local_query_embeddings_1024.parquet,/home/yunchih/code/simsearch/python/query_embeddings/combined.jsonl,313,1024,100,10,two_step_RF10,184,0,0.003316,0.000621,0.003366,0.011572,0.001402,0.021239,0.25111553767168043,0.19047619047619047,313
0bbeb0653a569e5394ac94a502549b079f7a055c,meow1,AMD Ryzen 9 9950X 16-Core Processor,c++ (Ubuntu 15.2.0-4ubuntu4) 15.2.0,CMAKE_CXX_FLAGS:STRING= CMAKE_CXX_FLAGS_RELEASE:STRING=-O3 -DNDEBUG,wikimedia_wikipedia_mxbai,/home/yunchih/code/simsearch/python/out/local_query_embeddings_1024.parquet,/home/yunchih/code/simsearch/python/query_embeddings/combined.jsonl,313,1024,100,50,two_step_RF50,184,0,0.000912,0.000651,0.003397,0.011512,0.001423,0.018936,0.25111553767168043,0.19047619047619047,313
0bbeb0653a569e5394ac94a502549b079f7a055c,meow1,AMD Ryzen 9 9950X 16-Core Processor,c++ (Ubuntu 15.2.0-4ubuntu4) 15.2.0,CMAKE_CXX_FLAGS:STRING= CMAKE_CXX_FLAGS_RELEASE:STRING=-O3 -DNDEBUG,wikimedia_wikipedia_mxbai,/home/yunchih/code/simsearch/python/out/local_query_embeddings_1024.parquet,/home/yunchih/code/simsearch/python/query_embeddings/combined.jsonl,313,1024,100,10,two_step_mf_RF10,184,0,0.003076,0.000662,0.003416,0.087485,0.001423,0.097013,0.25111553767168043,0.19047619047619047,313
0bbeb0653a569e5394ac94a502549b079f7a055c,meow1,AMD Ryzen 9 9950X 16-Core Processor,c++ (Ubuntu 15.2.0-4ubuntu4) 15.2.0,CMAKE_CXX_FLAGS:STRING= CMAKE_CXX_FLAGS_RELEASE:STRING=-O3 -DNDEBUG,wikimedia_wikipedia_mxbai,/home/yunchih/code/simsearch/python/out/local_query_embeddings_1024.parquet,/home/yunchih/code/simsearch/python/query_embeddings/combined.jsonl,313,1024,100,50,two_step_mf_RF50,184,0,0.001052,0.000642,0.003416,0.088797,0.001413,0.096181,0.25111553767168043,0.19047619047619047,313
0bbeb0653a569e5394ac94a502549b079f7a055c,meow1,AMD Ryzen 9 9950X 16-Core Processor,c++ (Ubuntu 15.2.0-4ubuntu4) 15.2.0,CMAKE_CXX_FLAGS:STRING= CMAKE_CXX_FLAGS_RELEASE:STRING=-O3 -DNDEBUG,wikimedia_wikipedia_mxbai,/home/yunchih/code/simsearch/python/out/local_query_embeddings_1024.parquet,/home/yunchih/code/simsearch/python/query_embeddings/combined.jsonl,313,1024,100,0,float32_avx2,185,0,0.0,0.0,0.0,0.0,0.0,0.012,1.0000000000000004,1.0,100
0bbeb0653a569e5394ac94a502549b079f7a055c,meow1,AMD Ryzen 9 9950X 16-Core Processor,c++ (Ubuntu 15.2.0-4ubuntu4) 15.2.0,CMAKE_CXX_FLAGS:STRING= CMAKE_CXX_FLAGS_RELEASE:STRING=-O3 -DNDEBUG,wikimedia_wikipedia_mxbai,/home/yunchih/code/simsearch/python/out/local_query_embeddings_1024.parquet,/home/yunchih/code/simsearch/python/query_embeddings/combined.jsonl,313,1024,100,0,binary,185,0,0.003497,0.000641,0.001032,0.0,0.0,0.005921,1.0000000000000004,1.0,100
0bbeb0653a569e5394ac94a502549b079f7a055c,meow1,AMD Ryzen 9 9950X 16-Core Processor,c++ (Ubuntu 15.2.0-4ubuntu4) 15.2.0,CMAKE_CXX_FLAGS:STRING= CMAKE_CXX_FLAGS_RELEASE:STRING=-O3 -DNDEBUG,wikimedia_wikipedia_mxbai,/home/yunchih/code/simsearch/python/out/local_query_embeddings_1024.parquet,/home/yunchih/code/simsearch/python/query_embeddings/combined.jsonl,313,1024,100,10,two_step_RF10,185,0,0.003296,0.000641,0.003396,0.011522,0.001412,0.02125,0.25111553767168043,0.19047619047619047,313
0bbeb0653a569e5394ac94a502549b079f7a055c,meow1,AMD Ryzen 9 9950X 16-Core Processor,c++ (Ubuntu 15.2.0-4ubuntu4) 15.2.0,CMAKE_CXX_FLAGS:STRING= CMAKE_CXX_FLAGS_RELEASE:STRING=-O3 -DNDEBUG,wikimedia_wikipedia_mxbai,/home/yunchih/code/simsearch/python/out/local_query_embeddings_1024.parquet,/home/yunchih/code/simsearch/python/query_embeddings/combined.jsonl,313,1024,100,50,two_step_RF50,185,0,0.000972,0.000662,0.003446,0.011431,0.001493,0.019086,0.25111553767168043,0.19047619047619047,313
0bbeb0653a569e5394ac94a502549b079f7a055c,meow1,AMD Ryzen 9 9950X 16-Core Processor,c++ (Ubuntu 15.2.0-4ubuntu4) 15.2.0,CMAKE_CXX_FLAGS:STRING= CMAKE_CXX_FLAGS_RELEASE:STRING=-O3 -DNDEBUG,wikimedia_wikipedia_mxbai,/home/yunchih/code/simsearch/python/out/local_query_embeddings_1024.parquet,/home/yunchih/code/simsearch/python/query_embeddings/combined.jsonl,313,1024,100,10,two_step_mf_RF10,185,0,0.003346,0.000671,0.003407,0.087445,0.001402,0.097202,0.25111553767168043,0.19047619047619047,313
0bbeb0653a569e5394ac94a502549b079f7a055c,meow1,AMD Ryzen 9 9950X 16-Core Processor,c++ (Ubuntu 15.2.0-4ubuntu4) 15.2.0,CMAKE_CXX_FLAGS:STRING= CMAKE_CXX_FLAGS_RELEASE:STRING=-O3 -DNDEBUG,wikimedia_wikipedia_mxbai,/home/yunchih/code/simsearch/python/out/local_query_embeddings_1024.parquet,/home/yunchih/code/simsearch/python/query_embeddings/combined.jsonl,313,1024,100,50,two_step_mf_RF50,185,0,0.001162,0.000651,0.003427,0.086753,0.001393,0.094257,0.25111553767168043,0.19047619047619047,313
0bbeb0653a569e5394ac94a502549b079f7a055c,meow1,AMD Ryzen 9 9950X 16-Core Processor,c++ (Ubuntu 15.2.0-4ubuntu4) 15.2.0,CMAKE_CXX_FLAGS:STRING= CMAKE_CXX_FLAGS_RELEASE:STRING=-O3 -DNDEBUG,wikimedia_wikipedia_mxbai,/home/yunchih/code/simsearch/python/out/local_query_embeddings_1024.parquet,/home/yunchih/code/simsearch/python/query_embeddings/combined.jsonl,313,1024,100,0,float32_avx2,186,0,0.0,0.0,0.0,0.0,0.0,0.012,1.0000000000000004,1.0,100
0bbeb0653a569e5394ac94a502549b079f7a055c,meow1,AMD Ryzen 9 9950X 16-Core Processor,c++ (Ubuntu 15.2.0-4ubuntu4) 15.2.0,CMAKE_CXX_FLAGS:STRING= CMAKE_CXX_FLAGS_RELEASE:STRING=-O3 -DNDEBUG,wikimedia_wikipedia_mxbai,/home/yunchih/code/simsearch/python/out/local_query_embeddings_1024.parquet,/home/yunchih/code/simsearch/python/query_embeddings/combined.jsonl,313,1024,100,0,binary,186,0,0.003436,0.000661,0.001042,0.0,0.0,0.00585,1.0000000000000004,1.0,100
0bbeb0653a569e5394ac94a502549b079f7a055c,meow1,AMD Ryzen 9 9950X 16-Core Processor,c++ (Ubuntu 15.2.0-4ubuntu4) 15.2.0,CMAKE_CXX_FLAGS:STRING= CMAKE_CXX_FLAGS_RELEASE:STRING=-O3 -DNDEBUG,wikimedia_wikipedia_mxbai,/home/yunchih/code/simsearch/python/out/local_query_embeddings_1024.parquet,/home/yunchih/code/simsearch/python/query_embeddings/combined.jsonl,313,1024,100,10,two_step_RF10,186,0,0.003327,0.000621,0.003356,0.013736,0.001412,0.023434,0.25111553767168043,0.19047619047619047,313
0bbeb0653a569e5394ac94a502549b079f7a055c,meow1,AMD Ryzen 9 9950X 16-Core Processor,c++ (Ubuntu 15.2.0-4ubuntu4) 15.2.0,CMAKE_CXX_FLAGS:STRING= CMAKE_CXX_FLAGS_RELEASE:STRING=-O3 -DNDEBUG,wikimedia_wikipedia_mxbai,/home/yunchih/code/simsearch/python/out/local_query_embeddings_1024.parquet,/home/yunchih/code/simsearch/python/query_embeddings/combined.jsonl,313,1024,100,50,two_step_RF50,186,0,0.000931,0.000662,0.003426,0.011461,0.001503,0.019005,0.25111553767168043,0.19047619047619047,313
0bbeb0653a569e5394ac94a502549b079f7a055c,meow1,AMD Ryzen 9 9950X 16-Core Processor,c++ (Ubuntu 15.2.0-4ubuntu4) 15.2.0,CMAKE_CXX_FLAGS:STRING= CMAKE_CXX_FLAGS_RELEASE:STRING=-O3 -DNDEBUG,wikimedia_wikipedia_mxbai,/home/yunchih/code/simsearch/python/out/local_query_embeddings_1024.parquet,/home/yunchih/code/simsearch/python/query_embeddings/combined.jsonl,313,1024,100,10,two_step_mf_RF10,186,0,0.003267,0.000661,0.003376,0.087594,0.001403,0.097233,0.25111553767168043,0.19047619047619047,313
0bbeb0653a569e5394ac94a502549b079f7a055c,meow1,AMD Ryzen 9 9950X 16-Core Processor,c++ (Ubuntu 15.2.0-4ubuntu4) 15.2.0,CMAKE_CXX_FLAGS:STRING= CMAKE_CXX_FLAGS_RELEASE:STRING=-O3 -DNDEBUG,wikimedia_wikipedia_mxbai,/home/yunchih/code/simsearch/python/out/local_query_embeddings_1024.parquet,/home/yunchih/code/simsearch/python/query_embeddings/combined.jsonl,313,1024,100,50,two_step_mf_RF50,186,0,0.000892,0.000621,0.003376,0.086893,0.001413,0.094057,0.25111553767168043,0.19047619047619047,313
0bbeb0653a569e5394ac94a502549b079f7a055c,meow1,AMD Ryzen 9 9950X 16-Core Processor,c++ (Ubuntu 15.2.0-4ubuntu4) 15.2.0,CMAKE_CXX_FLAGS:STRING= CMAKE_CXX_FLAGS_RELEASE:STRING=-O3 -DNDEBUG,wikimedia_wikipedia_mxbai,/home/yunchih/code/simsearch/python/out/local_query_embeddings_1024.parquet,/home/yunchih/code/simsearch/python/query_embeddings/combined.jsonl,313,1024,100,0,float32_avx2,187,0,0.0,0.0,0.0,0.0,0.0,0.012,1.0000000000000004,1.0,100
0bbeb0653a569e5394ac94a502549b079f7a055c,meow1,AMD Ryzen 9 9950X 16-Core Processor,c++ (Ubuntu 15.2.0-4ubuntu4) 15.2.0,CMAKE_CXX_FLAGS:STRING= CMAKE_CXX_FLAGS_RELEASE:STRING=-O3 -DNDEBUG,wikimedia_wikipedia_mxbai,/home/yunchih/code/simsearch/python/out/local_query_embeddings_1024.parquet,/home/yunchih/code/simsearch/python/query_embeddings/combined.jsonl,313,1024,100,0,binary,187,0,0.003426,0.000642,0.001032,0.0,0.0,0.005821,1.0000000000000004,1.0,100
0bbeb0653a569e5394ac94a502549b079f7a055c,meow1,AMD Ryzen 9 9950X 16-Core Processor,c++ (Ubuntu 15.2.0-4ubuntu4) 15.2.0,CMAKE_CXX_FLAGS:STRING= CMAKE_CXX_FLAGS_RELEASE:STRING=-O3 -DNDEBUG,wikimedia_wikipedia_mxbai,/home/yunchih/code/simsearch/python/out/local_query_embeddings_1024.parquet,/home/yunchih/code/simsearch/python/query_embeddings/combined.jsonl,313,1024,100,10,two_step_RF10,187,0,0.003176,0.000631,0.003386,0.011582,0.001432,0.02121,0.25111553767168043,0.19047619047619047,313
0bbeb0653a569e5394ac94a502549b079f7a055c,meow1,AMD Ryzen 9 9950X 16-Core Processor,c++ (Ubuntu 15.2.0-4ubuntu4) 15.2.0,CMAKE_CXX_FLAGS:STRING= CMAKE_CXX_FLAGS_RELEASE:STRING=-O3 -DNDEBUG,wikimedia_wikipedia_mxbai,/home/yunchih/code/simsearch/python/out/local_query_embeddings_1024.parquet,/home/yunchih/code/simsearch/python/query_embeddings/combined.jsonl,313,1024,100,50,two_step_RF50,187,0,0.000982,0.000652,0.003396,0.011471,0.001463,0.019026,0.25111553767168043,0.19047619047619047,313
0bbeb0653a569e5394ac94a502549b079f7a055c,meow1,AMD Ryzen 9 9950X 16-Core Processor,c++ (Ubuntu 15.2.0-4ubuntu4) 15.2.0,CMAKE_CXX_FLAGS:STRING= CMAKE_CXX_FLAGS_RELEASE:STRING=-O3 -DNDEBUG,wikimedia_wikipedia_mxbai,/home/yunchih/code/simsearch/python/out/local_query_embeddings_1024.parquet,/home/yunchih/code/simsearch/python/query_embeddings/combined.jsonl,313,1024,100,10,two_step_mf_RF10,187,0,0.003226,0.000651,0.003406,0.087484,0.001423,0.097133,0.25111553767168043,0.19047619047619047,313
0bbeb0653a569e5394ac94a502549b079f7a055c,meow1,AMD Ryzen 9 9950X 16-Core Processor,c++ (Ubuntu 15.2.0-4ubuntu4) 15.2.0,CMAKE_CXX_FLAGS:STRING= CMAKE_CXX_FLAGS_RELEASE:STRING=-O3 -DNDEBUG,wikimedia_wikipedia_mxbai,/home/yunchih/code/simsearch/python/out/local_query_embeddings_1024.parquet,/home/yunchih/code/simsearch/python/query_embeddings/combined.jsonl,313,1024,100,50,two_step_mf_RF50,187,0,0.000912,0.000651,0.003437,0.086853,0.001383,0.094097,0.25111553767168043,0.19047619047619047,313
0bbeb0653a569e5394ac94a502549b079f7a055c,meow1,AMD Ryzen 9 9950X 16-Core Processor,c++ (Ubuntu 15.2.0-4ubuntu4) 15.2.0,CMAKE_CXX_FLAGS:STRING= CMAKE_CXX_FLAGS_RELEASE:STRING=-O3 -DNDEBUG,wikimedia_wikipedia_mxbai,/home/yunchih/code/simsearch/python/out/local_query_embeddings_1024.parquet,/home/yunchih/code/simsearch/python/query_embeddings/combined.jsonl,313,1024,100,0,float32_avx2,188,0,0.0,0.0,0.0,0.0,0.0,0.012,1.0000000000000004,1.0,100
0bbeb0653a569e5394ac94a502549b079f7a055c,meow1,AMD Ryzen 9 9950X 16-Core Processor,c++ (Ubuntu 15.2.0-4ubuntu4) 15.2.0,CMAKE_CXX_FLAGS:STRING= CMAKE_CXX_FLAGS_RELEASE:STRING=-O3 -DNDEBUG,wikimedia_wikipedia_mxbai,/home/yunchih/code/simsearch/python/out/local_query_embeddings_1024.parquet,/home/yunchih/code/simsearch/python/query_embeddings/combined.jsonl,313,1024,100,0,binary,188,0,0.003527,0.000651,0.001032,0.0,0.0,0.005921,1.0000000000000004,1.0,100
0bbeb0653a569e5394ac94a502549b079f7a055c,meow1,AMD Ryzen 9 9950X 16-Core Processor,c++ (Ubuntu 15.2.0-4ubuntu4) 15.2.0,CMAKE_CXX_FLAGS:STRING= CMAKE_CXX_FLAGS_RELEASE:STRING=-O3 -DNDEBUG,wikimedia_wikipedia_mxbai,/home/yunchih/code/simsearch/python/out/local_query_embeddings_1024.parquet,/home/yunchih/code/simsearch/python/query_embeddings/combined.jsonl,313,1024,100,10,two_step_RF10,188,0,0.003125,0.000601,0.003376,0.011611,0.001423,0.021089,0.25111553767168043,0.19047619047619047,313
0bbeb0653a569e5394ac94a502549b079f7a055c,meow1,AMD Ryzen 9 9950X 16-Core Processor,c++ (Ubuntu 15.2.0-4ubuntu4) 15.2.0,CMAKE_CXX_FLAGS:STRING= CMAKE_CXX_FLAGS_RELEASE:STRING=-O3 -DNDEBUG,wikimedia_wikipedia_mxbai,/home/yunchih/code/simsearch/python/out/local_query_embeddings_1024.parquet,/home/yunchih/code/simsearch/python/query_embeddings/combined.jsonl,313,1024,100,50,two_step_RF50,188,0,0.000941,0.000651,0.003396,0.011461,0.001383,0.018845,0.25111553767168043,0.19047619047619047,313
0bbeb0653a569e5394ac94a502549b079f7a055c,meow1,AMD Ryzen 9 9950X 16-Core Processor,c++ (Ubuntu 15.2.0-4ubuntu4) 15.2.0,CMAKE_CXX_FLAGS:STRING= CMAKE_CXX_FLAGS_RELEASE:STRING=-O3 -DNDEBUG,wikimedia_wikipedia_mxbai,/home/yunchih/code/simsearch/python/out/local_query_embeddings_1024.parquet,/home/yunchih/code/simsearch/python/query_embeddings/combined.jsonl,313,1024,100,10,two_step_mf_RF10,188,0,0.003196,0.000641,0.003387,0.087605,0.001352,0.097122,0.25111553767168043,0.19047619047619047,313
0bbeb0653a569e5394ac94a502549b079f7a055c,meow1,AMD Ryzen 9 9950X 16-Core Processor,c++ (Ubuntu 15.2.0-4ubuntu4) 15.2.0,CMAKE_CXX_FLAGS:STRING= CMAKE_CXX_FLAGS_RELEASE:STRING=-O3 -DNDEBUG,wikimedia_wikipedia_mxbai,/home/yunchih/code/simsearch/python/out/local_query_embeddings_1024.parquet,/home/yunchih/code/simsearch/python/query_embeddings/combined.jsonl,313,1024,100,50,two_step_mf_RF50,188,0,0.001162,0.000641,0.003406,0.086904,0.001432,0.094378,0.25111553767168043,0.19047619047619047,313
0bbeb0653a569e5394ac94a502549b079f7a055c,meow1,AMD Ryzen 9 9950X 16-Core Processor,c++ (Ubuntu 15.2.0-4ubuntu4) 15.2.0,CMAKE_CXX_FLAGS:STRING= CMAKE_CXX_FLAGS_RELEASE:STRING=-O3 -DNDEBUG,wikimedia_wikipedia_mxbai,/home/yunchih/code/simsearch/python/out/local_query_embeddings_1024.parquet,/home/yunchih/code/simsearch/python/query_embeddings/combined.jsonl,313,1024,100,0,float32_avx2,189,0,0.0,0.0,0.0,0.0,0.0,0.011,1.0000000000000004,1.0,100
0bbeb0653a569e5394ac94a502549b079f7a055c,meow1,AMD Ryzen 9 9950X 16-Core Processor,c++ (Ubuntu 15.2.0-4ubuntu4) 15.2.0,CMAKE_CXX_FLAGS:STRING= CMAKE_CXX_FLAGS_RELEASE:STRING=-O3 -DNDEBUG,wikimedia_wikipedia_mxbai,/home/yunchih/code/simsearch/python/out/local_query_embeddings_1024.parquet,/home/yunchih/code/simsearch/python/query_embeddings/combined.jsonl,313,1024,100,0,binary,189,0,0.003527,0.000651,0.001032,0.0,0.0,0.005971,1.0000000000000004,1.0,100
0bbeb0653a569e5394ac94a502549b079f7a055c,meow1,AMD Ryzen 9 9950X 16-Core Processor,c++ (Ubuntu 15.2.0-4ubuntu4) 15.2.0,CMAKE_CXX_FLAGS:STRING= CMAKE_CXX_FLAGS_RELEASE:STRING=-O3 -DNDEBUG,wikimedia_wikipedia_mxbai,/home/yunchih/code/simsearch/python/out/local_query_embeddings_1024.parquet,/home/yunchih/code/simsearch/python/query_embeddings/combined.jsonl,313,1024,100,10,two_step_RF10,189,0,0.003326,0.000622,0.003396,0.011611,0.001422,0.0214,0.25111553767168043,0.19047619047619047,313
0bbeb0653a569e5394ac94a502549b079f7a055c,meow1,AMD Ryzen 9 9950X 16-Core Processor,c++ (Ubuntu 15.2.0-4ubuntu4) 15.2.0,CMAKE_CXX_FLAGS:STRING= CMAKE_CXX_FLAGS_RELEASE:STRING=-O3 -DNDEBUG,wikimedia_wikipedia_mxbai,/home/yunchih/code/simsearch/python/out/local_query_embeddings_1024.parquet,/home/yunchih/code/simsearch/python/query_embeddings/combined.jsonl,313,1024,100,50,two_step_RF50,189,0,0.000911,0.000682,0.003396,0.011431,0.001413,0.018895,0.25111553767168043,0.19047619047619047,313
0bbeb0653a569e5394ac94a502549b079f7a055c,meow1,AMD Ryzen 9 9950X 16-Core Processor,c++ (Ubuntu 15.2.0-4ubuntu4) 15.2.0,CMAKE_CXX_FLAGS:STRING= CMAKE_CXX_FLAGS_RELEASE:STRING=-O3 -DNDEBUG,wikimedia_wikipedia_mxbai,/home/yunchih/code/simsearch/python/out/local_query_embeddings_1024.parquet,/home/yunchih/code/simsearch/python/query_embeddings/combined.jsonl,313,1024,100,10,two_step_mf_RF10,189,0,0.003347,0.000651,0.003386,0.090349,0.001393,0.100098,0.25111553767168043,0.19047619047619047,313
0bbeb0653a569e5394ac94a502549b079f7a055c,meow1,AMD Ryzen 9 9950X 16-Core Processor,c++ (Ubuntu 15.2.0-4ubuntu4) 15.2.0,CMAKE_CXX_FLAGS:STRING= CMAKE_CXX_FLAGS_RELEASE:STRING=-O3 -DNDEBUG,wikimedia_wikipedia_mxbai,/home/yunchih/code/simsearch/python/out/local_query_embeddings_1024.parquet,/home/yunchih/code/simsearch/python/query_embeddings/combined.jsonl,313,1024,100,50,two_step_mf_RF50,189,0,0.000981,0.000651,0.003406,0.086692,0.001433,0.094056,0.25111553767168043,0.19047619047619047,313
0bbeb0653a569e5394ac94a502549b079f7a055c,meow1,AMD Ryzen 9 9950X 16-Core Processor,c++ (Ubuntu 15.2.0-4ubuntu4) 15.2.0,CMAKE_CXX_FLAGS:STRING= CMAKE_CXX_FLAGS_RELEASE:STRING=-O3 -DNDEBUG,wikimedia_wikipedia_mxbai,/home/yunchih/code/simsearch/python/out/local_query_embeddings_1024.parquet,/home/yunchih/code/simsearch/python/query_embeddings/combined.jsonl,313,1024,100,0,float32_avx2,190,0,0.0,0.0,0.0,0.0,0.0,0.012,1.0000000000000004,1.0,100
0bbeb0653a569e5394ac94a502549b079f7a055c,meow1,AMD Ryzen 9 9950X 16-Core Processor,c++ (Ubuntu 15.2.0-4ubuntu4) 15.2.0,CMAKE_CXX_FLAGS:STRING= CMAKE_CXX_FLAGS_RELEASE:STRING=-O3 -DNDEBUG,wikimedia_wikipedia_mxbai,/home/yunchih/code/simsearch/python/out/local_query_embeddings_1024.parquet,/home/yunchih/code/simsearch/python/query_embeddings/combined.jsonl,313,1024,100,0,binary,190,0,0.003547,0.000651,0.001072,0.0,0.0,0.005971,1.0000000000000004,1.0,100
0bbeb0653a569e5394ac94a502549b079f7a055c,meow1,AMD Ryzen 9 9950X 16-Core Processor,c++ (Ubuntu 15.2.0-4ubuntu4) 15.2.0,CMAKE_CXX_FLAGS:STRING= CMAKE_CXX_FLAGS_RELEASE:STRING=-O3 -DNDEBUG,wikimedia_wikipedia_mxbai,/home/yunchih/code/simsearch/python/out/local_query_embeddings_1024.parquet,/home/yunchih/code/simsearch/python/query_embeddings/combined.jsonl,313,1024,100,10,two_step_RF10,190,0,0.003186,0.000612,0.003376,0.011631,0.001403,0.02118,0.25111553767168043,0.19047619047619047,313
0bbeb0653a569e5394ac94a502549b079f7a055c,meow1,AMD Ryzen 9 9950X 16-Core Processor,c++ (Ubuntu 15.2.0-4ubuntu4) 15.2.0,CMAKE_CXX_FLAGS:STRING= CMAKE_CXX_FLAGS_RELEASE:STRING=-O3 -DNDEBUG,wikimedia_wikipedia_mxbai,/home/yunchih/code/simsearch/python/out/local_query_embeddings_1024.parquet,/home/yunchih/code/simsearch/python/query_embeddings/combined.jsonl,313,1024,100,50,two_step_RF50,190,0,0.000741,0.000652,0.003416,0.011411,0.001443,0.018685,0.25111553767168043,0.19047619047619047,313
0bbeb0653a569e5394ac94a502549b079f7a055c,meow1,AMD Ryzen 9 9950X 16-Core Processor,c++ (Ubuntu 15.2.0-4ubuntu4) 15.2.0,CMAKE_CXX_FLAGS:STRING= CMAKE_CXX_FLAGS_RELEASE:STRING=-O3 -DNDEBUG,wikimedia_wikipedia_mxbai,/home/yunchih/code/simsearch/python/out/local_query_embeddings_1024.parquet,/home/yunchih/code/simsearch/python/query_embeddings/combined.jsonl,313,1024,100,10,two_step_mf_RF10,190,0,0.003286,0.000661,0.003357,0.087404,0.001423,0.097072,0.25111553767168043,0.19047619047619047,313
0bbeb0653a569e5394ac94a502549b079f7a055c,meow1,AMD Ryzen 9 9950X 16-Core Processor,c++ (Ubuntu 15.2.0-4ubuntu4) 15.2.0,CMAKE_CXX_FLAGS:STRING= CMAKE_CXX_FLAGS_RELEASE:STRING=-O3 -DNDEBUG,wikimedia_wikipedia_mxbai,/home/yunchih/code/simsearch/python/out/local_query_embeddings_1024.parquet,/home/yunchih/code/simsearch/python/query_embeddings/combined.jsonl,313,1024,100,50,two_step_mf_RF50,190,0,0.000921,0.000641,0.003396,0.086743,0.001433,0.093976,0.25111553767168043,0.19047619047619047,313
0bbeb0653a569e5394ac94a502549b079f7a055c,meow1,AMD Ryzen 9 9950X 16-Core Processor,c++ (Ubuntu 15.2.0-4ubuntu4) 15.2.0,CMAKE_CXX_FLAGS:STRING= CMAKE_CXX_FLAGS_RELEASE:STRING=-O3 -DNDEBUG,wikimedia_wikipedia_mxbai,/home/yunchih/code/simsearch/python/out/local_query_embeddings_1024.parquet,/home/yunchih/code/simsearch/python/query_embeddings/combined.jsonl,313,1024,100,0,float32_avx2,191,0,0.0,0.0,0.0,0.0,0.0,0.012,1.0000000000000004,1.0,100
0bbeb0653a569e5394ac94a502549b079f7a055c,meow1,AMD Ryzen 9 9950X 16-Core Processor,c++ (Ubuntu 15.2.0-4ubuntu4) 15.2.0,CMAKE_CXX_FLAGS:STRING= CMAKE_CXX_FLAGS_RELEASE:STRING=-O3 -DNDEBUG,wikimedia_wikipedia_mxbai,/home/yunchih/code/simsearch/python/out/local_query_embeddings_1024.parquet,/home/yunchih/code/simsearch/python/query_embeddings/combined.jsonl,313,1024,100,0,binary,191,0,0.003376,0.000631,0.001012,0.0,0.0,0.005771,1.0000000000000004,1.0,100
0bbeb0653a569e5394ac94a502549b079f7a055c,meow1,AMD Ryzen 9 9950X 16-Core Processor,c++ (Ubuntu 15.2.0-4ubuntu4) 15.2.0,CMAKE_CXX_FLAGS:STRING= CMAKE_CXX_FLAGS_RELEASE:STRING=-O3 -DNDEBUG,wikimedia_wikipedia_mxbai,/home/yunchih/code/simsearch/python/out/local_query_embeddings_1024.parquet,/home/yunchih/code/simsearch/python/query_embeddings/combined.jsonl,313,1024,100,10,two_step_RF10,191,0,0.003236,0.000631,0.003376,0.011562,0.001483,0.02129,0.25111553767168043,0.19047619047619047,313
0bbeb0653a569e5394ac94a502549b079f7a055c,meow1,AMD Ryzen 9 9950X 16-Core Processor,c++ (Ubuntu 15.2.0-4ubuntu4) 15.2.0,CMAKE_CXX_FLAGS:STRING= CMAKE_CXX_FLAGS_RELEASE:STRING=-O3 -DNDEBUG,wikimedia_wikipedia_mxbai,/home/yunchih/code/simsearch/python/out/local_query_embeddings_1024.parquet,/home/yunchih/code/simsearch/python/query_embeddings/combined.jsonl,313,1024,100,50,two_step_RF50,191,0,0.000932,0.000651,0.003396,0.011492,0.001462,0.018986,0.25111553767168043,0.19047619047619047,313
0bbeb0653a569e5394ac94a502549b079f7a055c,meow1,AMD Ryzen 9 9950X 16-Core Processor,c++ (Ubuntu 15.2.0-4ubuntu4) 15.2.0,CMAKE_CXX_FLAGS:STRING= CMAKE_CXX_FLAGS_RELEASE:STRING=-O3 -DNDEBUG,wikimedia_wikipedia_mxbai,/home/yunchih/code/simsearch/python/out/local_query_embeddings_1024.parquet,/home/yunchih/code/simsearch/python/query_embeddings/combined.jsonl,313,1024,100,10,two_step_mf_RF10,191,0,0.003436,0.000661,0.003387,0.087525,0.001422,0.097403,0.25111553767168043,0.19047619047619047,313
0bbeb0653a569e5394ac94a502549b079f7a055c,meow1,AMD Ryzen 9 9950X 16-Core Processor,c++ (Ubuntu 15.2.0-4ubuntu4) 15.2.0,CMAKE_CXX_FLAGS:STRING= CMAKE_CXX_FLAGS_RELEASE:STRING=-O3 -DNDEBUG,wikimedia_wikipedia_mxbai,/home/yunchih/code/simsearch/python/out/local_query_embeddings_1024.parquet,/home/yunchih/code/simsearch/python/query_embeddings/combined.jsonl,313,1024,100,50,two_step_mf_RF50,191,0,0.001092,0.000622,0.003396,0.086904,0.001342,0.094247,0.25111553767168043,0.19047619047619047,313
0bbeb0653a569e5394ac94a502549b079f7a055c,meow1,AMD Ryzen 9 9950X 16-Core Processor,c++ (Ubuntu 15.2.0-4ubuntu4) 15.2.0,CMAKE_CXX_FLAGS:STRING= CMAKE_CXX_FLAGS_RELEASE:STRING=-O3 -DNDEBUG,wikimedia_wikipedia_mxbai,/home/yunchih/code/simsearch/python/out/local_query_embeddings_1024.parquet,/home/yunchih/code/simsearch/python/query_embeddings/combined.jsonl,313,1024,100,0,float32_avx2,192,0,0.0,0.0,0.0,0.0,0.0,0.011,1.0000000000000004,1.0,100
0bbeb0653a569e5394ac94a502549b079f7a055c,meow1,AMD Ryzen 9 9950X 16-Core Processor,c++ (Ubuntu 15.2.0-4ubuntu4) 15.2.0,CMAKE_CXX_FLAGS:STRING= CMAKE_CXX_FLAGS_RELEASE:STRING=-O3 -DNDEBUG,wikimedia_wikipedia_mxbai,/home/yunchih/code/simsearch/python/out/local_query_embeddings_1024.parquet,/home/yunchih/code/simsearch/python/query_embeddings/combined.jsonl,313,1024,100,0,binary,192,0,0.003456,0.000641,0.001012,0.0,0.0,0.005811,1.0000000000000004,1.0,100
0bbeb0653a569e5394ac94a502549b079f7a055c,meow1,AMD Ryzen 9 9950X 16-Core Processor,c++ (Ubuntu 15.2.0-4ubuntu4) 15.2.0,CMAKE_CXX_FLAGS:STRING= CMAKE_CXX_FLAGS_RELEASE:STRING=-O3 -DNDEBUG,wikimedia_wikipedia_mxbai,/home/yunchih/code/simsearch/python/out/local_query_embeddings_1024.parquet,/home/yunchih/code/simsearch/python/query_embeddings/combined.jsonl,313,1024,100,10,two_step_RF10,192,0,0.003176,0.000621,0.003387,0.011442,0.001453,0.02105,0.25111553767168043,0.19047619047619047,313
0bbeb0653a569e5394ac94a502549b079f7a055c,meow1,AMD Ryzen 9 9950X 16-Core Processor,c++ (Ubuntu 15.2.0-4ubuntu4) 15.2.0,CMAKE_CXX_FLAGS:STRING= CMAKE_CXX_FLAGS_RELEASE:STRING=-O3 -DNDEBUG,wikimedia_wikipedia_mxbai,/home/yunchih/code/simsearch/python/out/local_query_embeddings_1024.parquet,/home/yunchih/code/simsearch/python/query_embeddings/combined.jsonl,313,1024,100,50,two_step_RF50,192,0,0.000952,0.000661,0.003427,0.011392,0.001462,0.018895,0.25111553767168043,0.19047619047619047,313
0bbeb0653a569e5394ac94a502549b079f7a055c,meow1,AMD Ryzen 9 9950X 16-Core Processor,c++ (Ubuntu 15.2.0-4ubuntu4) 15.2.0,CMAKE_CXX_FLAGS:STRING= CMAKE_CXX_FLAGS_RELEASE:STRING=-O3 -DNDEBUG,wikimedia_wikipedia_mxbai,/home/yunchih/code/simsearch/python/out/local_query_embeddings_1024.parquet,/home/yunchih/code/simsearch/python/query_embeddings/combined.jsonl,313,1024,100,10,two_step_mf_RF10,192,0,0.003297,0.000641,0.003366,0.087514,0.001423,0.097213,0.25111553767168043,0.19047619047619047,313
0bbeb0653a569e5394ac94a502549b079f7a055c,meow1,AMD Ryzen 9 9950X 16-Core Processor,c++ (Ubuntu 15.2.0-4ubuntu4) 15.2.0,CMAKE_CXX_FLAGS:STRING= CMAKE_CXX_FLAGS_RELEASE:STRING=-O3 -DNDEBUG,wikimedia_wikipedia_mxbai,/home/yunchih/code/simsearch/python/out/local_query_embeddings_1024.parquet,/home/yunchih/code/simsearch/python/query_embeddings/combined.jsonl,313,1024,100,50,two_step_mf_RF50,192,0,0.001172,0.000641,0.003407,0.089188,0.001402,0.096661,0.25111553767168043,0.19047619047619047,313
0bbeb0653a569e5394ac94a502549b079f7a055c,meow1,AMD Ryzen 9 9950X 16-Core Processor,c++ (Ubuntu 15.2.0-4ubuntu4) 15.2.0,CMAKE_CXX_FLAGS:STRING= CMAKE_CXX_FLAGS_RELEASE:STRING=-O3 -DNDEBUG,wikimedia_wikipedia_mxbai,/home/yunchih/code/simsearch/python/out/local_query_embeddings_1024.parquet,/home/yunchih/code/simsearch/python/query_embeddings/combined.jsonl,313,1024,100,0,float32_avx2,193,0,0.0,0.0,0.0,0.0,0.0,0.012,1.0000000000000004,1.0,100
0bbeb0653a569e5394ac94a502549b079f7a055c,meow1,AMD Ryzen 9 9950X 16-Core Processor,c++ (Ubuntu 15.2.0-4ubuntu4) 15.2.0,CMAKE_CXX_FLAGS:STRING= CMAKE_CXX_FLAGS_RELEASE:STRING=-O3 -DNDEBUG,wikimedia_wikipedia_mxbai,/home/yunchih/code/simsearch/python/out/local_query_embeddings_1024.parquet,/home/yunchih/code/simsearch/python/query_embeddings/combined.jsonl,313,1024,100,0,binary,193,0,0.003457,0.000651,0.001032,0.0,0.0,0.005881,1.0000000000000004,1.0,100
0bbeb0653a569e5394ac94a502549b079f7a055c,meow1,AMD Ryzen 9 9950X 16-Core Processor,c++ (Ubuntu 15.2.0-4ubuntu4) 15.2.0,CMAKE_CXX_FLAGS:STRING= CMAKE_CXX_FLAGS_RELEASE:STRING=-O3 -DNDEBUG,wikimedia_wikipedia_mxbai,/home/yunchih/code/simsearch/python/out/local_query_embeddings_1024.parquet,/home/yunchih/code/simsearch/python/query_embeddings/combined.jsonl,313,1024,100,10,two_step_RF10,193,0,0.003096,0.000621,0.003366,0.011562,0.001423,0.02108,0.25111553767168043,0.19047619047619047,313
0bbeb0653a569e5394ac94a502549b079f7a055c,meow1,AMD Ryzen 9 9950X 16-Core Processor,c++ (Ubuntu 15.2.0-4ubuntu4) 15.2.0,CMAKE_CXX_FLAGS:STRING= CMAKE_CXX_FLAGS_RELEASE:STRING=-O3 -DNDEBUG,wikimedia_wikipedia_mxbai,/home/yunchih/code/simsearch/python/out/local_query_embeddings_1024.parquet,/home/yunchih/code/simsearch/python/query_embeddings/combined.jsonl,313,1024,100,50,two_step_RF50,193,0,0.000701,0.000672,0.003436,0.011341,0.001403,0.018635,0.25111553767168043,0.19047619047619047,313
0bbeb0653a569e5394ac94a502549b079f7a055c,meow1,AMD Ryzen 9 9950X 16-Core Processor,c++ (Ubuntu 15.2.0-4ubuntu4) 15.2.0,CMAKE_CXX_FLAGS:STRING= CMAKE_CXX_FLAGS_RELEASE:STRING=-O3 -DNDEBUG,wikimedia_wikipedia_mxbai,/home/yunchih/code/simsearch/python/out/local_query_embeddings_1024.parquet,/home/yunchih/code/simsearch/python/query_embeddings/combined.jsonl,313,1024,100,10,two_step_mf_RF10,193,0,0.003326,0.000652,0.003396,0.087455,0.001392,0.097192,0.25111553767168043,0.19047619047619047,313
0bbeb0653a569e5394ac94a502549b079f7a055c,meow1,AMD Ryzen 9 9950X 16-Core Processor,c++ (Ubuntu 15.2.0-4ubuntu4) 15.2.0,CMAKE_CXX_FLAGS:STRING= CMAKE_CXX_FLAGS_RELEASE:STRING=-O3 -DNDEBUG,wikimedia_wikipedia_mxbai,/home/yunchih/code/simsearch/python/out/local_query_embeddings_1024.parquet,/home/yunchih/code/simsearch/python/query_embeddings/combined.jsonl,313,1024,100,50,two_step_mf_RF50,193,0,0.000972,0.000662,0.003406,0.086703,0.001443,0.094087,0.25111553767168043,0.19047619047619047,313
0bbeb0653a569e5394ac94a502549b079f7a055c,meow1,AMD Ryzen 9 9950X 16-Core Processor,c++ (Ubuntu 15.2.0-4ubuntu4) 15.2.0,CMAKE_CXX_FLAGS:STRING= CMAKE_CXX_FLAGS_RELEASE:STRING=-O3 -DNDEBUG,wikimedia_wikipedia_mxbai,/home/yunchih/code/simsearch/python/out/local_query_embeddings_1024.parquet,/home/yunchih/code/simsearch/python/query_embeddings/combined.jsonl,313,1024,100,0,float32_avx2,194,0,0.0,0.0,0.0,0.0,0.0,0.012,1.0000000000000004,1.0,100
0bbeb0653a569e5394ac94a502549b079f7a055c,meow1,AMD Ryzen 9 9950X 16-Core Processor,c++ (Ubuntu 15.2.0-4ubuntu4) 15.2.0,CMAKE_CXX_FLAGS:STRING= CMAKE_CXX_FLAGS_RELEASE:STRING=-O3 -DNDEBUG,wikimedia_wikipedia_mxbai,/home/yunchih/code/simsearch/python/out/local_query_embeddings_1024.parquet,/home/yunchih/code/simsearch/python/query_embeddings/combined.jsonl,313,1024,100,0,binary,194,0,0.00562,0.000651,0.001052,0.0,0.0,0.008035,1.0000000000000004,1.0,100
0bbeb0653a569e5394ac94a502549b079f7a055c,meow1,AMD Ryzen 9 9950X 16-Core Processor,c++ (Ubuntu 15.2.0-4ubuntu4) 15.2.0,CMAKE_CXX_FLAGS:STRING= CMAKE_CXX_FLAGS_RELEASE:STRING=-O3 -DNDEBUG,wikimedia_wikipedia_mxbai,/home/yunchih/code/simsearch/python/out/local_query_embeddings_1024.parquet,/home/yunchih/code/simsearch/python/query_embeddings/combined.jsonl,313,1024,100,10,two_step_RF10,194,0,0.003256,0.000631,0.003396,0.011682,0.001473,0.02144,0.25111553767168043,0.19047619047619047,313
0bbeb0653a569e5394ac94a502549b079f7a055c,meow1,AMD Ryzen 9 9950X 16-Core Processor,c++ (Ubuntu 15.2.0-4ubuntu4) 15.2.0,CMAKE_CXX_FLAGS:STRING= CMAKE_CXX_FLAGS_RELEASE:STRING=-O3 -DNDEBUG,wikimedia_wikipedia_mxbai,/home/yunchih/code/simsearch/python/out/local_query_embeddings_1024.parquet,/home/yunchih/code/simsearch/python/query_embeddings/combined.jsonl,313,1024,100,50,two_step_RF50,194,0,0.000861,0.000662,0.003396,0.011601,0.001452,0.019025,0.25111553767168043,0.19047619047619047,313
0bbeb0653a569e5394ac94a502549b079f7a055c,meow1,AMD Ryzen 9 9950X 16-Core Processor,c++ (Ubuntu 15.2.0-4ubuntu4) 15.2.0,CMAKE_CXX_FLAGS:STRING= CMAKE_CXX_FLAGS_RELEASE:STRING=-O3 -DNDEBUG,wikimedia_wikipedia_mxbai,/home/yunchih/code/simsearch/python/out/local_query_embeddings_1024.parquet,/home/yunchih/code/simsearch/python/query_embeddings/combined.jsonl,313,1024,100,10,two_step_mf_RF10,194,0,0.003166,0.000652,0.003366,0.087365,0.001402,0.096892,0.25111553767168043,0.19047619047619047,313
0bbeb0653a569e5394ac94a502549b079f7a055c,meow1,AMD Ryzen 9 9950X 16-Core Processor,c++ (Ubuntu 15.2.0-4ubuntu4) 15.2.0,CMAKE_CXX_FLAGS:STRING= CMAKE_CXX_FLAGS_RELEASE:STRING=-O3 -DNDEBUG,wikimedia_wikipedia_mxbai,/home/yunchih/code/simsearch/python/out/local_query_embeddings_1024.parquet,/home/yunchih/code/simsearch/python/query_embeddings/combined.jsonl,313,1024,100,50,two_step_mf_RF50,194,0,0.000931,0.000631,0.003416,0.086722,0.001433,0.093996,0.25111553767168043,0.19047619047619047,313
0bbeb0653a569e5394ac94a502549b079f7a055c,meow1,AMD Ryzen 9 9950X 16-Core Processor,c++ (Ubuntu 15.2.0-4ubuntu4) 15.2.0,CMAKE_CXX_FLAGS:STRING= CMAKE_CXX_FLAGS_RELEASE:STRING=-O3 -DNDEBUG,wikimedia_wikipedia_mxbai,/home/yunchih/code/simsearch/python/out/local_query_embeddings_1024.parquet,/home/yunchih/code/simsearch/python/query_embeddings/combined.jsonl,313,1024,100,0,float32_avx2,195,0,0.0,0.0,0.0,0.0,0.0,0.012,1.0000000000000004,1.0,100
0bbeb0653a569e5394ac94a502549b079f7a055c,meow1,AMD Ryzen 9 9950X 16-Core Processor,c++ (Ubuntu 15.2.0-4ubuntu4) 15.2.0,CMAKE_CXX_FLAGS:STRING= CMAKE_CXX_FLAGS_RELEASE:STRING=-O3 -DNDEBUG,wikimedia_wikipedia_mxbai,/home/yunchih/code/simsearch/python/out/local_query_embeddings_1024.parquet,/home/yunchih/code/simsearch/python/query_embeddings/combined.jsonl,313,1024,100,0,binary,195,0,0.003296,0.000642,0.001022,0.0,0.0,0.005721,1.0000000000000004,1.0,100
0bbeb0653a569e5394ac94a502549b079f7a055c,meow1,AMD Ryzen 9 9950X 16-Core Processor,c++ (Ubuntu 15.2.0-4ubuntu4) 15.2.0,CMAKE_CXX_FLAGS:STRING= CMAKE_CXX_FLAGS_RELEASE:STRING=-O3 -DNDEBUG,wikimedia_wikipedia_mxbai,/home/yunchih/code/simsearch/python/out/local_query_embeddings_1024.parquet,/home/yunchih/code/simsearch/python/query_embeddings/combined.jsonl,313,1024,100,10,two_step_RF10,195,0,0.003136,0.000641,0.003346,0.011492,0.001392,0.020989,0.25111553767168043,0.19047619047619047,313
0bbeb0653a569e5394ac94a502549b079f7a055c,meow1,AMD Ryzen 9 9950X 16-Core Processor,c++ (Ubuntu 15.2.0-4ubuntu4) 15.2.0,CMAKE_CXX_FLAGS:STRING= CMAKE_CXX_FLAGS_RELEASE:STRING=-O3 -DNDEBUG,wikimedia_wikipedia_mxbai,/home/yunchih/code/simsearch/python/out/local_query_embeddings_1024.parquet,/home/yunchih/code/simsearch/python/query_embeddings/combined.jsonl,313,1024,100,50,two_step_RF50,195,0,0.000912,0.000701,0.003366,0.011381,0.001483,0.018905,0.25111553767168043,0.19047619047619047,313
0bbeb0653a569e5394ac94a502549b079f7a055c,meow1,AMD Ryzen 9 9950X 16-Core Processor,c++ (Ubuntu 15.2.0-4ubuntu4) 15.2.0,CMAKE_CXX_FLAGS:STRING= CMAKE_CXX_FLAGS_RELEASE:STRING=-O3 -DNDEBUG,wikimedia_wikipedia_mxbai,/home/yunchih/code/simsearch/python/out/local_query_embeddings_1024.parquet,/home/yunchih/code/simsearch/python/query_embeddings/combined.jsonl,313,1024,100,10,two_step_mf_RF10,195,0,0.003196,0.000651,0.003376,0.087364,0.001363,0.096922,0.25111553767168043,0.19047619047619047,313
0bbeb0653a569e5394ac94a502549b079f7a055c,meow1,AMD Ryzen 9 9950X 16-Core Processor,c++ (Ubuntu 15.2.0-4ubuntu4) 15.2.0,CMAKE_CXX_FLAGS:STRING= CMAKE_CXX_FLAGS_RELEASE:STRING=-O3 -DNDEBUG,wikimedia_wikipedia_mxbai,/home/yunchih/code/simsearch/python/out/local_query_embeddings_1024.parquet,/home/yunchih/code/simsearch/python/query_embeddings/combined.jsonl,313,1024,100,50,two_step_mf_RF50,195,0,0.000972,0.000631,0.003396,0.086703,0.001392,0.093987,0.25111553767168043,0.19047619047619047,313
0bbeb0653a569e5394ac94a502549b079f7a055c,meow1,AMD Ryzen 9 9950X 16-Core Processor,c++ (Ubuntu 15.2.0-4ubuntu4) 15.2.0,CMAKE_CXX_FLAGS:STRING= CMAKE_CXX_FLAGS_RELEASE:STRING=-O3 -DNDEBUG,wikimedia_wikipedia_mxbai,/home/yunchih/code/simsearch/python/out/local_query_embeddings_1024.parquet,/home/yunchih/code/simsearch/python/query_embeddings/combined.jsonl,313,1024,100,0,float32_avx2,196,0,0.0,0.0,0.0,0.0,0.0,0.011,1.0000000000000004,1.0,100
0bbeb0653a569e5394ac94a502549b079f7a055c,meow1,AMD Ryzen 9 9950X 16-Core Processor,c++ (Ubuntu 15.2.0-4ubuntu4) 15.2.0,CMAKE_CXX_FLAGS:STRING= CMAKE_CXX_FLAGS_RELEASE:STRING=-O3 -DNDEBUG,wikimedia_wikipedia_mxbai,/home/yunchih/code/simsearch/python/out/local_query_embeddings_1024.parquet,/home/yunchih/code/simsearch/python/query_embeddings/combined.jsonl,313,1024,100,0,binary,196,0,0.003447,0.000651,0.001022,0.0,0.0,0.005831,1.0000000000000004,1.0,100
0bbeb0653a569e5394ac94a502549b079f7a055c,meow1,AMD Ryzen 9 9950X 16-Core Processor,c++ (Ubuntu 15.2.0-4ubuntu4) 15.2.0,CMAKE_CXX_FLAGS:STRING= CMAKE_CXX_FLAGS_RELEASE:STRING=-O3 -DNDEBUG,wikimedia_wikipedia_mxbai,/home/yunchih/code/simsearch/python/out/local_query_embeddings_1024.parquet,/home/yunchih/code/simsearch/python/query_embeddings/combined.jsonl,313,1024,100,10,two_step_RF10,196,0,0.003166,0.000631,0.003387,0.011522,0.001403,0.02112,0.25111553767168043,0.19047619047619047,313
0bbeb0653a569e5394ac94a502549b079f7a055c,meow1,AMD Ryzen 9 9950X 16-Core Processor,c++ (Ubuntu 15.2.0-4ubuntu4) 15.2.0,CMAKE_CXX_FLAGS:STRING= CMAKE_CXX_FLAGS_RELEASE:STRING=-O3 -DNDEBUG,wikimedia_wikipedia_mxbai,/home/yunchih/code/simsearch/python/out/local_query_embeddings_1024.parquet,/home/yunchih/code/simsearch/python/query_embeddings/combined.jsonl,313,1024,100,50,two_step_RF50,196,0,0.000871,0.000682,0.003416,0.011341,0.001443,0.018795,0.25111553767168043,0.19047619047619047,313
0bbeb0653a569e5394ac94a502549b079f7a055c,meow1,AMD Ryzen 9 9950X 16-Core Processor,c++ (Ubuntu 15.2.0-4ubuntu4) 15.2.0,CMAKE_CXX_FLAGS:STRING= CMAKE_CXX_FLAGS_RELEASE:STRING=-O3 -DNDEBUG,wikimedia_wikipedia_mxbai,/home/yunchih/code/simsearch/python/out/local_query_embeddings_1024.parquet,/home/yunchih/code/simsearch/python/query_embeddings/combined.jsonl,313,1024,100,10,two_step_mf_RF10,196,0,0.003236,0.000661,0.003426,0.087494,0.001463,0.097193,0.25111553767168043,0.19047619047619047,313
0bbeb0653a569e5394ac94a502549b079f7a055c,meow1,AMD Ryzen 9 9950X 16-Core Processor,c++ (Ubuntu 15.2.0-4ubuntu4) 15.2.0,CMAKE_CXX_FLAGS:STRING= CMAKE_CXX_FLAGS_RELEASE:STRING=-O3 -DNDEBUG,wikimedia_wikipedia_mxbai,/home/yunchih/code/simsearch/python/out/local_query_embeddings_1024.parquet,/home/yunchih/code/simsearch/python/query_embeddings/combined.jsonl,313,1024,100,50,two_step_mf_RF50,196,0,0.001183,0.000641,0.003406,0.086723,0.001382,0.094207,0.25111553767168043,0.19047619047619047,313
0bbeb0653a569e5394ac94a502549b079f7a055c,meow1,AMD Ryzen 9 9950X 16-Core Processor,c++ (Ubuntu 15.2.0-4ubuntu4) 15.2.0,CMAKE_CXX_FLAGS:STRING= CMAKE_CXX_FLAGS_RELEASE:STRING=-O3 -DNDEBUG,wikimedia_wikipedia_mxbai,/home/yunchih/code/simsearch/python/out/local_query_embeddings_1024.parquet,/home/yunchih/code/simsearch/python/query_embeddings/combined.jsonl,313,1024,100,0,float32_avx2,197,0,0.0,0.0,0.0,0.0,0.0,0.012,1.0000000000000004,1.0,100
0bbeb0653a569e5394ac94a502549b079f7a055c,meow1,AMD Ryzen 9 9950X 16-Core Processor,c++ (Ubuntu 15.2.0-4ubuntu4) 15.2.0,CMAKE_CXX_FLAGS:STRING= CMAKE_CXX_FLAGS_RELEASE:STRING=-O3 -DNDEBUG,wikimedia_wikipedia_mxbai,/home/yunchih/code/simsearch/python/out/local_query_embeddings_1024.parquet,/home/yunchih/code/simsearch/python/query_embeddings/combined.jsonl,313,1024,100,0,binary,197,0,0.003456,0.000661,0.001012,0.0,0.0,0.005861,1.0000000000000004,1.0,100
0bbeb0653a569e5394ac94a502549b079f7a055c,meow1,AMD Ryzen 9 9950X 16-Core Processor,c++ (Ubuntu 15.2.0-4ubuntu4) 15.2.0,CMAKE_CXX_FLAGS:STRING= CMAKE_CXX_FLAGS_RELEASE:STRING=-O3 -DNDEBUG,wikimedia_wikipedia_mxbai,/home/yunchih/code/simsearch/python/out/local_query_embeddings_1024.parquet,/home/yunchih/code/simsearch/python/query_embeddings/combined.jsonl,313,1024,100,10,two_step_RF10,197,0,0.003236,0.000631,0.003366,0.011441,0.001423,0.02109,0.25111553767168043,0.19047619047619047,313
0bbeb0653a569e5394ac94a502549b079f7a055c,meow1,AMD Ryzen 9 9950X 16-Core Processor,c++ (Ubuntu 15.2.0-4ubuntu4) 15.2.0,CMAKE_CXX_FLAGS:STRING= CMAKE_CXX_FLAGS_RELEASE:STRING=-O3 -DNDEBUG,wikimedia_wikipedia_mxbai,/home/yunchih/code/simsearch/python/out/local_query_embeddings_1024.parquet,/home/yunchih/code/simsearch/python/query_embeddings/combined.jsonl,313,1024,100,50,two_step_RF50,197,0,0.000822,0.000661,0.003427,0.011432,0.001433,0.018896,0.25111553767168043,0.19047619047619047,313
0bbeb0653a569e5394ac94a502549b079f7a055c,meow1,AMD Ryzen 9 9950X 16-Core Processor,c++ (Ubuntu 15.2.0-4ubuntu4) 15.2.0,CMAKE_CXX_FLAGS:STRING= CMAKE_CXX_FLAGS_RELEASE:STRING=-O3 -DNDEBUG,wikimedia_wikipedia_mxbai,/home/yunchih/code/simsearch/python/out/local_query_embeddings_1024.parquet,/home/yunchih/code/simsearch/python/query_embeddings/combined.jsonl,313,1024,100,10,two_step_mf_RF10,197,0,0.003316,0.000651,0.003377,0.087615,0.001382,0.097342,0.25111553767168043,0.19047619047619047,313
0bbeb0653a569e5394ac94a502549b079f7a055c,meow1,AMD Ryzen 9 9950X 16-Core Processor,c++ (Ubuntu 15.2.0-4ubuntu4) 15.2.0,CMAKE_CXX_FLAGS:STRING= CMAKE_CXX_FLAGS_RELEASE:STRING=-O3 -DNDEBUG,wikimedia_wikipedia_mxbai,/home/yunchih/code/simsearch/python/out/local_query_embeddings_1024.parquet,/home/yunchih/code/simsearch/python/query_embeddings/combined.jsonl,313,1024,100,50,two_step_mf_RF50,197,0,0.001513,0.000642,0.003366,0.086873,0.001423,0.094688,0.25111553767168043,0.19047619047619047,313
0bbeb0653a569e5394ac94a502549b079f7a055c,meow1,AMD Ryzen 9 9950X 16-Core Processor,c++ (Ubuntu 15.2.0-4ubuntu4) 15.2.0,CMAKE_CXX_FLAGS:STRING= CMAKE_CXX_FLAGS_RELEASE:STRING=-O3 -DNDEBUG,wikimedia_wikipedia_mxbai,/home/yunchih/code/simsearch/python/out/local_query_embeddings_1024.parquet,/home/yunchih/code/simsearch/python/query_embeddings/combined.jsonl,313,1024,100,0,float32_avx2,198,0,0.0,0.0,0.0,0.0,0.0,0.012,1.0000000000000004,1.0,100
0bbeb0653a569e5394ac94a502549b079f7a055c,meow1,AMD Ryzen 9 9950X 16-Core Processor,c++ (Ubuntu 15.2.0-4ubuntu4) 15.2.0,CMAKE_CXX_FLAGS:STRING= CMAKE_CXX_FLAGS_RELEASE:STRING=-O3 -DNDEBUG,wikimedia_wikipedia_mxbai,/home/yunchih/code/simsearch/python/out/local_query_embeddings_1024.parquet,/home/yunchih/code/simsearch/python/query_embeddings/combined.jsonl,313,1024,100,0,binary,198,0,0.003266,0.000661,0.001042,0.0,0.0,0.005671,1.0000000000000004,1.0,100
0bbeb0653a569e5394ac94a502549b079f7a055c,meow1,AMD Ryzen 9 9950X 16-Core Processor,c++ (Ubuntu 15.2.0-4ubuntu4) 15.2.0,CMAKE_CXX_FLAGS:STRING= CMAKE_CXX_FLAGS_RELEASE:STRING=-O3 -DNDEBUG,wikimedia_wikipedia_mxbai,/home/yunchih/code/simsearch/python/out/local_query_embeddings_1024.parquet,/home/yunchih/code/simsearch/python/query_embeddings/combined.jsonl,313,1024,100,10,two_step_RF10,198,0,0.003186,0.000622,0.003406,0.011551,0.001413,0.02115,0.25111553767168043,0.19047619047619047,313
0bbeb0653a569e5394ac94a502549b079f7a055c,meow1,AMD Ryzen 9 9950X 16-Core Processor,c++ (Ubuntu 15.2.0-4ubuntu4) 15.2.0,CMAKE_CXX_FLAGS:STRING= CMAKE_CXX_FLAGS_RELEASE:STRING=-O3 -DNDEBUG,wikimedia_wikipedia_mxbai,/home/yunchih/code/simsearch/python/out/local_query_embeddings_1024.parquet,/home/yunchih/code/simsearch/python/query_embeddings/combined.jsonl,313,1024,100,50,two_step_RF50,198,0,0.000861,0.000671,0.003416,0.011391,0.001453,0.018805,0.25111553767168043,0.19047619047619047,313
0bbeb0653a569e5394ac94a502549b079f7a055c,meow1,AMD Ryzen 9 9950X 16-Core Processor,c++ (Ubuntu 15.2.0-4ubuntu4) 15.2.0,CMAKE_CXX_FLAGS:STRING= CMAKE_CXX_FLAGS_RELEASE:STRING=-O3 -DNDEBUG,wikimedia_wikipedia_mxbai,/home/yunchih/code/simsearch/python/out/local_query_embeddings_1024.parquet,/home/yunchih/code/simsearch/python/query_embeddings/combined.jsonl,313,1024,100,10,two_step_mf_RF10,198,0,0.003186,0.000651,0.003407,0.087655,0.001373,0.097193,0.25111553767168043,0.19047619047619047,313
0bbeb0653a569e5394ac94a502549b079f7a055c,meow1,AMD Ryzen 9 9950X 16-Core Processor,c++ (Ubuntu 15.2.0-4ubuntu4) 15.2.0,CMAKE_CXX_FLAGS:STRING= CMAKE_CXX_FLAGS_RELEASE:STRING=-O3 -DNDEBUG,wikimedia_wikipedia_mxbai,/home/yunchih/code/simsearch/python/out/local_query_embeddings_1024.parquet,/home/yunchih/code/simsearch/python/query_embeddings/combined.jsonl,313,1024,100,50,two_step_mf_RF50,198,0,0.000932,0.000631,0.003386,0.086873,0.001413,0.094107,0.25111553767168043,0.19047619047619047,313
0bbeb0653a569e5394ac94a502549b079f7a055c,meow1,AMD Ryzen 9 9950X 16-Core Processor,c++ (Ubuntu 15.2.0-4ubuntu4) 15.2.0,CMAKE_CXX_FLAGS:STRING= CMAKE_CXX_FLAGS_RELEASE:STRING=-O3 -DNDEBUG,wikimedia_wikipedia_mxbai,/home/yunchih/code/simsearch/python/out/local_query_embeddings_1024.parquet,/home/yunchih/code/simsearch/python/query_embeddings/combined.jsonl,313,1024,100,0,float32_avx2,199,0,0.0,0.0,0.0,0.0,0.0,0.012,1.0000000000000004,1.0,100
0bbeb0653a569e5394ac94a502549b079f7a055c,meow1,AMD Ryzen 9 9950X 16-Core Processor,c++ (Ubuntu 15.2.0-4ubuntu4) 15.2.0,CMAKE_CXX_FLAGS:STRING= CMAKE_CXX_FLAGS_RELEASE:STRING=-O3 -DNDEBUG,wikimedia_wikipedia_mxbai,/home/yunchih/code/simsearch/python/out/local_query_embeddings_1024.parquet,/home/yunchih/code/simsearch/python/query_embeddings/combined.jsonl,313,1024,100,0,binary,199,0,0.003316,0.000641,0.001042,0.0,0.0,0.005731,1.0000000000000004,1.0,100
0bbeb0653a569e5394ac94a502549b079f7a055c,meow1,AMD Ryzen 9 9950X 16-Core Processor,c++ (Ubuntu 15.2.0-4ubuntu4) 15.2.0,CMAKE_CXX_FLAGS:STRING= CMAKE_CXX_FLAGS_RELEASE:STRING=-O3 -DNDEBUG,wikimedia_wikipedia_mxbai,/home/yunchih/code/simsearch/python/out/local_query_embeddings_1024.parquet,/home/yunchih/code/simsearch/python/query_embeddings/combined.jsonl,313,1024,100,10,two_step_RF10,199,0,0.003166,0.000621,0.003397,0.011602,0.001453,0.02121,0.25111553767168043,0.19047619047619047,313
0bbeb0653a569e5394ac94a502549b079f7a055c,meow1,AMD Ryzen 9 9950X 16-Core Processor,c++ (Ubuntu 15.2.0-4ubuntu4) 15.2.0,CMAKE_CXX_FLAGS:STRING= CMAKE_CXX_FLAGS_RELEASE:STRING=-O3 -DNDEBUG,wikimedia_wikipedia_mxbai,/home/yunchih/code/simsearch/python/out/local_query_embeddings_1024.parquet,/home/yunchih/code/simsearch/python/query_embeddings/combined.jsonl,313,1024,100,50,two_step_RF50,199,0,0.000862,0.000651,0.003356,0.011401,0.001493,0.018825,0.25111553767168043,0.19047619047619047,313
0bbeb0653a569e5394ac94a502549b079f7a055c,meow1,AMD Ryzen 9 9950X 16-Core Processor,c++ (Ubuntu 15.2.0-4ubuntu4) 15.2.0,CMAKE_CXX_FLAGS:STRING= CMAKE_CXX_FLAGS_RELEASE:STRING=-O3 -DNDEBUG,wikimedia_wikipedia_mxbai,/home/yunchih/code/simsearch/python/out/local_query_embeddings_1024.parquet,/home/yunchih/code/simsearch/python/query_embeddings/combined.jsonl,313,1024,100,10,two_step_mf_RF10,199,0,0.003176,0.000671,0.003377,0.087324,0.001393,0.096902,0.25111553767168043,0.19047619047619047,313
0bbeb0653a569e5394ac94a502549b079f7a055c,meow1,AMD Ryzen 9 9950X 16-Core Processor,c++ (Ubuntu 15.2.0-4ubuntu4) 15.2.0,CMAKE_CXX_FLAGS:STRING= CMAKE_CXX_FLAGS_RELEASE:STRING=-O3 -DNDEBUG,wikimedia_wikipedia_mxbai,/home/yunchih/code/simsearch/python/out/local_query_embeddings_1024.parquet,/home/yunchih/code/simsearch/python/query_embeddings/combined.jsonl,313,1024,100,50,two_step_mf_RF50,199,0,0.001062,0.000632,0.003406,0.086693,0.001373,0.094027,0.25111553767168043,0.19047619047619047,313
0bbeb0653a569e5394ac94a502549b079f7a055c,meow1,AMD Ryzen 9 9950X 16-Core Processor,c++ (Ubuntu 15.2.0-4ubuntu4) 15.2.0,CMAKE_CXX_FLAGS:STRING= CMAKE_CXX_FLAGS_RELEASE:STRING=-O3 -DNDEBUG,wikimedia_wikipedia_mxbai,/home/yunchih/code/simsearch/python/out/local_query_embeddings_1024.parquet,/home/yunchih/code/simsearch/python/query_embeddings/combined.jsonl,313,1024,100,0,float32_avx2,200,0,0.0,0.0,0.0,0.0,0.0,0.012,1.0000000000000004,1.0,100
0bbeb0653a569e5394ac94a502549b079f7a055c,meow1,AMD Ryzen 9 9950X 16-Core Processor,c++ (Ubuntu 15.2.0-4ubuntu4) 15.2.0,CMAKE_CXX_FLAGS:STRING= CMAKE_CXX_FLAGS_RELEASE:STRING=-O3 -DNDEBUG,wikimedia_wikipedia_mxbai,/home/yunchih/code/simsearch/python/out/local_query_embeddings_1024.parquet,/home/yunchih/code/simsearch/python/query_embeddings/combined.jsonl,313,1024,100,0,binary,200,0,0.003476,0.000652,0.000992,0.0,0.0,0.005831,1.0000000000000004,1.0,100
0bbeb0653a569e5394ac94a502549b079f7a055c,meow1,AMD Ryzen 9 9950X 16-Core Processor,c++ (Ubuntu 15.2.0-4ubuntu4) 15.2.0,CMAKE_CXX_FLAGS:STRING= CMAKE_CXX_FLAGS_RELEASE:STRING=-O3 -DNDEBUG,wikimedia_wikipedia_mxbai,/home/yunchih/code/simsearch/python/out/local_query_embeddings_1024.parquet,/home/yunchih/code/simsearch/python/query_embeddings/combined.jsonl,313,1024,100,10,two_step_RF10,200,0,0.003176,0.000621,0.003387,0.011562,0.001423,0.02117,0.25111553767168043,0.19047619047619047,313
0bbeb0653a569e5394ac94a502549b079f7a055c,meow1,AMD Ryzen 9 9950X 16-Core Processor,c++ (Ubuntu 15.2.0-4ubuntu4) 15.2.0,CMAKE_CXX_FLAGS:STRING= CMAKE_CXX_FLAGS_RELEASE:STRING=-O3 -DNDEBUG,wikimedia_wikipedia_mxbai,/home/yunchih/code/simsearch/python/out/local_query_embeddings_1024.parquet,/home/yunchih/code/simsearch/python/query_embeddings/combined.jsonl,313,1024,100,50,two_step_RF50,200,0,0.000801,0.000661,0.003407,0.011462,0.001453,0.018796,0.25111553767168043,0.19047619047619047,313
0bbeb0653a569e5394ac94a502549b079f7a055c,meow1,AMD Ryzen 9 9950X 16-Core Processor,c++ (Ubuntu 15.2.0-4ubuntu4) 15.2.0,CMAKE_CXX_FLAGS:STRING= CMAKE_CXX_FLAGS_RELEASE:STRING=-O3 -DNDEBUG,wikimedia_wikipedia_mxbai,/home/yunchih/code/simsearch/python/out/local_query_embeddings_1024.parquet,/home/yunchih/code/simsearch/python/query_embeddings/combined.jsonl,313,1024,100,10,two_step_mf_RF10,200,0,0.003226,0.000651,0.003406,0.087845,0.001403,0.097473,0.25111553767168043,0.19047619047619047,313
0bbeb0653a569e5394ac94a502549b079f7a055c,meow1,AMD Ryzen 9 9950X 16-Core Processor,c++ (Ubuntu 15.2.0-4ubuntu4) 15.2.0,CMAKE_CXX_FLAGS:STRING= CMAKE_CXX_FLAGS_RELEASE:STRING=-O3 -DNDEBUG,wikimedia_wikipedia_mxbai,/home/yunchih/code/simsearch/python/out/local_query_embeddings_1024.parquet,/home/yunchih/code/simsearch/python/query_embeddings/combined.jsonl,313,1024,100,50,two_step_mf_RF50,200,0,0.001022,0.000642,0.003376,0.086733,0.001393,0.094007,0.25111553767168043,0.19047619047619047,313
0bbeb0653a569e5394ac94a502549b079f7a055c,meow1,AMD Ryzen 9 9950X 16-Core Processor,c++ (Ubuntu 15.2.0-4ubuntu4) 15.2.0,CMAKE_CXX_FLAGS:STRING= CMAKE_CXX_FLAGS_RELEASE:STRING=-O3 -DNDEBUG,wikimedia_wikipedia_mxbai,/home/yunchih/code/simsearch/python/out/local_query_embeddings_1024.parquet,/home/yunchih/code/simsearch/python/query_embeddings/combined.jsonl,313,1024,100,0,float32_avx2,201,0,0.0,0.0,0.0,0.0,0.0,0.012,1.0000000000000004,1.0,100
0bbeb0653a569e5394ac94a502549b079f7a055c,meow1,AMD Ryzen 9 9950X 16-Core Processor,c++ (Ubuntu 15.2.0-4ubuntu4) 15.2.0,CMAKE_CXX_FLAGS:STRING= CMAKE_CXX_FLAGS_RELEASE:STRING=-O3 -DNDEBUG,wikimedia_wikipedia_mxbai,/home/yunchih/code/simsearch/python/out/local_query_embeddings_1024.parquet,/home/yunchih/code/simsearch/python/query_embeddings/combined.jsonl,313,1024,100,0,binary,201,0,0.003346,0.000641,0.001012,0.0,0.0,0.005741,1.0000000000000004,1.0,100
0bbeb0653a569e5394ac94a502549b079f7a055c,meow1,AMD Ryzen 9 9950X 16-Core Processor,c++ (Ubuntu 15.2.0-4ubuntu4) 15.2.0,CMAKE_CXX_FLAGS:STRING= CMAKE_CXX_FLAGS_RELEASE:STRING=-O3 -DNDEBUG,wikimedia_wikipedia_mxbai,/home/yunchih/code/simsearch/python/out/local_query_embeddings_1024.parquet,/home/yunchih/code/simsearch/python/query_embeddings/combined.jsonl,313,1024,100,10,two_step_RF10,201,0,0.003216,0.000641,0.003397,0.011622,0.001443,0.02132,0.25111553767168043,0.19047619047619047,313
0bbeb0653a569e5394ac94a502549b079f7a055c,meow1,AMD Ryzen 9 9950X 16-Core Processor,c++ (Ubuntu 15.2.0-4ubuntu4) 15.2.0,CMAKE_CXX_FLAGS:STRING= CMAKE_CXX_FLAGS_RELEASE:STRING=-O3 -DNDEBUG,wikimedia_wikipedia_mxbai,/home/yunchih/code/simsearch/python/out/local_query_embeddings_1024.parquet,/home/yunchih/code/simsearch/python/query_embeddings/combined.jsonl,313,1024,100,50,two_step_RF50,201,0,0.000751,0.000651,0.003407,0.011502,0.001493,0.018885,0.25111553767168043,0.19047619047619047,313
0bbeb0653a569e5394ac94a502549b079f7a055c,meow1,AMD Ryzen 9 9950X 16-Core Processor,c++ (Ubuntu 15.2.0-4ubuntu4) 15.2.0,CMAKE_CXX_FLAGS:STRING= CMAKE_CXX_FLAGS_RELEASE:STRING=-O3 -DNDEBUG,wikimedia_wikipedia_mxbai,/home/yunchih/code/simsearch/python/out/local_query_embeddings_1024.parquet,/home/yunchih/code/simsearch/python/query_embeddings/combined.jsonl,313,1024,100,10,two_step_mf_RF10,201,0,0.003156,0.000662,0.003396,0.087345,0.001442,0.096952,0.25111553767168043,0.19047619047619047,313
0bbeb0653a569e5394ac94a502549b079f7a055c,meow1,AMD Ryzen 9 9950X 16-Core Processor,c++ (Ubuntu 15.2.0-4ubuntu4) 15.2.0,CMAKE_CXX_FLAGS:STRING= CMAKE_CXX_FLAGS_RELEASE:STRING=-O3 -DNDEBUG,wikimedia_wikipedia_mxbai,/home/yunchih/code/simsearch/python/out/local_query_embeddings_1024.parquet,/home/yunchih/code/simsearch/python/query_embeddings/combined.jsonl,313,1024,100,50,two_step_mf_RF50,201,0,0.000992,0.000622,0.003366,0.086743,0.001393,0.093997,0.25111553767168043,0.19047619047619047,313
0bbeb0653a569e5394ac94a502549b079f7a055c,meow1,AMD Ryzen 9 9950X 16-Core Processor,c++ (Ubuntu 15.2.0-4ubuntu4) 15.2.0,CMAKE_CXX_FLAGS:STRING= CMAKE_CXX_FLAGS_RELEASE:STRING=-O3 -DNDEBUG,wikimedia_wikipedia_mxbai,/home/yunchih/code/simsearch/python/out/local_query_embeddings_1024.parquet,/home/yunchih/code/simsearch/python/query_embeddings/combined.jsonl,313,1024,100,0,float32_avx2,202,0,0.0,0.0,0.0,0.0,0.0,0.011,1.0000000000000004,1.0,100
0bbeb0653a569e5394ac94a502549b079f7a055c,meow1,AMD Ryzen 9 9950X 16-Core Processor,c++ (Ubuntu 15.2.0-4ubuntu4) 15.2.0,CMAKE_CXX_FLAGS:STRING= CMAKE_CXX_FLAGS_RELEASE:STRING=-O3 -DNDEBUG,wikimedia_wikipedia_mxbai,/home/yunchih/code/simsearch/python/out/local_query_embeddings_1024.parquet,/home/yunchih/code/simsearch/python/query_embeddings/combined.jsonl,313,1024,100,0,binary,202,0,0.003556,0.000722,0.001022,0.0,0.0,0.006031,1.0000000000000004,1.0,100
0bbeb0653a569e5394ac94a502549b079f7a055c,meow1,AMD Ryzen 9 9950X 16-Core Processor,c++ (Ubuntu 15.2.0-4ubuntu4) 15.2.0,CMAKE_CXX_FLAGS:STRING= CMAKE_CXX_FLAGS_RELEASE:STRING=-O3 -DNDEBUG,wikimedia_wikipedia_mxbai,/home/yunchih/code/simsearch/python/out/local_query_embeddings_1024.parquet,/home/yunchih/code/simsearch/python/query_embeddings/combined.jsonl,313,1024,100,10,two_step_RF10,202,0,0.003337,0.000661,0.003406,0.011782,0.001413,0.021591,0.25111553767168043,0.19047619047619047,313
0bbeb0653a569e5394ac94a502549b079f7a055c,meow1,AMD Ryzen 9 9950X 16-Core Processor,c++ (Ubuntu 15.2.0-4ubuntu4) 15.2.0,CMAKE_CXX_FLAGS:STRING= CMAKE_CXX_FLAGS_RELEASE:STRING=-O3 -DNDEBUG,wikimedia_wikipedia_mxbai,/home/yunchih/code/simsearch/python/out/local_query_embeddings_1024.parquet,/home/yunchih/code/simsearch/python/query_embeddings/combined.jsonl,313,1024,100,50,two_step_RF50,202,0,0.001011,0.000761,0.003386,0.011722,0.001463,0.019357,0.25111553767168043,0.19047619047619047,313
0bbeb0653a569e5394ac94a502549b079f7a055c,meow1,AMD Ryzen 9 9950X 16-Core Processor,c++ (Ubuntu 15.2.0-4ubuntu4) 15.2.0,CMAKE_CXX_FLAGS:STRING= CMAKE_CXX_FLAGS_RELEASE:STRING=-O3 -DNDEBUG,wikimedia_wikipedia_mxbai,/home/yunchih/code/simsearch/python/out/local_query_embeddings_1024.parquet,/home/yunchih/code/simsearch/python/query_embeddings/combined.jsonl,313,1024,100,10,two_step_mf_RF10,202,0,0.003356,0.000731,0.003397,0.087515,0.001452,0.097373,0.25111553767168043,0.19047619047619047,313
0bbeb0653a569e5394ac94a502549b079f7a055c,meow1,AMD Ryzen 9 9950X 16-Core Processor,c++ (Ubuntu 15.2.0-4ubuntu4) 15.2.0,CMAKE_CXX_FLAGS:STRING= CMAKE_CXX_FLAGS_RELEASE:STRING=-O3 -DNDEBUG,wikimedia_wikipedia_mxbai,/home/yunchih/code/simsearch/python/out/local_query_embeddings_1024.parquet,/home/yunchih/code/simsearch/python/query_embeddings/combined.jsonl,313,1024,100,50,two_step_mf_RF50,202,0,0.001032,0.000681,0.003407,0.086733,0.001403,0.094107,0.25111553767168043,0.19047619047619047,313
0bbeb0653a569e5394ac94a502549b079f7a055c,meow1,AMD Ryzen 9 9950X 16-Core Processor,c++ (Ubuntu 15.2.0-4ubuntu4) 15.2.0,CMAKE_CXX_FLAGS:STRING= CMAKE_CXX_FLAGS_RELEASE:STRING=-O3 -DNDEBUG,wikimedia_wikipedia_mxbai,/home/yunchih/code/simsearch/python/out/local_query_embeddings_1024.parquet,/home/yunchih/code/simsearch/python/query_embeddings/combined.jsonl,313,1024,100,0,float32_avx2,203,0,0.0,0.0,0.0,0.0,0.0,0.012,1.0000000000000004,1.0,100
0bbeb0653a569e5394ac94a502549b079f7a055c,meow1,AMD Ryzen 9 9950X 16-Core Processor,c++ (Ubuntu 15.2.0-4ubuntu4) 15.2.0,CMAKE_CXX_FLAGS:STRING= CMAKE_CXX_FLAGS_RELEASE:STRING=-O3 -DNDEBUG,wikimedia_wikipedia_mxbai,/home/yunchih/code/simsearch/python/out/local_query_embeddings_1024.parquet,/home/yunchih/code/simsearch/python/query_embeddings/combined.jsonl,313,1024,100,0,binary,203,0,0.003396,0.000732,0.001042,0.0,0.0,0.005881,1.0000000000000004,1.0,100
0bbeb0653a569e5394ac94a502549b079f7a055c,meow1,AMD Ryzen 9 9950X 16-Core Processor,c++ (Ubuntu 15.2.0-4ubuntu4) 15.2.0,CMAKE_CXX_FLAGS:STRING= CMAKE_CXX_FLAGS_RELEASE:STRING=-O3 -DNDEBUG,wikimedia_wikipedia_mxbai,/home/yunchih/code/simsearch/python/out/local_query_embeddings_1024.parquet,/home/yunchih/code/simsearch/python/query_embeddings/combined.jsonl,313,1024,100,10,two_step_RF10,203,0,0.003206,0.000671,0.003406,0.011772,0.001423,0.02145,0.25111553767168043,0.19047619047619047,313
0bbeb0653a569e5394ac94a502549b079f7a055c,meow1,AMD Ryzen 9 9950X 16-Core Processor,c++ (Ubuntu 15.2.0-4ubuntu4) 15.2.0,CMAKE_CXX_FLAGS:STRING= CMAKE_CXX_FLAGS_RELEASE:STRING=-O3 -DNDEBUG,wikimedia_wikipedia_mxbai,/home/yunchih/code/simsearch/python/out/local_query_embeddings_1024.parquet,/home/yunchih/code/simsearch/python/query_embeddings/combined.jsonl,313,1024,100,50,two_step_RF50,203,0,0.000881,0.000752,0.003416,0.011551,0.001443,0.019086,0.25111553767168043,0.19047619047619047,313
0bbeb0653a569e5394ac94a502549b079f7a055c,meow1,AMD Ryzen 9 9950X 16-Core Processor,c++ (Ubuntu 15.2.0-4ubuntu4) 15.2.0,CMAKE_CXX_FLAGS:STRING= CMAKE_CXX_FLAGS_RELEASE:STRING=-O3 -DNDEBUG,wikimedia_wikipedia_mxbai,/home/yunchih/code/simsearch/python/out/local_query_embeddings_1024.parquet,/home/yunchih/code/simsearch/python/query_embeddings/combined.jsonl,313,1024,100,10,two_step_mf_RF10,203,0,0.003277,0.000711,0.003376,0.087384,0.001362,0.097063,0.25111553767168043,0.19047619047619047,313
0bbeb0653a569e5394ac94a502549b079f7a055c,meow1,AMD Ryzen 9 9950X 16-Core Processor,c++ (Ubuntu 15.2.0-4ubuntu4) 15.2.0,CMAKE_CXX_FLAGS:STRING= CMAKE_CXX_FLAGS_RELEASE:STRING=-O3 -DNDEBUG,wikimedia_wikipedia_mxbai,/home/yunchih/code/simsearch/python/out/local_query_embeddings_1024.parquet,/home/yunchih/code/simsearch/python/query_embeddings/combined.jsonl,313,1024,100,50,two_step_mf_RF50,203,0,0.000961,0.000732,0.003376,0.089859,0.001423,0.097212,0.25111553767168043,0.19047619047619047,313
0bbeb0653a569e5394ac94a502549b079f7a055c,meow1,AMD Ryzen 9 9950X 16-Core Processor,c++ (Ubuntu 15.2.0-4ubuntu4) 15.2.0,CMAKE_CXX_FLAGS:STRING= CMAKE_CXX_FLAGS_RELEASE:STRING=-O3 -DNDEBUG,wikimedia_wikipedia_mxbai,/home/yunchih/code/simsearch/python/out/local_query_embeddings_1024.parquet,/home/yunchih/code/simsearch/python/query_embeddings/combined.jsonl,313,1024,100,0,float32_avx2,204,0,0.0,0.0,0.0,0.0,0.0,0.012,1.0000000000000004,1.0,100
0bbeb0653a569e5394ac94a502549b079f7a055c,meow1,AMD Ryzen 9 9950X 16-Core Processor,c++ (Ubuntu 15.2.0-4ubuntu4) 15.2.0,CMAKE_CXX_FLAGS:STRING= CMAKE_CXX_FLAGS_RELEASE:STRING=-O3 -DNDEBUG,wikimedia_wikipedia_mxbai,/home/yunchih/code/simsearch/python/out/local_query_embeddings_1024.parquet,/home/yunchih/code/simsearch/python/query_embeddings/combined.jsonl,313,1024,100,0,binary,204,0,0.003306,0.000731,0.001052,0.0,0.0,0.00578,1.0000000000000004,1.0,100
0bbeb0653a569e5394ac94a502549b079f7a055c,meow1,AMD Ryzen 9 9950X 16-Core Processor,c++ (Ubuntu 15.2.0-4ubuntu4) 15.2.0,CMAKE_CXX_FLAGS:STRING= CMAKE_CXX_FLAGS_RELEASE:STRING=-O3 -DNDEBUG,wikimedia_wikipedia_mxbai,/home/yunchih/code/simsearch/python/out/local_query_embeddings_1024.parquet,/home/yunchih/code/simsearch/python/query_embeddings/combined.jsonl,313,1024,100,10,two_step_RF10,204,0,0.003416,0.000682,0.003396,0.011762,0.001412,0.02165,0.25111553767168043,0.19047619047619047,313
0bbeb0653a569e5394ac94a502549b079f7a055c,meow1,AMD Ryzen 9 9950X 16-Core Processor,c++ (Ubuntu 15.2.0-4ubuntu4) 15.2.0,CMAKE_CXX_FLAGS:STRING= CMAKE_CXX_FLAGS_RELEASE:STRING=-O3 -DNDEBUG,wikimedia_wikipedia_mxbai,/home/yunchih/code/simsearch/python/out/local_query_embeddings_1024.parquet,/home/yunchih/code/simsearch/python/query_embeddings/combined.jsonl,313,1024,100,50,two_step_RF50,204,0,0.000862,0.000711,0.003387,0.011842,0.001413,0.019246,0.25111553767168043,0.19047619047619047,313
0bbeb0653a569e5394ac94a502549b079f7a055c,meow1,AMD Ryzen 9 9950X 16-Core Processor,c++ (Ubuntu 15.2.0-4ubuntu4) 15.2.0,CMAKE_CXX_FLAGS:STRING= CMAKE_CXX_FLAGS_RELEASE:STRING=-O3 -DNDEBUG,wikimedia_wikipedia_mxbai,/home/yunchih/code/simsearch/python/out/local_query_embeddings_1024.parquet,/home/yunchih/code/simsearch/python/query_embeddings/combined.jsonl,313,1024,100,10,two_step_mf_RF10,204,0,0.003196,0.000752,0.003346,0.087455,0.001412,0.097112,0.25111553767168043,0.19047619047619047,313
0bbeb0653a569e5394ac94a502549b079f7a055c,meow1,AMD Ryzen 9 9950X 16-Core Processor,c++ (Ubuntu 15.2.0-4ubuntu4) 15.2.0,CMAKE_CXX_FLAGS:STRING= CMAKE_CXX_FLAGS_RELEASE:STRING=-O3 -DNDEBUG,wikimedia_wikipedia_mxbai,/home/yunchih/code/simsearch/python/out/local_query_embeddings_1024.parquet,/home/yunchih/code/simsearch/python/query_embeddings/combined.jsonl,313,1024,100,50,two_step_mf_RF50,204,0,0.000951,0.000692,0.003396,0.086743,0.001373,0.093996,0.25111553767168043,0.19047619047619047,313
0bbeb0653a569e5394ac94a502549b079f7a055c,meow1,AMD Ryzen 9 9950X 16-Core Processor,c++ (Ubuntu 15.2.0-4ubuntu4) 15.2.0,CMAKE_CXX_FLAGS:STRING= CMAKE_CXX_FLAGS_RELEASE:STRING=-O3 -DNDEBUG,wikimedia_wikipedia_mxbai,/home/yunchih/code/simsearch/python/out/local_query_embeddings_1024.parquet,/home/yunchih/code/simsearch/python/query_embeddings/combined.jsonl,313,1024,100,0,float32_avx2,205,0,0.0,0.0,0.0,0.0,0.0,0.012,1.0000000000000004,1.0,100
0bbeb0653a569e5394ac94a502549b079f7a055c,meow1,AMD Ryzen 9 9950X 16-Core Processor,c++ (Ubuntu 15.2.0-4ubuntu4) 15.2.0,CMAKE_CXX_FLAGS:STRING= CMAKE_CXX_FLAGS_RELEASE:STRING=-O3 -DNDEBUG,wikimedia_wikipedia_mxbai,/home/yunchih/code/simsearch/python/out/local_query_embeddings_1024.parquet,/home/yunchih/code/simsearch/python/query_embeddings/combined.jsonl,313,1024,100,0,binary,205,0,0.003547,0.000721,0.001042,0.0,0.0,0.006031,1.0000000000000004,1.0,100
0bbeb0653a569e5394ac94a502549b079f7a055c,meow1,AMD Ryzen 9 9950X 16-Core Processor,c++ (Ubuntu 15.2.0-4ubuntu4) 15.2.0,CMAKE_CXX_FLAGS:STRING= CMAKE_CXX_FLAGS_RELEASE:STRING=-O3 -DNDEBUG,wikimedia_wikipedia_mxbai,/home/yunchih/code/simsearch/python/out/local_query_embeddings_1024.parquet,/home/yunchih/code/simsearch/python/query_embeddings/combined.jsonl,313,1024,100,10,two_step_RF10,205,0,0.003136,0.000671,0.003356,0.012173,0.001402,0.021751,0.25111553767168043,0.19047619047619047,313
0bbeb0653a569e5394ac94a502549b079f7a055c,meow1,AMD Ryzen 9 9950X 16-Core Processor,c++ (Ubuntu 15.2.0-4ubuntu4) 15.2.0,CMAKE_CXX_FLAGS:STRING= CMAKE_CXX_FLAGS_RELEASE:STRING=-O3 -DNDEBUG,wikimedia_wikipedia_mxbai,/home/yunchih/code/simsearch/python/out/local_query_embeddings_1024.parquet,/home/yunchih/code/simsearch/python/query_embeddings/combined.jsonl,313,1024,100,50,two_step_RF50,205,0,0.001042,0.000741,0.003387,0.011933,0.001492,0.019667,0.25111553767168043,0.19047619047619047,313
0bbeb0653a569e5394ac94a502549b079f7a055c,meow1,AMD Ryzen 9 9950X 16-Core Processor,c++ (Ubuntu 15.2.0-4ubuntu4) 15.2.0,CMAKE_CXX_FLAGS:STRING= CMAKE_CXX_FLAGS_RELEASE:STRING=-O3 -DNDEBUG,wikimedia_wikipedia_mxbai,/home/yunchih/code/simsearch/python/out/local_query_embeddings_1024.parquet,/home/yunchih/code/simsearch/python/query_embeddings/combined.jsonl,313,1024,100,10,two_step_mf_RF10,205,0,0.003266,0.000731,0.003387,0.087454,0.001413,0.097242,0.25111553767168043,0.19047619047619047,313
0bbeb0653a569e5394ac94a502549b079f7a055c,meow1,AMD Ryzen 9 9950X 16-Core Processor,c++ (Ubuntu 15.2.0-4ubuntu4) 15.2.0,CMAKE_CXX_FLAGS:STRING= CMAKE_CXX_FLAGS_RELEASE:STRING=-O3 -DNDEBUG,wikimedia_wikipedia_mxbai,/home/yunchih/code/simsearch/python/out/local_query_embeddings_1024.parquet,/home/yunchih/code/simsearch/python/query_embeddings/combined.jsonl,313,1024,100,50,two_step_mf_RF50,205,0,0.000972,0.000702,0.003386,0.086814,0.001442,0.094207,0.25111553767168043,0.19047619047619047,313
0bbeb0653a569e5394ac94a502549b079f7a055c,meow1,AMD Ryzen 9 9950X 16-Core Processor,c++ (Ubuntu 15.2.0-4ubuntu4) 15.2.0,CMAKE_CXX_FLAGS:STRING= CMAKE_CXX_FLAGS_RELEASE:STRING=-O3 -DNDEBUG,wikimedia_wikipedia_mxbai,/home/yunchih/code/simsearch/python/out/local_query_embeddings_1024.parquet,/home/yunchih/code/simsearch/python/query_embeddings/combined.jsonl,313,1024,100,0,float32_avx2,206,0,0.0,0.0,0.0,0.0,0.0,0.012,1.0000000000000004,1.0,100
0bbeb0653a569e5394ac94a502549b079f7a055c,meow1,AMD Ryzen 9 9950X 16-Core Processor,c++ (Ubuntu 15.2.0-4ubuntu4) 15.2.0,CMAKE_CXX_FLAGS:STRING= CMAKE_CXX_FLAGS_RELEASE:STRING=-O3 -DNDEBUG,wikimedia_wikipedia_mxbai,/home/yunchih/code/simsearch/python/out/local_query_embeddings_1024.parquet,/home/yunchih/code/simsearch/python/query_embeddings/combined.jsonl,313,1024,100,0,binary,206,0,0.003567,0.000712,0.001012,0.0,0.0,0.006022,1.0000000000000004,1.0,100
0bbeb0653a569e5394ac94a502549b079f7a055c,meow1,AMD Ryzen 9 9950X 16-Core Processor,c++ (Ubuntu 15.2.0-4ubuntu4) 15.2.0,CMAKE_CXX_FLAGS:STRING= CMAKE_CXX_FLAGS_RELEASE:STRING=-O3 -DNDEBUG,wikimedia_wikipedia_mxbai,/home/yunchih/code/simsearch/python/out/local_query_embeddings_1024.parquet,/home/yunchih/code/simsearch/python/query_embeddings/combined.jsonl,313,1024,100,10,two_step_RF10,206,0,0.003246,0.000681,0.003376,0.011882,0.001443,0.0216,0.25111553767168043,0.19047619047619047,313
0bbeb0653a569e5394ac94a502549b079f7a055c,meow1,AMD Ryzen 9 9950X 16-Core Processor,c++ (Ubuntu 15.2.0-4ubuntu4) 15.2.0,CMAKE_CXX_FLAGS:STRING= CMAKE_CXX_FLAGS_RELEASE:STRING=-O3 -DNDEBUG,wikimedia_wikipedia_mxbai,/home/yunchih/code/simsearch/python/out/local_query_embeddings_1024.parquet,/home/yunchih/code/simsearch/python/query_embeddings/combined.jsonl,313,1024,100,50,two_step_RF50,206,0,0.000922,0.000732,0.003426,0.011752,0.001472,0.019307,0.25111553767168043,0.19047619047619047,313
0bbeb0653a569e5394ac94a502549b079f7a055c,meow1,AMD Ryzen 9 9950X 16-Core Processor,c++ (Ubuntu 15.2.0-4ubuntu4) 15.2.0,CMAKE_CXX_FLAGS:STRING= CMAKE_CXX_FLAGS_RELEASE:STRING=-O3 -DNDEBUG,wikimedia_wikipedia_mxbai,/home/yunchih/code/simsearch/python/out/local_query_embeddings_1024.parquet,/home/yunchih/code/simsearch/python/query_embeddings/combined.jsonl,313,1024,100,10,two_step_mf_RF10,206,0,0.003346,0.000742,0.003406,0.087374,0.001453,0.097233,0.25111553767168043,0.19047619047619047,313
0bbeb0653a569e5394ac94a502549b079f7a055c,meow1,AMD Ryzen 9 9950X 16-Core Processor,c++ (Ubuntu 15.2.0-4ubuntu4) 15.2.0,CMAKE_CXX_FLAGS:STRING= CMAKE_CXX_FLAGS_RELEASE:STRING=-O3 -DNDEBUG,wikimedia_wikipedia_mxbai,/home/yunchih/code/simsearch/python/out/local_query_embeddings_1024.parquet,/home/yunchih/code/simsearch/python/query_embeddings/combined.jsonl,313,1024,100,50,two_step_mf_RF50,206,0,0.000922,0.000702,0.003376,0.086803,0.001413,0.094037,0.25111553767168043,0.19047619047619047,313
0bbeb0653a569e5394ac94a502549b079f7a055c,meow1,AMD Ryzen 9 9950X 16-Core Processor,c++ (Ubuntu 15.2.0-4ubuntu4) 15.2.0,CMAKE_CXX_FLAGS:STRING= CMAKE_CXX_FLAGS_RELEASE:STRING=-O3 -DNDEBUG,wikimedia_wikipedia_mxbai,/home/yunchih/code/simsearch/python/out/local_query_embeddings_1024.parquet,/home/yunchih/code/simsearch/python/query_embeddings/combined.jsonl,313,1024,100,0,float32_avx2,207,0,0.0,0.0,0.0,0.0,0.0,0.012,1.0000000000000004,1.0,100
0bbeb0653a569e5394ac94a502549b079f7a055c,meow1,AMD Ryzen 9 9950X 16-Core Processor,c++ (Ubuntu 15.2.0-4ubuntu4) 15.2.0,CMAKE_CXX_FLAGS:STRING= CMAKE_CXX_FLAGS_RELEASE:STRING=-O3 -DNDEBUG,wikimedia_wikipedia_mxbai,/home/yunchih/code/simsearch/python/out/local_query_embeddings_1024.parquet,/home/yunchih/code/simsearch/python/query_embeddings/combined.jsonl,313,1024,100,0,binary,207,0,0.003516,0.000742,0.001032,0.0,0.0,0.006031,1.0000000000000004,1.0,100
0bbeb0653a569e5394ac94a502549b079f7a055c,meow1,AMD Ryzen 9 9950X 16-Core Processor,c++ (Ubuntu 15.2.0-4ubuntu4) 15.2.0,CMAKE_CXX_FLAGS:STRING= CMAKE_CXX_FLAGS_RELEASE:STRING=-O3 -DNDEBUG,wikimedia_wikipedia_mxbai,/home/yunchih/code/simsearch/python/out/local_query_embeddings_1024.parquet,/home/yunchih/code/simsearch/python/query_embeddings/combined.jsonl,313,1024,100,10,two_step_RF10,207,0,0.003247,0.000681,0.003386,0.011862,0.001413,0.021591,0.25111553767168043,0.19047619047619047,313
0bbeb0653a569e5394ac94a502549b079f7a055c,meow1,AMD Ryzen 9 9950X 16-Core Processor,c++ (Ubuntu 15.2.0-4ubuntu4) 15.2.0,CMAKE_CXX_FLAGS:STRING= CMAKE_CXX_FLAGS_RELEASE:STRING=-O3 -DNDEBUG,wikimedia_wikipedia_mxbai,/home/yunchih/code/simsearch/python/out/local_query_embeddings_1024.parquet,/home/yunchih/code/simsearch/python/query_embeddings/combined.jsonl,313,1024,100,50,two_step_RF50,207,0,0.000782,0.000751,0.003447,0.011762,0.001473,0.019256,0.25111553767168043,0.19047619047619047,313
0bbeb0653a569e5394ac94a502549b079f7a055c,meow1,AMD Ryzen 9 9950X 16-Core Processor,c++ (Ubuntu 15.2.0-4ubuntu4) 15.2.0,CMAKE_CXX_FLAGS:STRING= CMAKE_CXX_FLAGS_RELEASE:STRING=-O3 -DNDEBUG,wikimedia_wikipedia_mxbai,/home/yunchih/code/simsearch/python/out/local_query_embeddings_1024.parquet,/home/yunchih/code/simsearch/python/query_embeddings/combined.jsonl,313,1024,100,10,two_step_mf_RF10,207,0,0.003086,0.000731,0.003387,0.087625,0.001472,0.097263,0.25111553767168043,0.19047619047619047,313
0bbeb0653a569e5394ac94a502549b079f7a055c,meow1,AMD Ryzen 9 9950X 16-Core Processor,c++ (Ubuntu 15.2.0-4ubuntu4) 15.2.0,CMAKE_CXX_FLAGS:STRING= CMAKE_CXX_FLAGS_RELEASE:STRING=-O3 -DNDEBUG,wikimedia_wikipedia_mxbai,/home/yunchih/code/simsearch/python/out/local_query_embeddings_1024.parquet,/home/yunchih/code/simsearch/python/query_embeddings/combined.jsonl,313,1024,100,50,two_step_mf_RF50,207,0,0.000771,0.000712,0.003396,0.086864,0.001392,0.094036,0.25111553767168043,0.19047619047619047,313
0bbeb0653a569e5394ac94a502549b079f7a055c,meow1,AMD Ryzen 9 9950X 16-Core Processor,c++ (Ubuntu 15.2.0-4ubuntu4) 15.2.0,CMAKE_CXX_FLAGS:STRING= CMAKE_CXX_FLAGS_RELEASE:STRING=-O3 -DNDEBUG,wikimedia_wikipedia_mxbai,/home/yunchih/code/simsearch/python/out/local_query_embeddings_1024.parquet,/home/yunchih/code/simsearch/python/query_embeddings/combined.jsonl,313,1024,100,0,float32_avx2,208,0,0.0,0.0,0.0,0.0,0.0,0.012,1.0000000000000004,1.0,100
0bbeb0653a569e5394ac94a502549b079f7a055c,meow1,AMD Ryzen 9 9950X 16-Core Processor,c++ (Ubuntu 15.2.0-4ubuntu4) 15.2.0,CMAKE_CXX_FLAGS:STRING= CMAKE_CXX_FLAGS_RELEASE:STRING=-O3 -DNDEBUG,wikimedia_wikipedia_mxbai,/home/yunchih/code/simsearch/python/out/local_query_embeddings_1024.parquet,/home/yunchih/code/simsearch/python/query_embeddings/combined.jsonl,313,1024,100,0,binary,208,0,0.003607,0.000721,0.001062,0.0,0.0,0.006101,1.0000000000000004,1.0,100
0bbeb0653a569e5394ac94a502549b079f7a055c,meow1,AMD Ryzen 9 9950X 16-Core Processor,c++ (Ubuntu 15.2.0-4ubuntu4) 15.2.0,CMAKE_CXX_FLAGS:STRING= CMAKE_CXX_FLAGS_RELEASE:STRING=-O3 -DNDEBUG,wikimedia_wikipedia_mxbai,/home/yunchih/code/simsearch/python/out/local_query_embeddings_1024.parquet,/home/yunchih/code/simsearch/python/query_embeddings/combined.jsonl,313,1024,100,10,two_step_RF10,208,0,0.003216,0.000671,0.003386,0.011762,0.001463,0.0215,0.25111553767168043,0.19047619047619047,313
0bbeb0653a569e5394ac94a502549b079f7a055c,meow1,AMD Ryzen 9 9950X 16-Core Processor,c++ (Ubuntu 15.2.0-4ubuntu4) 15.2.0,CMAKE_CXX_FLAGS:STRING= CMAKE_CXX_FLAGS_RELEASE:STRING=-O3 -DNDEBUG,wikimedia_wikipedia_mxbai,/home/yunchih/code/simsearch/python/out/local_query_embeddings_1024.parquet,/home/yunchih/code/simsearch/python/query_embeddings/combined.jsonl,313,1024,100,50,two_step_RF50,208,0,0.000972,0.000732,0.003416,0.011672,0.001443,0.019267,0.25111553767168043,0.19047619047619047,313
0bbeb0653a569e5394ac94a502549b079f7a055c,meow1,AMD Ryzen 9 9950X 16-Core Processor,c++ (Ubuntu 15.2.0-4ubuntu4) 15.2.0,CMAKE_CXX_FLAGS:STRING= CMAKE_CXX_FLAGS_RELEASE:STRING=-O3 -DNDEBUG,wikimedia_wikipedia_mxbai,/home/yunchih/code/simsearch/python/out/local_query_embeddings_1024.parquet,/home/yunchih/code/simsearch/python/query_embeddings/combined.jsonl,313,1024,100,10,two_step_mf_RF10,208,0,0.003206,0.000721,0.003377,0.0905,0.001353,0.100108,0.25111553767168043,0.19047619047619047,313
0bbeb0653a569e5394ac94a502549b079f7a055c,meow1,AMD Ryzen 9 9950X 16-Core Processor,c++ (Ubuntu 15.2.0-4ubuntu4) 15.2.0,CMAKE_CXX_FLAGS:STRING= CMAKE_CXX_FLAGS_RELEASE:STRING=-O3 -DNDEBUG,wikimedia_wikipedia_mxbai,/home/yunchih/code/simsearch/python/out/local_query_embeddings_1024.parquet,/home/yunchih/code/simsearch/python/query_embeddings/combined.jsonl,313,1024,100,50,two_step_mf_RF50,208,0,0.000972,0.000631,0.003386,0.086693,0.001412,0.093976,0.25111553767168043,0.19047619047619047,313
0bbeb0653a569e5394ac94a502549b079f7a055c,meow1,AMD Ryzen 9 9950X 16-Core Processor,c++ (Ubuntu 15.2.0-4ubuntu4) 15.2.0,CMAKE_CXX_FLAGS:STRING= CMAKE_CXX_FLAGS_RELEASE:STRING=-O3 -DNDEBUG,wikimedia_wikipedia_mxbai,/home/yunchih/code/simsearch/python/out/local_query_embeddings_1024.parquet,/home/yunchih/code/simsearch/python/query_embeddings/combined.jsonl,313,1024,100,0,float32_avx2,209,0,0.0,0.0,0.0,0.0,0.0,0.012,1.0000000000000004,1.0,100
0bbeb0653a569e5394ac94a502549b079f7a055c,meow1,AMD Ryzen 9 9950X 16-Core Processor,c++ (Ubuntu 15.2.0-4ubuntu4) 15.2.0,CMAKE_CXX_FLAGS:STRING= CMAKE_CXX_FLAGS_RELEASE:STRING=-O3 -DNDEBUG,wikimedia_wikipedia_mxbai,/home/yunchih/code/simsearch/python/out/local_query_embeddings_1024.parquet,/home/yunchih/code/simsearch/python/query_embeddings/combined.jsonl,313,1024,100,0,binary,209,0,0.003437,0.000671,0.001042,0.0,0.0,0.005891,1.0000000000000004,1.0,100
0bbeb0653a569e5394ac94a502549b079f7a055c,meow1,AMD Ryzen 9 9950X 16-Core Processor,c++ (Ubuntu 15.2.0-4ubuntu4) 15.2.0,CMAKE_CXX_FLAGS:STRING= CMAKE_CXX_FLAGS_RELEASE:STRING=-O3 -DNDEBUG,wikimedia_wikipedia_mxbai,/home/yunchih/code/simsearch/python/out/local_query_embeddings_1024.parquet,/home/yunchih/code/simsearch/python/query_embeddings/combined.jsonl,313,1024,100,10,two_step_RF10,209,0,0.003066,0.000631,0.003387,0.011452,0.001423,0.02097,0.25111553767168043,0.19047619047619047,313
0bbeb0653a569e5394ac94a502549b079f7a055c,meow1,AMD Ryzen 9 9950X 16-Core Processor,c++ (Ubuntu 15.2.0-4ubuntu4) 15.2.0,CMAKE_CXX_FLAGS:STRING= CMAKE_CXX_FLAGS_RELEASE:STRING=-O3 -DNDEBUG,wikimedia_wikipedia_mxbai,/home/yunchih/code/simsearch/python/out/local_query_embeddings_1024.parquet,/home/yunchih/code/simsearch/python/query_embeddings/combined.jsonl,313,1024,100,50,two_step_RF50,209,0,0.000811,0.000682,0.003406,0.011451,0.001443,0.018855,0.25111553767168043,0.19047619047619047,313
0bbeb0653a569e5394ac94a502549b079f7a055c,meow1,AMD Ryzen 9 9950X 16-Core Processor,c++ (Ubuntu 15.2.0-4ubuntu4) 15.2.0,CMAKE_CXX_FLAGS:STRING= CMAKE_CXX_FLAGS_RELEASE:STRING=-O3 -DNDEBUG,wikimedia_wikipedia_mxbai,/home/yunchih/code/simsearch/python/out/local_query_embeddings_1024.parquet,/home/yunchih/code/simsearch/python/query_embeddings/combined.jsonl,313,1024,100,10,two_step_mf_RF10,209,0,0.003237,0.000661,0.003396,0.087314,0.001342,0.096912,0.25111553767168043,0.19047619047619047,313
0bbeb0653a569e5394ac94a502549b079f7a055c,meow1,AMD Ryzen 9 9950X 16-Core Processor,c++ (Ubuntu 15.2.0-4ubuntu4) 15.2.0,CMAKE_CXX_FLAGS:STRING= CMAKE_CXX_FLAGS_RELEASE:STRING=-O3 -DNDEBUG,wikimedia_wikipedia_mxbai,/home/yunchih/code/simsearch/python/out/local_query_embeddings_1024.parquet,/home/yunchih/code/simsearch/python/query_embeddings/combined.jsonl,313,1024,100,50,two_step_mf_RF50,209,0,0.000962,0.000632,0.003396,0.086743,0.001403,0.094037,0.25111553767168043,0.19047619047619047,313
0bbeb0653a569e5394ac94a502549b079f7a055c,meow1,AMD Ryzen 9 9950X 16-Core Processor,c++ (Ubuntu 15.2.0-4ubuntu4) 15.2.0,CMAKE_CXX_FLAGS:STRING= CMAKE_CXX_FLAGS_RELEASE:STRING=-O3 -DNDEBUG,wikimedia_wikipedia_mxbai,/home/yunchih/code/simsearch/python/out/local_query_embeddings_1024.parquet,/home/yunchih/code/simsearch/python/query_embeddings/combined.jsonl,313,1024,100,0,float32_avx2,210,0,0.0,0.0,0.0,0.0,0.0,0.011,1.0000000000000004,1.0,100
0bbeb0653a569e5394ac94a502549b079f7a055c,meow1,AMD Ryzen 9 9950X 16-Core Processor,c++ (Ubuntu 15.2.0-4ubuntu4) 15.2.0,CMAKE_CXX_FLAGS:STRING= CMAKE_CXX_FLAGS_RELEASE:STRING=-O3 -DNDEBUG,wikimedia_wikipedia_mxbai,/home/yunchih/code/simsearch/python/out/local_query_embeddings_1024.parquet,/home/yunchih/code/simsearch/python/query_embeddings/combined.jsonl,313,1024,100,0,binary,210,0,0.003426,0.000661,0.001031,0.0,0.0,0.005821,1.0000000000000004,1.0,100
0bbeb0653a569e5394ac94a502549b079f7a055c,meow1,AMD Ryzen 9 9950X 16-Core Processor,c++ (Ubuntu 15.2.0-4ubuntu4) 15.2.0,CMAKE_CXX_FLAGS:STRING= CMAKE_CXX_FLAGS_RELEASE:STRING=-O3 -DNDEBUG,wikimedia_wikipedia_mxbai,/home/yunchih/code/simsearch/python/out/local_query_embeddings_1024.parquet,/home/yunchih/code/simsearch/python/query_embeddings/combined.jsonl,313,1024,100,10,two_step_RF10,210,0,0.003196,0.000632,0.003336,0.011552,0.001433,0.02112,0.25111553767168043,0.19047619047619047,313
0bbeb0653a569e5394ac94a502549b079f7a055c,meow1,AMD Ryzen 9 9950X 16-Core Processor,c++ (Ubuntu 15.2.0-4ubuntu4) 15.2.0,CMAKE_CXX_FLAGS:STRING= CMAKE_CXX_FLAGS_RELEASE:STRING=-O3 -DNDEBUG,wikimedia_wikipedia_mxbai,/home/yunchih/code/simsearch/python/out/local_query_embeddings_1024.parquet,/home/yunchih/code/simsearch/python/query_embeddings/combined.jsonl,313,1024,100,50,two_step_RF50,210,0,0.000832,0.000691,0.003417,0.011392,0.001422,0.018765,0.25111553767168043,0.19047619047619047,313
0bbeb0653a569e5394ac94a502549b079f7a055c,meow1,AMD Ryzen 9 9950X 16-Core Processor,c++ (Ubuntu 15.2.0-4ubuntu4) 15.2.0,CMAKE_CXX_FLAGS:STRING= CMAKE_CXX_FLAGS_RELEASE:STRING=-O3 -DNDEBUG,wikimedia_wikipedia_mxbai,/home/yunchih/code/simsearch/python/out/local_query_embeddings_1024.parquet,/home/yunchih/code/simsearch/python/query_embeddings/combined.jsonl,313,1024,100,10,two_step_mf_RF10,210,0,0.003256,0.000681,0.003386,0.087525,0.001382,0.097183,0.25111553767168043,0.19047619047619047,313
0bbeb0653a569e5394ac94a502549b079f7a055c,meow1,AMD Ryzen 9 9950X 16-Core Processor,c++ (Ubuntu 15.2.0-4ubuntu4) 15.2.0,CMAKE_CXX_FLAGS:STRING= CMAKE_CXX_FLAGS_RELEASE:STRING=-O3 -DNDEBUG,wikimedia_wikipedia_mxbai,/home/yunchih/code/simsearch/python/out/local_query_embeddings_1024.parquet,/home/yunchih/code/simsearch/python/query_embeddings/combined.jsonl,313,1024,100,50,two_step_mf_RF50,210,0,0.001583,0.000662,0.003416,0.086853,0.001402,0.094778,0.25111553767168043,0.19047619047619047,313
0bbeb0653a569e5394ac94a502549b079f7a055c,meow1,AMD Ryzen 9 9950X 16-Core Processor,c++ (Ubuntu 15.2.0-4ubuntu4) 15.2.0,CMAKE_CXX_FLAGS:STRING= CMAKE_CXX_FLAGS_RELEASE:STRING=-O3 -DNDEBUG,wikimedia_wikipedia_mxbai,/home/yunchih/code/simsearch/python/out/local_query_embeddings_1024.parquet,/home/yunchih/code/simsearch/python/query_embeddings/combined.jsonl,313,1024,100,0,float32_avx2,211,0,0.0,0.0,0.0,0.0,0.0,0.012,1.0000000000000004,1.0,100
0bbeb0653a569e5394ac94a502549b079f7a055c,meow1,AMD Ryzen 9 9950X 16-Core Processor,c++ (Ubuntu 15.2.0-4ubuntu4) 15.2.0,CMAKE_CXX_FLAGS:STRING= CMAKE_CXX_FLAGS_RELEASE:STRING=-O3 -DNDEBUG,wikimedia_wikipedia_mxbai,/home/yunchih/code/simsearch/python/out/local_query_embeddings_1024.parquet,/home/yunchih/code/simsearch/python/query_embeddings/combined.jsonl,313,1024,100,0,binary,211,0,0.003557,0.000671,0.001052,0.0,0.0,0.006001,1.0000000000000004,1.0,100
0bbeb0653a569e5394ac94a502549b079f7a055c,meow1,AMD Ryzen 9 9950X 16-Core Processor,c++ (Ubuntu 15.2.0-4ubuntu4) 15.2.0,CMAKE_CXX_FLAGS:STRING= CMAKE_CXX_FLAGS_RELEASE:STRING=-O3 -DNDEBUG,wikimedia_wikipedia_mxbai,/home/yunchih/code/simsearch/python/out/local_query_embeddings_1024.parquet,/home/yunchih/code/simsearch/python/query_embeddings/combined.jsonl,313,1024,100,10,two_step_RF10,211,0,0.003337,0.000621,0.003406,0.011652,0.001422,0.021421,0.25111553767168043,0.19047619047619047,313
0bbeb0653a569e5394ac94a502549b079f7a055c,meow1,AMD Ryzen 9 9950X 16-Core Processor,c++ (Ubuntu 15.2.0-4ubuntu4) 15.2.0,CMAKE_CXX_FLAGS:STRING= CMAKE_CXX_FLAGS_RELEASE:STRING=-O3 -DNDEBUG,wikimedia_wikipedia_mxbai,/home/yunchih/code/simsearch/python/out/local_query_embeddings_1024.parquet,/home/yunchih/code/simsearch/python/query_embeddings/combined.jsonl,313,1024,100,50,two_step_RF50,211,0,0.000992,0.000661,0.003386,0.011401,0.001453,0.018955,0.25111553767168043,0.19047619047619047,313
0bbeb0653a569e5394ac94a502549b079f7a055c,meow1,AMD Ryzen 9 9950X 16-Core Processor,c++ (Ubuntu 15.2.0-4ubuntu4) 15.2.0,CMAKE_CXX_FLAGS:STRING= CMAKE_CXX_FLAGS_RELEASE:STRING=-O3 -DNDEBUG,wikimedia_wikipedia_mxbai,/home/yunchih/code/simsearch/python/out/local_query_embeddings_1024.parquet,/home/yunchih/code/simsearch/python/query_embeddings/combined.jsonl,313,1024,100,10,two_step_mf_RF10,211,0,0.003276,0.000662,0.003386,0.087575,0.001383,0.097243,0.25111553767168043,0.19047619047619047,313
0bbeb0653a569e5394ac94a502549b079f7a055c,meow1,AMD Ryzen 9 9950X 16-Core Processor,c++ (Ubuntu 15.2.0-4ubuntu4) 15.2.0,CMAKE_CXX_FLAGS:STRING= CMAKE_CXX_FLAGS_RELEASE:STRING=-O3 -DNDEBUG,wikimedia_wikipedia_mxbai,/home/yunchih/code/simsearch/python/out/local_query_embeddings_1024.parquet,/home/yunchih/code/simsearch/python/query_embeddings/combined.jsonl,313,1024,100,50,two_step_mf_RF50,211,0,0.001743,0.000631,0.003407,0.089268,0.001423,0.097353,0.25111553767168043,0.19047619047619047,313
0bbeb0653a569e5394ac94a502549b079f7a055c,meow1,AMD Ryzen 9 9950X 16-Core Processor,c++ (Ubuntu 15.2.0-4ubuntu4) 15.2.0,CMAKE_CXX_FLAGS:STRING= CMAKE_CXX_FLAGS_RELEASE:STRING=-O3 -DNDEBUG,wikimedia_wikipedia_mxbai,/home/yunchih/code/simsearch/python/out/local_query_embeddings_1024.parquet,/home/yunchih/code/simsearch/python/query_embeddings/combined.jsonl,313,1024,100,0,float32_avx2,212,0,0.0,0.0,0.0,0.0,0.0,0.012,1.0000000000000004,1.0,100
0bbeb0653a569e5394ac94a502549b079f7a055c,meow1,AMD Ryzen 9 9950X 16-Core Processor,c++ (Ubuntu 15.2.0-4ubuntu4) 15.2.0,CMAKE_CXX_FLAGS:STRING= CMAKE_CXX_FLAGS_RELEASE:STRING=-O3 -DNDEBUG,wikimedia_wikipedia_mxbai,/home/yunchih/code/simsearch/python/out/local_query_embeddings_1024.parquet,/home/yunchih/code/simsearch/python/query_embeddings/combined.jsonl,313,1024,100,0,binary,212,0,0.003416,0.000651,0.001042,0.0,0.0,0.005841,1.0000000000000004,1.0,100
0bbeb0653a569e5394ac94a502549b079f7a055c,meow1,AMD Ryzen 9 9950X 16-Core Processor,c++ (Ubuntu 15.2.0-4ubuntu4) 15.2.0,CMAKE_CXX_FLAGS:STRING= CMAKE_CXX_FLAGS_RELEASE:STRING=-O3 -DNDEBUG,wikimedia_wikipedia_mxbai,/home/yunchih/code/simsearch/python/out/local_query_embeddings_1024.parquet,/home/yunchih/code/simsearch/python/query_embeddings/combined.jsonl,313,1024,100,10,two_step_RF10,212,0,0.003346,0.000632,0.003336,0.011471,0.001453,0.02121,0.25111553767168043,0.19047619047619047,313
0bbeb0653a569e5394ac94a502549b079f7a055c,meow1,AMD Ryzen 9 9950X 16-Core Processor,c++ (Ubuntu 15.2.0-4ubuntu4) 15.2.0,CMAKE_CXX_FLAGS:STRING= CMAKE_CXX_FLAGS_RELEASE:STRING=-O3 -DNDEBUG,wikimedia_wikipedia_mxbai,/home/yunchih/code/simsearch/python/out/local_query_embeddings_1024.parquet,/home/yunchih/code/simsearch/python/query_embeddings/combined.jsonl,313,1024,100,50,two_step_RF50,212,0,0.000982,0.000681,0.003387,0.011282,0.001472,0.018835,0.25111553767168043,0.19047619047619047,313
0bbeb0653a569e5394ac94a502549b079f7a055c,meow1,AMD Ryzen 9 9950X 16-Core Processor,c++ (Ubuntu 15.2.0-4ubuntu4) 15.2.0,CMAKE_CXX_FLAGS:STRING= CMAKE_CXX_FLAGS_RELEASE:STRING=-O3 -DNDEBUG,wikimedia_wikipedia_mxbai,/home/yunchih/code/simsearch/python/out/local_query_embeddings_1024.parquet,/home/yunchih/code/simsearch/python/query_embeddings/combined.jsonl,313,1024,100,10,two_step_mf_RF10,212,0,0.003256,0.000652,0.003396,0.087495,0.001443,0.097203,0.25111553767168043,0.19047619047619047,313
0bbeb0653a569e5394ac94a502549b079f7a055c,meow1,AMD Ryzen 9 9950X 16-Core Processor,c++ (Ubuntu 15.2.0-4ubuntu4) 15.2.0,CMAKE_CXX_FLAGS:STRING= CMAKE_CXX_FLAGS_RELEASE:STRING=-O3 -DNDEBUG,wikimedia_wikipedia_mxbai,/home/yunchih/code/simsearch/python/out/local_query_embeddings_1024.parquet,/home/yunchih/code/simsearch/python/query_embeddings/combined.jsonl,313,1024,100,50,two_step_mf_RF50,212,0,0.001162,0.000641,0.003416,0.086783,0.001392,0.094237,0.25111553767168043,0.19047619047619047,313
0bbeb0653a569e5394ac94a502549b079f7a055c,meow1,AMD Ryzen 9 9950X 16-Core Processor,c++ (Ubuntu 15.2.0-4ubuntu4) 15.2.0,CMAKE_CXX_FLAGS:STRING= CMAKE_CXX_FLAGS_RELEASE:STRING=-O3 -DNDEBUG,wikimedia_wikipedia_mxbai,/home/yunchih/code/simsearch/python/out/local_query_embeddings_1024.parquet,/home/yunchih/code/simsearch/python/query_embeddings/combined.jsonl,313,1024,100,0,float32_avx2,213,0,0.0,0.0,0.0,0.0,0.0,0.012,1.0000000000000004,1.0,100
0bbeb0653a569e5394ac94a502549b079f7a055c,meow1,AMD Ryzen 9 9950X 16-Core Processor,c++ (Ubuntu 15.2.0-4ubuntu4) 15.2.0,CMAKE_CXX_FLAGS:STRING= CMAKE_CXX_FLAGS_RELEASE:STRING=-O3 -DNDEBUG,wikimedia_wikipedia_mxbai,/home/yunchih/code/simsearch/python/out/local_query_embeddings_1024.parquet,/home/yunchih/code/simsearch/python/query_embeddings/combined.jsonl,313,1024,100,0,binary,213,0,0.003596,0.000661,0.001012,0.0,0.0,0.006001,1.0000000000000004,1.0,100
0bbeb0653a569e5394ac94a502549b079f7a055c,meow1,AMD Ryzen 9 9950X 16-Core Processor,c++ (Ubuntu 15.2.0-4ubuntu4) 15.2.0,CMAKE_CXX_FLAGS:STRING= CMAKE_CXX_FLAGS_RELEASE:STRING=-O3 -DNDEBUG,wikimedia_wikipedia_mxbai,/home/yunchih/code/simsearch/python/out/local_query_embeddings_1024.parquet,/home/yunchih/code/simsearch/python/query_embeddings/combined.jsonl,313,1024,100,10,two_step_RF10,213,0,0.003216,0.000642,0.003386,0.011621,0.001453,0.02131,0.25111553767168043,0.19047619047619047,313
0bbeb0653a569e5394ac94a502549b079f7a055c,meow1,AMD Ryzen 9 9950X 16-Core Processor,c++ (Ubuntu 15.2.0-4ubuntu4) 15.2.0,CMAKE_CXX_FLAGS:STRING= CMAKE_CXX_FLAGS_RELEASE:STRING=-O3 -DNDEBUG,wikimedia_wikipedia_mxbai,/home/yunchih/code/simsearch/python/out/local_query_embeddings_1024.parquet,/home/yunchih/code/simsearch/python/query_embeddings/combined.jsonl,313,1024,100,50,two_step_RF50,213,0,0.000832,0.000671,0.003417,0.011452,0.001392,0.018846,0.25111553767168043,0.19047619047619047,313
0bbeb0653a569e5394ac94a502549b079f7a055c,meow1,AMD Ryzen 9 9950X 16-Core Processor,c++ (Ubuntu 15.2.0-4ubuntu4) 15.2.0,CMAKE_CXX_FLAGS:STRING= CMAKE_CXX_FLAGS_RELEASE:STRING=-O3 -DNDEBUG,wikimedia_wikipedia_mxbai,/home/yunchih/code/simsearch/python/out/local_query_embeddings_1024.parquet,/home/yunchih/code/simsearch/python/query_embeddings/combined.jsonl,313,1024,100,10,two_step_mf_RF10,213,0,0.003196,0.000691,0.003367,0.087354,0.001403,0.096992,0.25111553767168043,0.19047619047619047,313
0bbeb0653a569e5394ac94a502549b079f7a055c,meow1,AMD Ryzen 9 9950X 16-Core Processor,c++ (Ubuntu 15.2.0-4ubuntu4) 15.2.0,CMAKE_CXX_FLAGS:STRING= CMAKE_CXX_FLAGS_RELEASE:STRING=-O3 -DNDEBUG,wikimedia_wikipedia_mxbai,/home/yunchih/code/simsearch/python/out/local_query_embeddings_1024.parquet,/home/yunchih/code/simsearch/python/query_embeddings/combined.jsonl,313,1024,100,50,two_step_mf_RF50,213,0,0.001072,0.000651,0.003417,0.086763,0.001413,0.094197,0.25111553767168043,0.19047619047619047,313
0bbeb0653a569e5394ac94a502549b079f7a055c,meow1,AMD Ryzen 9 9950X 16-Core Processor,c++ (Ubuntu 15.2.0-4ubuntu4) 15.2.0,CMAKE_CXX_FLAGS:STRING= CMAKE_CXX_FLAGS_RELEASE:STRING=-O3 -DNDEBUG,wikimedia_wikipedia_mxbai,/home/yunchih/code/simsearch/python/out/local_query_embeddings_1024.parquet,/home/yunchih/code/simsearch/python/query_embeddings/combined.jsonl,313,1024,100,0,float32_avx2,214,0,0.0,0.0,0.0,0.0,0.0,0.012,1.0000000000000004,1.0,100
0bbeb0653a569e5394ac94a502549b079f7a055c,meow1,AMD Ryzen 9 9950X 16-Core Processor,c++ (Ubuntu 15.2.0-4ubuntu4) 15.2.0,CMAKE_CXX_FLAGS:STRING= CMAKE_CXX_FLAGS_RELEASE:STRING=-O3 -DNDEBUG,wikimedia_wikipedia_mxbai,/home/yunchih/code/simsearch/python/out/local_query_embeddings_1024.parquet,/home/yunchih/code/simsearch/python/query_embeddings/combined.jsonl,313,1024,100,0,binary,214,0,0.003346,0.000651,0.001012,0.0,0.0,0.00572,1.0000000000000004,1.0,100
0bbeb0653a569e5394ac94a502549b079f7a055c,meow1,AMD Ryzen 9 9950X 16-Core Processor,c++ (Ubuntu 15.2.0-4ubuntu4) 15.2.0,CMAKE_CXX_FLAGS:STRING= CMAKE_CXX_FLAGS_RELEASE:STRING=-O3 -DNDEBUG,wikimedia_wikipedia_mxbai,/home/yunchih/code/simsearch/python/out/local_query_embeddings_1024.parquet,/home/yunchih/code/simsearch/python/query_embeddings/combined.jsonl,313,1024,100,10,two_step_RF10,214,0,0.003115,0.000631,0.003356,0.011581,0.001423,0.021059,0.25111553767168043,0.19047619047619047,313
0bbeb0653a569e5394ac94a502549b079f7a055c,meow1,AMD Ryzen 9 9950X 16-Core Processor,c++ (Ubuntu 15.2.0-4ubuntu4) 15.2.0,CMAKE_CXX_FLAGS:STRING= CMAKE_CXX_FLAGS_RELEASE:STRING=-O3 -DNDEBUG,wikimedia_wikipedia_mxbai,/home/yunchih/code/simsearch/python/out/local_query_embeddings_1024.parquet,/home/yunchih/code/simsearch/python/query_embeddings/combined.jsonl,313,1024,100,50,two_step_RF50,214,0,0.000831,0.000681,0.003416,0.011441,0.001443,0.018815,0.25111553767168043,0.19047619047619047,313
0bbeb0653a569e5394ac94a502549b079f7a055c,meow1,AMD Ryzen 9 9950X 16-Core Processor,c++ (Ubuntu 15.2.0-4ubuntu4) 15.2.0,CMAKE_CXX_FLAGS:STRING= CMAKE_CXX_FLAGS_RELEASE:STRING=-O3 -DNDEBUG,wikimedia_wikipedia_mxbai,/home/yunchih/code/simsearch/python/out/local_query_embeddings_1024.parquet,/home/yunchih/code/simsearch/python/query_embeddings/combined.jsonl,313,1024,100,10,two_step_mf_RF10,214,0,0.003436,0.000651,0.003386,0.087394,0.001382,0.097183,0.25111553767168043,0.19047619047619047,313
0bbeb0653a569e5394ac94a502549b079f7a055c,meow1,AMD Ryzen 9 9950X 16-Core Processor,c++ (Ubuntu 15.2.0-4ubuntu4) 15.2.0,CMAKE_CXX_FLAGS:STRING= CMAKE_CXX_FLAGS_RELEASE:STRING=-O3 -DNDEBUG,wikimedia_wikipedia_mxbai,/home/yunchih/code/simsearch/python/out/local_query_embeddings_1024.parquet,/home/yunchih/code/simsearch/python/query_embeddings/combined.jsonl,313,1024,100,50,two_step_mf_RF50,214,0,0.001022,0.000661,0.003397,0.086723,0.001403,0.094057,0.25111553767168043,0.19047619047619047,313
0bbeb0653a569e5394ac94a502549b079f7a055c,meow1,AMD Ryzen 9 9950X 16-Core Processor,c++ (Ubuntu 15.2.0-4ubuntu4) 15.2.0,CMAKE_CXX_FLAGS:STRING= CMAKE_CXX_FLAGS_RELEASE:STRING=-O3 -DNDEBUG,wikimedia_wikipedia_mxbai,/home/yunchih/code/simsearch/python/out/local_query_embeddings_1024.parquet,/home/yunchih/code/simsearch/python/query_embeddings/combined.jsonl,313,1024,100,0,float32_avx2,215,0,0.0,0.0,0.0,0.0,0.0,0.012,1.0000000000000004,1.0,100
0bbeb0653a569e5394ac94a502549b079f7a055c,meow1,AMD Ryzen 9 9950X 16-Core Processor,c++ (Ubuntu 15.2.0-4ubuntu4) 15.2.0,CMAKE_CXX_FLAGS:STRING= CMAKE_CXX_FLAGS_RELEASE:STRING=-O3 -DNDEBUG,wikimedia_wikipedia_mxbai,/home/yunchih/code/simsearch/python/out/local_query_embeddings_1024.parquet,/home/yunchih/code/simsearch/python/query_embeddings/combined.jsonl,313,1024,100,0,binary,215,0,0.003366,0.000662,0.001042,0.0,0.0,0.005791,1.0000000000000004,1.0,100
0bbeb0653a569e5394ac94a502549b079f7a055c,meow1,AMD Ryzen 9 9950X 16-Core Processor,c++ (Ubuntu 15.2.0-4ubuntu4) 15.2.0,CMAKE_CXX_FLAGS:STRING= CMAKE_CXX_FLAGS_RELEASE:STRING=-O3 -DNDEBUG,wikimedia_wikipedia_mxbai,/home/yunchih/code/simsearch/python/out/local_query_embeddings_1024.parquet,/home/yunchih/code/simsearch/python/query_embeddings/combined.jsonl,313,1024,100,10,two_step_RF10,215,0,0.003317,0.000641,0.003356,0.011622,0.001443,0.021401,0.25111553767168043,0.19047619047619047,313
0bbeb0653a569e5394ac94a502549b079f7a055c,meow1,AMD Ryzen 9 9950X 16-Core Processor,c++ (Ubuntu 15.2.0-4ubuntu4) 15.2.0,CMAKE_CXX_FLAGS:STRING= CMAKE_CXX_FLAGS_RELEASE:STRING=-O3 -DNDEBUG,wikimedia_wikipedia_mxbai,/home/yunchih/code/simsearch/python/out/local_query_embeddings_1024.parquet,/home/yunchih/code/simsearch/python/query_embeddings/combined.jsonl,313,1024,100,50,two_step_RF50,215,0,0.000951,0.000691,0.003396,0.011351,0.001423,0.018905,0.25111553767168043,0.19047619047619047,313
0bbeb0653a569e5394ac94a502549b079f7a055c,meow1,AMD Ryzen 9 9950X 16-Core Processor,c++ (Ubuntu 15.2.0-4ubuntu4) 15.2.0,CMAKE_CXX_FLAGS:STRING= CMAKE_CXX_FLAGS_RELEASE:STRING=-O3 -DNDEBUG,wikimedia_wikipedia_mxbai,/home/yunchih/code/simsearch/python/out/local_query_embeddings_1024.parquet,/home/yunchih/code/simsearch/python/query_embeddings/combined.jsonl,313,1024,100,10,two_step_mf_RF10,215,0,0.003386,0.000662,0.003366,0.087304,0.001433,0.097092,0.25111553767168043,0.19047619047619047,313
0bbeb0653a569e5394ac94a502549b079f7a055c,meow1,AMD Ryzen 9 9950X 16-Core Processor,c++ (Ubuntu 15.2.0-4ubuntu4) 15.2.0,CMAKE_CXX_FLAGS:STRING= CMAKE_CXX_FLAGS_RELEASE:STRING=-O3 -DNDEBUG,wikimedia_wikipedia_mxbai,/home/yunchih/code/simsearch/python/out/local_query_embeddings_1024.parquet,/home/yunchih/code/simsearch/python/query_embeddings/combined.jsonl,313,1024,100,50,two_step_mf_RF50,215,0,0.000892,0.000661,0.003406,0.086723,0.001412,0.093986,0.25111553767168043,0.19047619047619047,313
0bbeb0653a569e5394ac94a502549b079f7a055c,meow1,AMD Ryzen 9 9950X 16-Core Processor,c++ (Ubuntu 15.2.0-4ubuntu4) 15.2.0,CMAKE_CXX_FLAGS:STRING= CMAKE_CXX_FLAGS_RELEASE:STRING=-O3 -DNDEBUG,wikimedia_wikipedia_mxbai,/home/yunchih/code/simsearch/python/out/local_query_embeddings_1024.parquet,/home/yunchih/code/simsearch/python/query_embeddings/combined.jsonl,313,1024,100,0,float32_avx2,216,0,0.0,0.0,0.0,0.0,0.0,0.011,1.0000000000000004,1.0,100
0bbeb0653a569e5394ac94a502549b079f7a055c,meow1,AMD Ryzen 9 9950X 16-Core Processor,c++ (Ubuntu 15.2.0-4ubuntu4) 15.2.0,CMAKE_CXX_FLAGS:STRING= CMAKE_CXX_FLAGS_RELEASE:STRING=-O3 -DNDEBUG,wikimedia_wikipedia_mxbai,/home/yunchih/code/simsearch/python/out/local_query_embeddings_1024.parquet,/home/yunchih/code/simsearch/python/query_embeddings/combined.jsonl,313,1024,100,0,binary,216,0,0.003606,0.000662,0.001052,0.0,0.0,0.006021,1.0000000000000004,1.0,100
0bbeb0653a569e5394ac94a502549b079f7a055c,meow1,AMD Ryzen 9 9950X 16-Core Processor,c++ (Ubuntu 15.2.0-4ubuntu4) 15.2.0,CMAKE_CXX_FLAGS:STRING= CMAKE_CXX_FLAGS_RELEASE:STRING=-O3 -DNDEBUG,wikimedia_wikipedia_mxbai,/home/yunchih/code/simsearch/python/out/local_query_embeddings_1024.parquet,/home/yunchih/code/simsearch/python/query_embeddings/combined.jsonl,313,1024,100,10,two_step_RF10,216,0,0.003297,0.000621,0.003366,0.011511,0.001393,0.02112,0.25111553767168043,0.19047619047619047,313
0bbeb0653a569e5394ac94a502549b079f7a055c,meow1,AMD Ryzen 9 9950X 16-Core Processor,c++ (Ubuntu 15.2.0-4ubuntu4) 15.2.0,CMAKE_CXX_FLAGS:STRING= CMAKE_CXX_FLAGS_RELEASE:STRING=-O3 -DNDEBUG,wikimedia_wikipedia_mxbai,/home/yunchih/code/simsearch/python/out/local_query_embeddings_1024.parquet,/home/yunchih/code/simsearch/python/query_embeddings/combined.jsonl,313,1024,100,50,two_step_RF50,216,0,0.000862,0.000671,0.003406,0.011822,0.001543,0.019316,0.25111553767168043,0.19047619047619047,313
0bbeb0653a569e5394ac94a502549b079f7a055c,meow1,AMD Ryzen 9 9950X 16-Core Processor,c++ (Ubuntu 15.2.0-4ubuntu4) 15.2.0,CMAKE_CXX_FLAGS:STRING= CMAKE_CXX_FLAGS_RELEASE:STRING=-O3 -DNDEBUG,wikimedia_wikipedia_mxbai,/home/yunchih/code/simsearch/python/out/local_query_embeddings_1024.parquet,/home/yunchih/code/simsearch/python/query_embeddings/combined.jsonl,313,1024,100,10,two_step_mf_RF10,216,0,0.003296,0.000662,0.003376,0.087615,0.001393,0.097303,0.25111553767168043,0.19047619047619047,313
0bbeb0653a569e5394ac94a502549b079f7a055c,meow1,AMD Ryzen 9 9950X 16-Core Processor,c++ (Ubuntu 15.2.0-4ubuntu4) 15.2.0,CMAKE_CXX_FLAGS:STRING= CMAKE_CXX_FLAGS_RELEASE:STRING=-O3 -DNDEBUG,wikimedia_wikipedia_mxbai,/home/yunchih/code/simsearch/python/out/local_query_embeddings_1024.parquet,/home/yunchih/code/simsearch/python/query_embeddings/combined.jsonl,313,1024,100,50,two_step_mf_RF50,216,0,0.000951,0.000622,0.003386,0.086874,0.001392,0.094086,0.25111553767168043,0.19047619047619047,313
0bbeb0653a569e5394ac94a502549b079f7a055c,meow1,AMD Ryzen 9 9950X 16-Core Processor,c++ (Ubuntu 15.2.0-4ubuntu4) 15.2.0,CMAKE_CXX_FLAGS:STRING= CMAKE_CXX_FLAGS_RELEASE:STRING=-O3 -DNDEBUG,wikimedia_wikipedia_mxbai,/home/yunchih/code/simsearch/python/out/local_query_embeddings_1024.parquet,/home/yunchih/code/simsearch/python/query_embeddings/combined.jsonl,313,1024,100,0,float32_avx2,217,0,0.0,0.0,0.0,0.0,0.0,0.011,1.0000000000000004,1.0,100
0bbeb0653a569e5394ac94a502549b079f7a055c,meow1,AMD Ryzen 9 9950X 16-Core Processor,c++ (Ubuntu 15.2.0-4ubuntu4) 15.2.0,CMAKE_CXX_FLAGS:STRING= CMAKE_CXX_FLAGS_RELEASE:STRING=-O3 -DNDEBUG,wikimedia_wikipedia_mxbai,/home/yunchih/code/simsearch/python/out/local_query_embeddings_1024.parquet,/home/yunchih/code/simsearch/python/query_embeddings/combined.jsonl,313,1024,100,0,binary,217,0,0.003377,0.000651,0.001042,0.0,0.0,0.005811,1.0000000000000004,1.0,100
0bbeb0653a569e5394ac94a502549b079f7a055c,meow1,AMD Ryzen 9 9950X 16-Core Processor,c++ (Ubuntu 15.2.0-4ubuntu4) 15.2.0,CMAKE_CXX_FLAGS:STRING= CMAKE_CXX_FLAGS_RELEASE:STRING=-O3 -DNDEBUG,wikimedia_wikipedia_mxbai,/home/yunchih/code/simsearch/python/out/local_query_embeddings_1024.parquet,/home/yunchih/code/simsearch/python/query_embeddings/combined.jsonl,313,1024,100,10,two_step_RF10,217,0,0.003156,0.000612,0.003396,0.011571,0.001393,0.02112,0.25111553767168043,0.19047619047619047,313
0bbeb0653a569e5394ac94a502549b079f7a055c,meow1,AMD Ryzen 9 9950X 16-Core Processor,c++ (Ubuntu 15.2.0-4ubuntu4) 15.2.0,CMAKE_CXX_FLAGS:STRING= CMAKE_CXX_FLAGS_RELEASE:STRING=-O3 -DNDEBUG,wikimedia_wikipedia_mxbai,/home/yunchih/code/simsearch/python/out/local_query_embeddings_1024.parquet,/home/yunchih/code/simsearch/python/query_embeddings/combined.jsonl,313,1024,100,50,two_step_RF50,217,0,0.000792,0.000661,0.003416,0.011452,0.001462,0.018845,0.25111553767168043,0.19047619047619047,313
0bbeb0653a569e5394ac94a502549b079f7a055c,meow1,AMD Ryzen 9 9950X 16-Core Processor,c++ (Ubuntu 15.2.0-4ubuntu4) 15.2.0,CMAKE_CXX_FLAGS:STRING= CMAKE_CXX_FLAGS_RELEASE:STRING=-O3 -DNDEBUG,wikimedia_wikipedia_mxbai,/home/yunchih/code/simsearch/python/out/local_query_embeddings_1024.parquet,/home/yunchih/code/simsearch/python/query_embeddings/combined.jsonl,313,1024,100,10,two_step_mf_RF10,217,0,0.002995,0.000651,0.003416,0.087544,0.001433,0.097032,0.25111553767168043,0.19047619047619047,313
0bbeb0653a569e5394ac94a502549b079f7a055c,meow1,AMD Ryzen 9 9950X 16-Core Processor,c++ (Ubuntu 15.2.0-4ubuntu4) 15.2.0,CMAKE_CXX_FLAGS:STRING= CMAKE_CXX_FLAGS_RELEASE:STRING=-O3 -DNDEBUG,wikimedia_wikipedia_mxbai,/home/yunchih/code/simsearch/python/out/local_query_embeddings_1024.parquet,/home/yunchih/code/simsearch/python/query_embeddings/combined.jsonl,313,1024,100,50,two_step_mf_RF50,217,0,0.000992,0.000631,0.003377,0.086923,0.001413,0.094227,0.25111553767168043,0.19047619047619047,313
0bbeb0653a569e5394ac94a502549b079f7a055c,meow1,AMD Ryzen 9 9950X 16-Core Processor,c++ (Ubuntu 15.2.0-4ubuntu4) 15.2.0,CMAKE_CXX_FLAGS:STRING= CMAKE_CXX_FLAGS_RELEASE:STRING=-O3 -DNDEBUG,wikimedia_wikipedia_mxbai,/home/yunchih/code/simsearch/python/out/local_query_embeddings_1024.parquet,/home/yunchih/code/simsearch/python/query_embeddings/combined.jsonl,313,1024,100,0,float32_avx2,218,0,0.0,0.0,0.0,0.0,0.0,0.011,1.0000000000000004,1.0,100
0bbeb0653a569e5394ac94a502549b079f7a055c,meow1,AMD Ryzen 9 9950X 16-Core Processor,c++ (Ubuntu 15.2.0-4ubuntu4) 15.2.0,CMAKE_CXX_FLAGS:STRING= CMAKE_CXX_FLAGS_RELEASE:STRING=-O3 -DNDEBUG,wikimedia_wikipedia_mxbai,/home/yunchih/code/simsearch/python/out/local_query_embeddings_1024.parquet,/home/yunchih/code/simsearch/python/query_embeddings/combined.jsonl,313,1024,100,0,binary,218,0,0.003306,0.000651,0.001042,0.0,0.0,0.005711,1.0000000000000004,1.0,100
0bbeb0653a569e5394ac94a502549b079f7a055c,meow1,AMD Ryzen 9 9950X 16-Core Processor,c++ (Ubuntu 15.2.0-4ubuntu4) 15.2.0,CMAKE_CXX_FLAGS:STRING= CMAKE_CXX_FLAGS_RELEASE:STRING=-O3 -DNDEBUG,wikimedia_wikipedia_mxbai,/home/yunchih/code/simsearch/python/out/local_query_embeddings_1024.parquet,/home/yunchih/code/simsearch/python/query_embeddings/combined.jsonl,313,1024,100,10,two_step_RF10,218,0,0.003015,0.000632,0.003406,0.011561,0.001443,0.021009,0.25111553767168043,0.19047619047619047,313
0bbeb0653a569e5394ac94a502549b079f7a055c,meow1,AMD Ryzen 9 9950X 16-Core Processor,c++ (Ubuntu 15.2.0-4ubuntu4) 15.2.0,CMAKE_CXX_FLAGS:STRING= CMAKE_CXX_FLAGS_RELEASE:STRING=-O3 -DNDEBUG,wikimedia_wikipedia_mxbai,/home/yunchih/code/simsearch/python/out/local_query_embeddings_1024.parquet,/home/yunchih/code/simsearch/python/query_embeddings/combined.jsonl,313,1024,100,50,two_step_RF50,218,0,0.000721,0.000692,0.003416,0.011491,0.001493,0.018825,0.25111553767168043,0.19047619047619047,313
0bbeb0653a569e5394ac94a502549b079f7a055c,meow1,AMD Ryzen 9 9950X 16-Core Processor,c++ (Ubuntu 15.2.0-4ubuntu4) 15.2.0,CMAKE_CXX_FLAGS:STRING= CMAKE_CXX_FLAGS_RELEASE:STRING=-O3 -DNDEBUG,wikimedia_wikipedia_mxbai,/home/yunchih/code/simsearch/python/out/local_query_embeddings_1024.parquet,/home/yunchih/code/simsearch/python/query_embeddings/combined.jsonl,313,1024,100,10,two_step_mf_RF10,218,0,0.003216,0.000661,0.003337,0.087384,0.001403,0.096932,0.25111553767168043,0.19047619047619047,313
0bbeb0653a569e5394ac94a502549b079f7a055c,meow1,AMD Ryzen 9 9950X 16-Core Processor,c++ (Ubuntu 15.2.0-4ubuntu4) 15.2.0,CMAKE_CXX_FLAGS:STRING= CMAKE_CXX_FLAGS_RELEASE:STRING=-O3 -DNDEBUG,wikimedia_wikipedia_mxbai,/home/yunchih/code/simsearch/python/out/local_query_embeddings_1024.parquet,/home/yunchih/code/simsearch/python/query_embeddings/combined.jsonl,313,1024,100,50,two_step_mf_RF50,218,0,0.000991,0.000631,0.003416,0.087584,0.001353,0.094828,0.25111553767168043,0.19047619047619047,313
0bbeb0653a569e5394ac94a502549b079f7a055c,meow1,AMD Ryzen 9 9950X 16-Core Processor,c++ (Ubuntu 15.2.0-4ubuntu4) 15.2.0,CMAKE_CXX_FLAGS:STRING= CMAKE_CXX_FLAGS_RELEASE:STRING=-O3 -DNDEBUG,wikimedia_wikipedia_mxbai,/home/yunchih/code/simsearch/python/out/local_query_embeddings_1024.parquet,/home/yunchih/code/simsearch/python/query_embeddings/combined.jsonl,313,1024,100,0,float32_avx2,219,0,0.0,0.0,0.0,0.0,0.0,0.012,1.0000000000000004,1.0,100
0bbeb0653a569e5394ac94a502549b079f7a055c,meow1,AMD Ryzen 9 9950X 16-Core Processor,c++ (Ubuntu 15.2.0-4ubuntu4) 15.2.0,CMAKE_CXX_FLAGS:STRING= CMAKE_CXX_FLAGS_RELEASE:STRING=-O3 -DNDEBUG,wikimedia_wikipedia_mxbai,/home/yunchih/code/simsearch/python/out/local_query_embeddings_1024.parquet,/home/yunchih/code/simsearch/python/query_embeddings/combined.jsonl,313,1024,100,0,binary,219,0,0.003347,0.000651,0.001032,0.0,0.0,0.005771,1.0000000000000004,1.0,100
0bbeb0653a569e5394ac94a502549b079f7a055c,meow1,AMD Ryzen 9 9950X 16-Core Processor,c++ (Ubuntu 15.2.0-4ubuntu4) 15.2.0,CMAKE_CXX_FLAGS:STRING= CMAKE_CXX_FLAGS_RELEASE:STRING=-O3 -DNDEBUG,wikimedia_wikipedia_mxbai,/home/yunchih/code/simsearch/python/out/local_query_embeddings_1024.parquet,/home/yunchih/code/simsearch/python/query_embeddings/combined.jsonl,313,1024,100,10,two_step_RF10,219,0,0.003256,0.000631,0.003386,0.011572,0.001422,0.021249,0.25111553767168043,0.19047619047619047,313
0bbeb0653a569e5394ac94a502549b079f7a055c,meow1,AMD Ryzen 9 9950X 16-Core Processor,c++ (Ubuntu 15.2.0-4ubuntu4) 15.2.0,CMAKE_CXX_FLAGS:STRING= CMAKE_CXX_FLAGS_RELEASE:STRING=-O3 -DNDEBUG,wikimedia_wikipedia_mxbai,/home/yunchih/code/simsearch/python/out/local_query_embeddings_1024.parquet,/home/yunchih/code/simsearch/python/query_embeddings/combined.jsonl,313,1024,100,50,two_step_RF50,219,0,0.000781,0.000681,0.003397,0.011412,0.001453,0.018806,0.25111553767168043,0.19047619047619047,313
0bbeb0653a569e5394ac94a502549b079f7a055c,meow1,AMD Ryzen 9 9950X 16-Core Processor,c++ (Ubuntu 15.2.0-4ubuntu4) 15.2.0,CMAKE_CXX_FLAGS:STRING= CMAKE_CXX_FLAGS_RELEASE:STRING=-O3 -DNDEBUG,wikimedia_wikipedia_mxbai,/home/yunchih/code/simsearch/python/out/local_query_embeddings_1024.parquet,/home/yunchih/code/simsearch/python/query_embeddings/combined.jsonl,313,1024,100,10,two_step_mf_RF10,219,0,0.003216,0.000661,0.003387,0.089558,0.001443,0.099226,0.25111553767168043,0.19047619047619047,313
0bbeb0653a569e5394ac94a502549b079f7a055c,meow1,AMD Ryzen 9 9950X 16-Core Processor,c++ (Ubuntu 15.2.0-4ubuntu4) 15.2.0,CMAKE_CXX_FLAGS:STRING= CMAKE_CXX_FLAGS_RELEASE:STRING=-O3 -DNDEBUG,wikimedia_wikipedia_mxbai,/home/yunchih/code/simsearch/python/out/local_query_embeddings_1024.parquet,/home/yunchih/code/simsearch/python/query_embeddings/combined.jsonl,313,1024,100,50,two_step_mf_RF50,219,0,0.000952,0.000641,0.003417,0.086713,0.001403,0.093997,0.25111553767168043,0.19047619047619047,313
0bbeb0653a569e5394ac94a502549b079f7a055c,meow1,AMD Ryzen 9 9950X 16-Core Processor,c++ (Ubuntu 15.2.0-4ubuntu4) 15.2.0,CMAKE_CXX_FLAGS:STRING= CMAKE_CXX_FLAGS_RELEASE:STRING=-O3 -DNDEBUG,wikimedia_wikipedia_mxbai,/home/yunchih/code/simsearch/python/out/local_query_embeddings_1024.parquet,/home/yunchih/code/simsearch/python/query_embeddings/combined.jsonl,313,1024,100,0,float32_avx2,220,0,0.0,0.0,0.0,0.0,0.0,0.012,1.0000000000000004,1.0,100
0bbeb0653a569e5394ac94a502549b079f7a055c,meow1,AMD Ryzen 9 9950X 16-Core Processor,c++ (Ubuntu 15.2.0-4ubuntu4) 15.2.0,CMAKE_CXX_FLAGS:STRING= CMAKE_CXX_FLAGS_RELEASE:STRING=-O3 -DNDEBUG,wikimedia_wikipedia_mxbai,/home/yunchih/code/simsearch/python/out/local_query_embeddings_1024.parquet,/home/yunchih/code/simsearch/python/query_embeddings/combined.jsonl,313,1024,100,0,binary,220,0,0.003487,0.000661,0.001032,0.0,0.0,0.005881,1.0000000000000004,1.0,100
0bbeb0653a569e5394ac94a502549b079f7a055c,meow1,AMD Ryzen 9 9950X 16-Core Processor,c++ (Ubuntu 15.2.0-4ubuntu4) 15.2.0,CMAKE_CXX_FLAGS:STRING= CMAKE_CXX_FLAGS_RELEASE:STRING=-O3 -DNDEBUG,wikimedia_wikipedia_mxbai,/home/yunchih/code/simsearch/python/out/local_query_embeddings_1024.parquet,/home/yunchih/code/simsearch/python/query_embeddings/combined.jsonl,313,1024,100,10,two_step_RF10,220,0,0.003196,0.000621,0.003396,0.011451,0.001433,0.021059,0.25111553767168043,0.19047619047619047,313
0bbeb0653a569e5394ac94a502549b079f7a055c,meow1,AMD Ryzen 9 9950X 16-Core Processor,c++ (Ubuntu 15.2.0-4ubuntu4) 15.2.0,CMAKE_CXX_FLAGS:STRING= CMAKE_CXX_FLAGS_RELEASE:STRING=-O3 -DNDEBUG,wikimedia_wikipedia_mxbai,/home/yunchih/code/simsearch/python/out/local_query_embeddings_1024.parquet,/home/yunchih/code/simsearch/python/query_embeddings/combined.jsonl,313,1024,100,50,two_step_RF50,220,0,0.001002,0.000681,0.003367,0.011412,0.001422,0.018896,0.25111553767168043,0.19047619047619047,313
0bbeb0653a569e5394ac94a502549b079f7a055c,meow1,AMD Ryzen 9 9950X 16-Core Processor,c++ (Ubuntu 15.2.0-4ubuntu4) 15.2.0,CMAKE_CXX_FLAGS:STRING= CMAKE_CXX_FLAGS_RELEASE:STRING=-O3 -DNDEBUG,wikimedia_wikipedia_mxbai,/home/yunchih/code/simsearch/python/out/local_query_embeddings_1024.parquet,/home/yunchih/code/simsearch/python/query_embeddings/combined.jsonl,313,1024,100,10,two_step_mf_RF10,220,0,0.003106,0.000652,0.003376,0.087465,0.001402,0.096933,0.25111553767168043,0.19047619047619047,313
0bbeb0653a569e5394ac94a502549b079f7a055c,meow1,AMD Ryzen 9 9950X 16-Core Processor,c++ (Ubuntu 15.2.0-4ubuntu4) 15.2.0,CMAKE_CXX_FLAGS:STRING= CMAKE_CXX_FLAGS_RELEASE:STRING=-O3 -DNDEBUG,wikimedia_wikipedia_mxbai,/home/yunchih/code/simsearch/python/out/local_query_embeddings_1024.parquet,/home/yunchih/code/simsearch/python/query_embeddings/combined.jsonl,313,1024,100,50,two_step_mf_RF50,220,0,0.001133,0.000651,0.003406,0.086692,0.001422,0.094157,0.25111553767168043,0.19047619047619047,313
0bbeb0653a569e5394ac94a502549b079f7a055c,meow1,AMD Ryzen 9 9950X 16-Core Processor,c++ (Ubuntu 15.2.0-4ubuntu4) 15.2.0,CMAKE_CXX_FLAGS:STRING= CMAKE_CXX_FLAGS_RELEASE:STRING=-O3 -DNDEBUG,wikimedia_wikipedia_mxbai,/home/yunchih/code/simsearch/python/out/local_query_embeddings_1024.parquet,/home/yunchih/code/simsearch/python/query_embeddings/combined.jsonl,313,1024,100,0,float32_avx2,221,0,0.0,0.0,0.0,0.0,0.0,0.012,1.0000000000000004,1.0,100
0bbeb0653a569e5394ac94a502549b079f7a055c,meow1,AMD Ryzen 9 9950X 16-Core Processor,c++ (Ubuntu 15.2.0-4ubuntu4) 15.2.0,CMAKE_CXX_FLAGS:STRING= CMAKE_CXX_FLAGS_RELEASE:STRING=-O3 -DNDEBUG,wikimedia_wikipedia_mxbai,/home/yunchih/code/simsearch/python/out/local_query_embeddings_1024.parquet,/home/yunchih/code/simsearch/python/query_embeddings/combined.jsonl,313,1024,100,0,binary,221,0,0.003526,0.000651,0.001042,0.0,0.0,0.005941,1.0000000000000004,1.0,100
0bbeb0653a569e5394ac94a502549b079f7a055c,meow1,AMD Ryzen 9 9950X 16-Core Processor,c++ (Ubuntu 15.2.0-4ubuntu4) 15.2.0,CMAKE_CXX_FLAGS:STRING= CMAKE_CXX_FLAGS_RELEASE:STRING=-O3 -DNDEBUG,wikimedia_wikipedia_mxbai,/home/yunchih/code/simsearch/python/out/local_query_embeddings_1024.parquet,/home/yunchih/code/simsearch/python/query_embeddings/combined.jsonl,313,1024,100,10,two_step_RF10,221,0,0.003326,0.000631,0.003377,0.011582,0.001433,0.02131,0.25111553767168043,0.19047619047619047,313
0bbeb0653a569e5394ac94a502549b079f7a055c,meow1,AMD Ryzen 9 9950X 16-Core Processor,c++ (Ubuntu 15.2.0-4ubuntu4) 15.2.0,CMAKE_CXX_FLAGS:STRING= CMAKE_CXX_FLAGS_RELEASE:STRING=-O3 -DNDEBUG,wikimedia_wikipedia_mxbai,/home/yunchih/code/simsearch/python/out/local_query_embeddings_1024.parquet,/home/yunchih/code/simsearch/python/query_embeddings/combined.jsonl,313,1024,100,50,two_step_RF50,221,0,0.000922,0.000691,0.003386,0.011412,0.001402,0.018865,0.25111553767168043,0.19047619047619047,313
0bbeb0653a569e5394ac94a502549b079f7a055c,meow1,AMD Ryzen 9 9950X 16-Core Processor,c++ (Ubuntu 15.2.0-4ubuntu4) 15.2.0,CMAKE_CXX_FLAGS:STRING= CMAKE_CXX_FLAGS_RELEASE:STRING=-O3 -DNDEBUG,wikimedia_wikipedia_mxbai,/home/yunchih/code/simsearch/python/out/local_query_embeddings_1024.parquet,/home/yunchih/code/simsearch/python/query_embeddings/combined.jsonl,313,1024,100,10,two_step_mf_RF10,221,0,0.003246,0.000662,0.003386,0.087315,0.001412,0.096972,0.25111553767168043,0.19047619047619047,313
0bbeb0653a569e5394ac94a502549b079f7a055c,meow1,AMD Ryzen 9 9950X 16-Core Processor,c++ (Ubuntu 15.2.0-4ubuntu4) 15.2.0,CMAKE_CXX_FLAGS:STRING= CMAKE_CXX_FLAGS_RELEASE:STRING=-O3 -DNDEBUG,wikimedia_wikipedia_mxbai,/home/yunchih/code/simsearch/python/out/local_query_embeddings_1024.parquet,/home/yunchih/code/simsearch/python/query_embeddings/combined.jsonl,313,1024,100,50,two_step_mf_RF50,221,0,0.001122,0.000631,0.003416,0.086662,0.001373,0.094117,0.25111553767168043,0.19047619047619047,313
0bbeb0653a569e5394ac94a502549b079f7a055c,meow1,AMD Ryzen 9 9950X 16-Core Processor,c++ (Ubuntu 15.2.0-4ubuntu4) 15.2.0,CMAKE_CXX_FLAGS:STRING= CMAKE_CXX_FLAGS_RELEASE:STRING=-O3 -DNDEBUG,wikimedia_wikipedia_mxbai,/home/yunchih/code/simsearch/python/out/local_query_embeddings_1024.parquet,/home/yunchih/code/simsearch/python/query_embeddings/combined.jsonl,313,1024,100,0,float32_avx2,222,0,0.0,0.0,0.0,0.0,0.0,0.011,1.0000000000000004,1.0,100
0bbeb0653a569e5394ac94a502549b079f7a055c,meow1,AMD Ryzen 9 9950X 16-Core Processor,c++ (Ubuntu 15.2.0-4ubuntu4) 15.2.0,CMAKE_CXX_FLAGS:STRING= CMAKE_CXX_FLAGS_RELEASE:STRING=-O3 -DNDEBUG,wikimedia_wikipedia_mxbai,/home/yunchih/code/simsearch/python/out/local_query_embeddings_1024.parquet,/home/yunchih/code/simsearch/python/query_embeddings/combined.jsonl,313,1024,100,0,binary,222,0,0.003357,0.000651,0.001032,0.0,0.0,0.005751,1.0000000000000004,1.0,100
0bbeb0653a569e5394ac94a502549b079f7a055c,meow1,AMD Ryzen 9 9950X 16-Core Processor,c++ (Ubuntu 15.2.0-4ubuntu4) 15.2.0,CMAKE_CXX_FLAGS:STRING= CMAKE_CXX_FLAGS_RELEASE:STRING=-O3 -DNDEBUG,wikimedia_wikipedia_mxbai,/home/yunchih/code/simsearch/python/out/local_query_embeddings_1024.parquet,/home/yunchih/code/simsearch/python/query_embeddings/combined.jsonl,313,1024,100,10,two_step_RF10,222,0,0.003266,0.000622,0.003376,0.011482,0.001443,0.02116,0.25111553767168043,0.19047619047619047,313
0bbeb0653a569e5394ac94a502549b079f7a055c,meow1,AMD Ryzen 9 9950X 16-Core Processor,c++ (Ubuntu 15.2.0-4ubuntu4) 15.2.0,CMAKE_CXX_FLAGS:STRING= CMAKE_CXX_FLAGS_RELEASE:STRING=-O3 -DNDEBUG,wikimedia_wikipedia_mxbai,/home/yunchih/code/simsearch/python/out/local_query_embeddings_1024.parquet,/home/yunchih/code/simsearch/python/query_embeddings/combined.jsonl,313,1024,100,50,two_step_RF50,222,0,0.000751,0.000661,0.003387,0.011442,0.001463,0.018775,0.25111553767168043,0.19047619047619047,313
0bbeb0653a569e5394ac94a502549b079f7a055c,meow1,AMD Ryzen 9 9950X 16-Core Processor,c++ (Ubuntu 15.2.0-4ubuntu4) 15.2.0,CMAKE_CXX_FLAGS:STRING= CMAKE_CXX_FLAGS_RELEASE:STRING=-O3 -DNDEBUG,wikimedia_wikipedia_mxbai,/home/yunchih/code/simsearch/python/out/local_query_embeddings_1024.parquet,/home/yunchih/code/simsearch/python/query_embeddings/combined.jsonl,313,1024,100,10,two_step_mf_RF10,222,0,0.003307,0.000681,0.003396,0.087484,0.001443,0.097253,0.25111553767168043,0.19047619047619047,313
0bbeb0653a569e5394ac94a502549b079f7a055c,meow1,AMD Ryzen 9 9950X 16-Core Processor,c++ (Ubuntu 15.2.0-4ubuntu4) 15.2.0,CMAKE_CXX_FLAGS:STRING= CMAKE_CXX_FLAGS_RELEASE:STRING=-O3 -DNDEBUG,wikimedia_wikipedia_mxbai,/home/yunchih/code/simsearch/python/out/local_query_embeddings_1024.parquet,/home/yunchih/code/simsearch/python/query_embeddings/combined.jsonl,313,1024,100,50,two_step_mf_RF50,222,0,0.001022,0.000631,0.003386,0.09057,0.001412,0.097884,0.25111553767168043,0.19047619047619047,313
0bbeb0653a569e5394ac94a502549b079f7a055c,meow1,AMD Ryzen 9 9950X 16-Core Processor,c++ (Ubuntu 15.2.0-4ubuntu4) 15.2.0,CMAKE_CXX_FLAGS:STRING= CMAKE_CXX_FLAGS_RELEASE:STRING=-O3 -DNDEBUG,wikimedia_wikipedia_mxbai,/home/yunchih/code/simsearch/python/out/local_query_embeddings_1024.parquet,/home/yunchih/code/simsearch/python/query_embeddings/combined.jsonl,313,1024,100,0,float32_avx2,223,0,0.0,0.0,0.0,0.0,0.0,0.011,1.0000000000000004,1.0,100
0bbeb0653a569e5394ac94a502549b079f7a055c,meow1,AMD Ryzen 9 9950X 16-Core Processor,c++ (Ubuntu 15.2.0-4ubuntu4) 15.2.0,CMAKE_CXX_FLAGS:STRING= CMAKE_CXX_FLAGS_RELEASE:STRING=-O3 -DNDEBUG,wikimedia_wikipedia_mxbai,/home/yunchih/code/simsearch/python/out/local_query_embeddings_1024.parquet,/home/yunchih/code/simsearch/python/query_embeddings/combined.jsonl,313,1024,100,0,binary,223,0,0.003637,0.000651,0.001042,0.0,0.0,0.006091,1.0000000000000004,1.0,100
0bbeb0653a569e5394ac94a502549b079f7a055c,meow1,AMD Ryzen 9 9950X 16-Core Processor,c++ (Ubuntu 15.2.0-4ubuntu4) 15.2.0,CMAKE_CXX_FLAGS:STRING= CMAKE_CXX_FLAGS_RELEASE:STRING=-O3 -DNDEBUG,wikimedia_wikipedia_mxbai,/home/yunchih/code/simsearch/python/out/local_query_embeddings_1024.parquet,/home/yunchih/code/simsearch/python/query_embeddings/combined.jsonl,313,1024,100,10,two_step_RF10,223,0,0.003206,0.000611,0.003367,0.011722,0.001463,0.02139,0.25111553767168043,0.19047619047619047,313
0bbeb0653a569e5394ac94a502549b079f7a055c,meow1,AMD Ryzen 9 9950X 16-Core Processor,c++ (Ubuntu 15.2.0-4ubuntu4) 15.2.0,CMAKE_CXX_FLAGS:STRING= CMAKE_CXX_FLAGS_RELEASE:STRING=-O3 -DNDEBUG,wikimedia_wikipedia_mxbai,/home/yunchih/code/simsearch/python/out/local_query_embeddings_1024.parquet,/home/yunchih/code/simsearch/python/query_embeddings/combined.jsonl,313,1024,100,50,two_step_RF50,223,0,0.000762,0.000651,0.003366,0.011421,0.001433,0.018665,0.25111553767168043,0.19047619047619047,313
0bbeb0653a569e5394ac94a502549b079f7a055c,meow1,AMD Ryzen 9 9950X 16-Core Processor,c++ (Ubuntu 15.2.0-4ubuntu4) 15.2.0,CMAKE_CXX_FLAGS:STRING= CMAKE_CXX_FLAGS_RELEASE:STRING=-O3 -DNDEBUG,wikimedia_wikipedia_mxbai,/home/yunchih/code/simsearch/python/out/local_query_embeddings_1024.parquet,/home/yunchih/code/simsearch/python/query_embeddings/combined.jsonl,313,1024,100,10,two_step_mf_RF10,223,0,0.003226,0.000652,0.003426,0.087535,0.001423,0.097213,0.25111553767168043,0.19047619047619047,313
0bbeb0653a569e5394ac94a502549b079f7a055c,meow1,AMD Ryzen 9 9950X 16-Core Processor,c++ (Ubuntu 15.2.0-4ubuntu4) 15.2.0,CMAKE_CXX_FLAGS:STRING= CMAKE_CXX_FLAGS_RELEASE:STRING=-O3 -DNDEBUG,wikimedia_wikipedia_mxbai,/home/yunchih/code/simsearch/python/out/local_query_embeddings_1024.parquet,/home/yunchih/code/simsearch/python/query_embeddings/combined.jsonl,313,1024,100,50,two_step_mf_RF50,223,0,0.001092,0.000631,0.003387,0.086944,0.001332,0.094277,0.25111553767168043,0.19047619047619047,313
0bbeb0653a569e5394ac94a502549b079f7a055c,meow1,AMD Ryzen 9 9950X 16-Core Processor,c++ (Ubuntu 15.2.0-4ubuntu4) 15.2.0,CMAKE_CXX_FLAGS:STRING= CMAKE_CXX_FLAGS_RELEASE:STRING=-O3 -DNDEBUG,wikimedia_wikipedia_mxbai,/home/yunchih/code/simsearch/python/out/local_query_embeddings_1024.parquet,/home/yunchih/code/simsearch/python/query_embeddings/combined.jsonl,313,1024,100,0,float32_avx2,224,0,0.0,0.0,0.0,0.0,0.0,0.012,1.0000000000000004,1.0,100
0bbeb0653a569e5394ac94a502549b079f7a055c,meow1,AMD Ryzen 9 9950X 16-Core Processor,c++ (Ubuntu 15.2.0-4ubuntu4) 15.2.0,CMAKE_CXX_FLAGS:STRING= CMAKE_CXX_FLAGS_RELEASE:STRING=-O3 -DNDEBUG,wikimedia_wikipedia_mxbai,/home/yunchih/code/simsearch/python/out/local_query_embeddings_1024.parquet,/home/yunchih/code/simsearch/python/query_embeddings/combined.jsonl,313,1024,100,0,binary,224,0,0.003487,0.000661,0.001042,0.0,0.0,0.005892,1.0000000000000004,1.0,100
0bbeb0653a569e5394ac94a502549b079f7a055c,meow1,AMD Ryzen 9 9950X 16-Core Processor,c++ (Ubuntu 15.2.0-4ubuntu4) 15.2.0,CMAKE_CXX_FLAGS:STRING= CMAKE_CXX_FLAGS_RELEASE:STRING=-O3 -DNDEBUG,wikimedia_wikipedia_mxbai,/home/yunchih/code/simsearch/python/out/local_query_embeddings_1024.parquet,/home/yunchih/code/simsearch/python/query_embeddings/combined.jsonl,313,1024,100,10,two_step_RF10,224,0,0.003527,0.000611,0.003376,0.014988,0.001413,0.024897,0.25111553767168043,0.19047619047619047,313
0bbeb0653a569e5394ac94a502549b079f7a055c,meow1,AMD Ryzen 9 9950X 16-Core Processor,c++ (Ubuntu 15.2.0-4ubuntu4) 15.2.0,CMAKE_CXX_FLAGS:STRING= CMAKE_CXX_FLAGS_RELEASE:STRING=-O3 -DNDEBUG,wikimedia_wikipedia_mxbai,/home/yunchih/code/simsearch/python/out/local_query_embeddings_1024.parquet,/home/yunchih/code/simsearch/python/query_embeddings/combined.jsonl,313,1024,100,50,two_step_RF50,224,0,0.001062,0.000661,0.003407,0.011522,0.001453,0.019126,0.25111553767168043,0.19047619047619047,313
0bbeb0653a569e5394ac94a502549b079f7a055c,meow1,AMD Ryzen 9 9950X 16-Core Processor,c++ (Ubuntu 15.2.0-4ubuntu4) 15.2.0,CMAKE_CXX_FLAGS:STRING= CMAKE_CXX_FLAGS_RELEASE:STRING=-O3 -DNDEBUG,wikimedia_wikipedia_mxbai,/home/yunchih/code/simsearch/python/out/local_query_embeddings_1024.parquet,/home/yunchih/code/simsearch/python/query_embeddings/combined.jsonl,313,1024,100,10,two_step_mf_RF10,224,0,0.003166,0.000661,0.003397,0.087344,0.001363,0.096872,0.25111553767168043,0.19047619047619047,313
0bbeb0653a569e5394ac94a502549b079f7a055c,meow1,AMD Ryzen 9 9950X 16-Core Processor,c++ (Ubuntu 15.2.0-4ubuntu4) 15.2.0,CMAKE_CXX_FLAGS:STRING= CMAKE_CXX_FLAGS_RELEASE:STRING=-O3 -DNDEBUG,wikimedia_wikipedia_mxbai,/home/yunchih/code/simsearch/python/out/local_query_embeddings_1024.parquet,/home/yunchih/code/simsearch/python/query_embeddings/combined.jsonl,313,1024,100,50,two_step_mf_RF50,224,0,0.001112,0.000631,0.003377,0.086673,0.001392,0.094027,0.25111553767168043,0.19047619047619047,313
0bbeb0653a569e5394ac94a502549b079f7a055c,meow1,AMD Ryzen 9 9950X 16-Core Processor,c++ (Ubuntu 15.2.0-4ubuntu4) 15.2.0,CMAKE_CXX_FLAGS:STRING= CMAKE_CXX_FLAGS_RELEASE:STRING=-O3 -DNDEBUG,wikimedia_wikipedia_mxbai,/home/yunchih/code/simsearch/python/out/local_query_embeddings_1024.parquet,/home/yunchih/code/simsearch/python/query_embeddings/combined.jsonl,313,1024,100,0,float32_avx2,225,0,0.0,0.0,0.0,0.0,0.0,0.012,1.0000000000000004,1.0,100
0bbeb0653a569e5394ac94a502549b079f7a055c,meow1,AMD Ryzen 9 9950X 16-Core Processor,c++ (Ubuntu 15.2.0-4ubuntu4) 15.2.0,CMAKE_CXX_FLAGS:STRING= CMAKE_CXX_FLAGS_RELEASE:STRING=-O3 -DNDEBUG,wikimedia_wikipedia_mxbai,/home/yunchih/code/simsearch/python/out/local_query_embeddings_1024.parquet,/home/yunchih/code/simsearch/python/query_embeddings/combined.jsonl,313,1024,100,0,binary,225,0,0.003516,0.000652,0.001022,0.0,0.0,0.005911,1.0000000000000004,1.0,100
0bbeb0653a569e5394ac94a502549b079f7a055c,meow1,AMD Ryzen 9 9950X 16-Core Processor,c++ (Ubuntu 15.2.0-4ubuntu4) 15.2.0,CMAKE_CXX_FLAGS:STRING= CMAKE_CXX_FLAGS_RELEASE:STRING=-O3 -DNDEBUG,wikimedia_wikipedia_mxbai,/home/yunchih/code/simsearch/python/out/local_query_embeddings_1024.parquet,/home/yunchih/code/simsearch/python/query_embeddings/combined.jsonl,313,1024,100,10,two_step_RF10,225,0,0.003076,0.000621,0.003377,0.011572,0.001413,0.02104,0.25111553767168043,0.19047619047619047,313
0bbeb0653a569e5394ac94a502549b079f7a055c,meow1,AMD Ryzen 9 9950X 16-Core Processor,c++ (Ubuntu 15.2.0-4ubuntu4) 15.2.0,CMAKE_CXX_FLAGS:STRING= CMAKE_CXX_FLAGS_RELEASE:STRING=-O3 -DNDEBUG,wikimedia_wikipedia_mxbai,/home/yunchih/code/simsearch/python/out/local_query_embeddings_1024.parquet,/home/yunchih/code/simsearch/python/query_embeddings/combined.jsonl,313,1024,100,50,two_step_RF50,225,0,0.001082,0.000671,0.003417,0.011462,0.001423,0.019096,0.25111553767168043,0.19047619047619047,313
0bbeb0653a569e5394ac94a502549b079f7a055c,meow1,AMD Ryzen 9 9950X 16-Core Processor,c++ (Ubuntu 15.2.0-4ubuntu4) 15.2.0,CMAKE_CXX_FLAGS:STRING= CMAKE_CXX_FLAGS_RELEASE:STRING=-O3 -DNDEBUG,wikimedia_wikipedia_mxbai,/home/yunchih/code/simsearch/python/out/local_query_embeddings_1024.parquet,/home/yunchih/code/simsearch/python/query_embeddings/combined.jsonl,313,1024,100,10,two_step_mf_RF10,225,0,0.003306,0.000651,0.003427,0.087395,0.001422,0.097182,0.25111553767168043,0.19047619047619047,313
0bbeb0653a569e5394ac94a502549b079f7a055c,meow1,AMD Ryzen 9 9950X 16-Core Processor,c++ (Ubuntu 15.2.0-4ubuntu4) 15.2.0,CMAKE_CXX_FLAGS:STRING= CMAKE_CXX_FLAGS_RELEASE:STRING=-O3 -DNDEBUG,wikimedia_wikipedia_mxbai,/home/yunchih/code/simsearch/python/out/local_query_embeddings_1024.parquet,/home/yunchih/code/simsearch/python/query_embeddings/combined.jsonl,313,1024,100,50,two_step_mf_RF50,225,0,0.001022,0.000641,0.003417,0.086723,0.001433,0.094117,0.25111553767168043,0.19047619047619047,313
0bbeb0653a569e5394ac94a502549b079f7a055c,meow1,AMD Ryzen 9 9950X 16-Core Processor,c++ (Ubuntu 15.2.0-4ubuntu4) 15.2.0,CMAKE_CXX_FLAGS:STRING= CMAKE_CXX_FLAGS_RELEASE:STRING=-O3 -DNDEBUG,wikimedia_wikipedia_mxbai,/home/yunchih/code/simsearch/python/out/local_query_embeddings_1024.parquet,/home/yunchih/code/simsearch/python/query_embeddings/combined.jsonl,313,1024,100,0,float32_avx2,226,0,0.0,0.0,0.0,0.0,0.0,0.011,1.0000000000000004,1.0,100
0bbeb0653a569e5394ac94a502549b079f7a055c,meow1,AMD Ryzen 9 9950X 16-Core Processor,c++ (Ubuntu 15.2.0-4ubuntu4) 15.2.0,CMAKE_CXX_FLAGS:STRING= CMAKE_CXX_FLAGS_RELEASE:STRING=-O3 -DNDEBUG,wikimedia_wikipedia_mxbai,/home/yunchih/code/simsearch/python/out/local_query_embeddings_1024.parquet,/home/yunchih/code/simsearch/python/query_embeddings/combined.jsonl,313,1024,100,0,binary,226,0,0.003386,0.000632,0.001022,0.0,0.0,0.005751,1.0000000000000004,1.0,100
0bbeb0653a569e5394ac94a502549b079f7a055c,meow1,AMD Ryzen 9 9950X 16-Core Processor,c++ (Ubuntu 15.2.0-4ubuntu4) 15.2.0,CMAKE_CXX_FLAGS:STRING= CMAKE_CXX_FLAGS_RELEASE:STRING=-O3 -DNDEBUG,wikimedia_wikipedia_mxbai,/home/yunchih/code/simsearch/python/out/local_query_embeddings_1024.parquet,/home/yunchih/code/simsearch/python/query_embeddings/combined.jsonl,313,1024,100,10,two_step_RF10,226,0,0.003166,0.000601,0.003377,0.011592,0.001453,0.02117,0.25111553767168043,0.19047619047619047,313
0bbeb0653a569e5394ac94a502549b079f7a055c,meow1,AMD Ryzen 9 9950X 16-Core Processor,c++ (Ubuntu 15.2.0-4ubuntu4) 15.2.0,CMAKE_CXX_FLAGS:STRING= CMAKE_CXX_FLAGS_RELEASE:STRING=-O3 -DNDEBUG,wikimedia_wikipedia_mxbai,/home/yunchih/code/simsearch/python/out/local_query_embeddings_1024.parquet,/home/yunchih/code/simsearch/python/query_embeddings/combined.jsonl,313,1024,100,50,two_step_RF50,226,0,0.000952,0.000651,0.003427,0.011402,0.001412,0.018865,0.25111553767168043,0.19047619047619047,313
0bbeb0653a569e5394ac94a502549b079f7a055c,meow1,AMD Ryzen 9 9950X 16-Core Processor,c++ (Ubuntu 15.2.0-4ubuntu4) 15.2.0,CMAKE_CXX_FLAGS:STRING= CMAKE_CXX_FLAGS_RELEASE:STRING=-O3 -DNDEBUG,wikimedia_wikipedia_mxbai,/home/yunchih/code/simsearch/python/out/local_query_embeddings_1024.parquet,/home/yunchih/code/simsearch/python/query_embeddings/combined.jsonl,313,1024,100,10,two_step_mf_RF10,226,0,0.003176,0.000651,0.003396,0.087484,0.001393,0.097022,0.25111553767168043,0.19047619047619047,313
0bbeb0653a569e5394ac94a502549b079f7a055c,meow1,AMD Ryzen 9 9950X 16-Core Processor,c++ (Ubuntu 15.2.0-4ubuntu4) 15.2.0,CMAKE_CXX_FLAGS:STRING= CMAKE_CXX_FLAGS_RELEASE:STRING=-O3 -DNDEBUG,wikimedia_wikipedia_mxbai,/home/yunchih/code/simsearch/python/out/local_query_embeddings_1024.parquet,/home/yunchih/code/simsearch/python/query_embeddings/combined.jsonl,313,1024,100,50,two_step_mf_RF50,226,0,0.001102,0.000621,0.003417,0.086853,0.001393,0.094247,0.25111553767168043,0.19047619047619047,313
0bbeb0653a569e5394ac94a502549b079f7a055c,meow1,AMD Ryzen 9 9950X 16-Core Processor,c++ (Ubuntu 15.2.0-4ubuntu4) 15.2.0,CMAKE_CXX_FLAGS:STRING= CMAKE_CXX_FLAGS_RELEASE:STRING=-O3 -DNDEBUG,wikimedia_wikipedia_mxbai,/home/yunchih/code/simsearch/python/out/local_query_embeddings_1024.parquet,/home/yunchih/code/simsearch/python/query_embeddings/combined.jsonl,313,1024,100,0,float32_avx2,227,0,0.0,0.0,0.0,0.0,0.0,0.011,1.0000000000000004,1.0,100
0bbeb0653a569e5394ac94a502549b079f7a055c,meow1,AMD Ryzen 9 9950X 16-Core Processor,c++ (Ubuntu 15.2.0-4ubuntu4) 15.2.0,CMAKE_CXX_FLAGS:STRING= CMAKE_CXX_FLAGS_RELEASE:STRING=-O3 -DNDEBUG,wikimedia_wikipedia_mxbai,/home/yunchih/code/simsearch/python/out/local_query_embeddings_1024.parquet,/home/yunchih/code/simsearch/python/query_embeddings/combined.jsonl,313,1024,100,0,binary,227,0,0.003527,0.000651,0.001062,0.0,0.0,0.005972,1.0000000000000004,1.0,100
0bbeb0653a569e5394ac94a502549b079f7a055c,meow1,AMD Ryzen 9 9950X 16-Core Processor,c++ (Ubuntu 15.2.0-4ubuntu4) 15.2.0,CMAKE_CXX_FLAGS:STRING= CMAKE_CXX_FLAGS_RELEASE:STRING=-O3 -DNDEBUG,wikimedia_wikipedia_mxbai,/home/yunchih/code/simsearch/python/out/local_query_embeddings_1024.parquet,/home/yunchih/code/simsearch/python/query_embeddings/combined.jsonl,313,1024,100,10,two_step_RF10,227,0,0.003317,0.000611,0.003396,0.011541,0.001423,0.02127,0.25111553767168043,0.19047619047619047,313
0bbeb0653a569e5394ac94a502549b079f7a055c,meow1,AMD Ryzen 9 9950X 16-Core Processor,c++ (Ubuntu 15.2.0-4ubuntu4) 15.2.0,CMAKE_CXX_FLAGS:STRING= CMAKE_CXX_FLAGS_RELEASE:STRING=-O3 -DNDEBUG,wikimedia_wikipedia_mxbai,/home/yunchih/code/simsearch/python/out/local_query_embeddings_1024.parquet,/home/yunchih/code/simsearch/python/query_embeddings/combined.jsonl,313,1024,100,50,two_step_RF50,227,0,0.000932,0.000651,0.003427,0.011512,0.001443,0.019016,0.25111553767168043,0.19047619047619047,313
0bbeb0653a569e5394ac94a502549b079f7a055c,meow1,AMD Ryzen 9 9950X 16-Core Processor,c++ (Ubuntu 15.2.0-4ubuntu4) 15.2.0,CMAKE_CXX_FLAGS:STRING= CMAKE_CXX_FLAGS_RELEASE:STRING=-O3 -DNDEBUG,wikimedia_wikipedia_mxbai,/home/yunchih/code/simsearch/python/out/local_query_embeddings_1024.parquet,/home/yunchih/code/simsearch/python/query_embeddings/combined.jsonl,313,1024,100,10,two_step_mf_RF10,227,0,0.003166,0.000651,0.003377,0.089609,0.001462,0.099226,0.25111553767168043,0.19047619047619047,313
0bbeb0653a569e5394ac94a502549b079f7a055c,meow1,AMD Ryzen 9 9950X 16-Core Processor,c++ (Ubuntu 15.2.0-4ubuntu4) 15.2.0,CMAKE_CXX_FLAGS:STRING= CMAKE_CXX_FLAGS_RELEASE:STRING=-O3 -DNDEBUG,wikimedia_wikipedia_mxbai,/home/yunchih/code/simsearch/python/out/local_query_embeddings_1024.parquet,/home/yunchih/code/simsearch/python/query_embeddings/combined.jsonl,313,1024,100,50,two_step_mf_RF50,227,0,0.001052,0.000641,0.003386,0.087444,0.001393,0.094798,0.25111553767168043,0.19047619047619047,313
0bbeb0653a569e5394ac94a502549b079f7a055c,meow1,AMD Ryzen 9 9950X 16-Core Processor,c++ (Ubuntu 15.2.0-4ubuntu4) 15.2.0,CMAKE_CXX_FLAGS:STRING= CMAKE_CXX_FLAGS_RELEASE:STRING=-O3 -DNDEBUG,wikimedia_wikipedia_mxbai,/home/yunchih/code/simsearch/python/out/local_query_embeddings_1024.parquet,/home/yunchih/code/simsearch/python/query_embeddings/combined.jsonl,313,1024,100,0,float32_avx2,228,0,0.0,0.0,0.0,0.0,0.0,0.012,1.0000000000000004,1.0,100
0bbeb0653a569e5394ac94a502549b079f7a055c,meow1,AMD Ryzen 9 9950X 16-Core Processor,c++ (Ubuntu 15.2.0-4ubuntu4) 15.2.0,CMAKE_CXX_FLAGS:STRING= CMAKE_CXX_FLAGS_RELEASE:STRING=-O3 -DNDEBUG,wikimedia_wikipedia_mxbai,/home/yunchih/code/simsearch/python/out/local_query_embeddings_1024.parquet,/home/yunchih/code/simsearch/python/query_embeddings/combined.jsonl,313,1024,100,0,binary,228,0,0.003506,0.000651,0.001082,0.0,0.0,0.005951,1.0000000000000004,1.0,100
0bbeb0653a569e5394ac94a502549b079f7a055c,meow1,AMD Ryzen 9 9950X 16-Core Processor,c++ (Ubuntu 15.2.0-4ubuntu4) 15.2.0,CMAKE_CXX_FLAGS:STRING= CMAKE_CXX_FLAGS_RELEASE:STRING=-O3 -DNDEBUG,wikimedia_wikipedia_mxbai,/home/yunchih/code/simsearch/python/out/local_query_embeddings_1024.parquet,/home/yunchih/code/simsearch/python/query_embeddings/combined.jsonl,313,1024,100,10,two_step_RF10,228,0,0.003176,0.000641,0.003366,0.012644,0.001643,0.022772,0.25111553767168043,0.19047619047619047,313
0bbeb0653a569e5394ac94a502549b079f7a055c,meow1,AMD Ryzen 9 9950X 16-Core Processor,c++ (Ubuntu 15.2.0-4ubuntu4) 15.2.0,CMAKE_CXX_FLAGS:STRING= CMAKE_CXX_FLAGS_RELEASE:STRING=-O3 -DNDEBUG,wikimedia_wikipedia_mxbai,/home/yunchih/code/simsearch/python/out/local_query_embeddings_1024.parquet,/home/yunchih/code/simsearch/python/query_embeddings/combined.jsonl,313,1024,100,50,two_step_RF50,228,0,0.000982,0.000681,0.003407,0.011552,0.001483,0.019116,0.25111553767168043,0.19047619047619047,313
0bbeb0653a569e5394ac94a502549b079f7a055c,meow1,AMD Ryzen 9 9950X 16-Core Processor,c++ (Ubuntu 15.2.0-4ubuntu4) 15.2.0,CMAKE_CXX_FLAGS:STRING= CMAKE_CXX_FLAGS_RELEASE:STRING=-O3 -DNDEBUG,wikimedia_wikipedia_mxbai,/home/yunchih/code/simsearch/python/out/local_query_embeddings_1024.parquet,/home/yunchih/code/simsearch/python/query_embeddings/combined.jsonl,313,1024,100,10,two_step_mf_RF10,228,0,0.003306,0.000661,0.003387,0.087464,0.001403,0.097142,0.25111553767168043,0.19047619047619047,313
0bbeb0653a569e5394ac94a502549b079f7a055c,meow1,AMD Ryzen 9 9950X 16-Core Processor,c++ (Ubuntu 15.2.0-4ubuntu4) 15.2.0,CMAKE_CXX_FLAGS:STRING= CMAKE_CXX_FLAGS_RELEASE:STRING=-O3 -DNDEBUG,wikimedia_wikipedia_mxbai,/home/yunchih/code/simsearch/python/out/local_query_embeddings_1024.parquet,/home/yunchih/code/simsearch/python/query_embeddings/combined.jsonl,313,1024,100,50,two_step_mf_RF50,228,0,0.001092,0.000651,0.003407,0.086703,0.001403,0.094097,0.25111553767168043,0.19047619047619047,313
0bbeb0653a569e5394ac94a502549b079f7a055c,meow1,AMD Ryzen 9 9950X 16-Core Processor,c++ (Ubuntu 15.2.0-4ubuntu4) 15.2.0,CMAKE_CXX_FLAGS:STRING= CMAKE_CXX_FLAGS_RELEASE:STRING=-O3 -DNDEBUG,wikimedia_wikipedia_mxbai,/home/yunchih/code/simsearch/python/out/local_query_embeddings_1024.parquet,/home/yunchih/code/simsearch/python/query_embeddings/combined.jsonl,313,1024,100,0,float32_avx2,229,0,0.0,0.0,0.0,0.0,0.0,0.012,1.0000000000000004,1.0,100
0bbeb0653a569e5394ac94a502549b079f7a055c,meow1,AMD Ryzen 9 9950X 16-Core Processor,c++ (Ubuntu 15.2.0-4ubuntu4) 15.2.0,CMAKE_CXX_FLAGS:STRING= CMAKE_CXX_FLAGS_RELEASE:STRING=-O3 -DNDEBUG,wikimedia_wikipedia_mxbai,/home/yunchih/code/simsearch/python/out/local_query_embeddings_1024.parquet,/home/yunchih/code/simsearch/python/query_embeddings/combined.jsonl,313,1024,100,0,binary,229,0,0.003487,0.000651,0.001052,0.0,0.0,0.005932,1.0000000000000004,1.0,100
0bbeb0653a569e5394ac94a502549b079f7a055c,meow1,AMD Ryzen 9 9950X 16-Core Processor,c++ (Ubuntu 15.2.0-4ubuntu4) 15.2.0,CMAKE_CXX_FLAGS:STRING= CMAKE_CXX_FLAGS_RELEASE:STRING=-O3 -DNDEBUG,wikimedia_wikipedia_mxbai,/home/yunchih/code/simsearch/python/out/local_query_embeddings_1024.parquet,/home/yunchih/code/simsearch/python/query_embeddings/combined.jsonl,313,1024,100,10,two_step_RF10,229,0,0.003296,0.000631,0.003387,0.011542,0.001413,0.02126,0.25111553767168043,0.19047619047619047,313
0bbeb0653a569e5394ac94a502549b079f7a055c,meow1,AMD Ryzen 9 9950X 16-Core Processor,c++ (Ubuntu 15.2.0-4ubuntu4) 15.2.0,CMAKE_CXX_FLAGS:STRING= CMAKE_CXX_FLAGS_RELEASE:STRING=-O3 -DNDEBUG,wikimedia_wikipedia_mxbai,/home/yunchih/code/simsearch/python/out/local_query_embeddings_1024.parquet,/home/yunchih/code/simsearch/python/query_embeddings/combined.jsonl,313,1024,100,50,two_step_RF50,229,0,0.000942,0.000661,0.003407,0.011472,0.001472,0.019036,0.25111553767168043,0.19047619047619047,313
0bbeb0653a569e5394ac94a502549b079f7a055c,meow1,AMD Ryzen 9 9950X 16-Core Processor,c++ (Ubuntu 15.2.0-4ubuntu4) 15.2.0,CMAKE_CXX_FLAGS:STRING= CMAKE_CXX_FLAGS_RELEASE:STRING=-O3 -DNDEBUG,wikimedia_wikipedia_mxbai,/home/yunchih/code/simsearch/python/out/local_query_embeddings_1024.parquet,/home/yunchih/code/simsearch/python/query_embeddings/combined.jsonl,313,1024,100,10,two_step_mf_RF10,229,0,0.003176,0.000652,0.003426,0.087345,0.001372,0.096922,0.25111553767168043,0.19047619047619047,313
0bbeb0653a569e5394ac94a502549b079f7a055c,meow1,AMD Ryzen 9 9950X 16-Core Processor,c++ (Ubuntu 15.2.0-4ubuntu4) 15.2.0,CMAKE_CXX_FLAGS:STRING= CMAKE_CXX_FLAGS_RELEASE:STRING=-O3 -DNDEBUG,wikimedia_wikipedia_mxbai,/home/yunchih/code/simsearch/python/out/local_query_embeddings_1024.parquet,/home/yunchih/code/simsearch/python/query_embeddings/combined.jsonl,313,1024,100,50,two_step_mf_RF50,229,0,0.000962,0.000631,0.003387,0.086943,0.001413,0.094217,0.25111553767168043,0.19047619047619047,313
0bbeb0653a569e5394ac94a502549b079f7a055c,meow1,AMD Ryzen 9 9950X 16-Core Processor,c++ (Ubuntu 15.2.0-4ubuntu4) 15.2.0,CMAKE_CXX_FLAGS:STRING= CMAKE_CXX_FLAGS_RELEASE:STRING=-O3 -DNDEBUG,wikimedia_wikipedia_mxbai,/home/yunchih/code/simsearch/python/out/local_query_embeddings_1024.parquet,/home/yunchih/code/simsearch/python/query_embeddings/combined.jsonl,313,1024,100,0,float32_avx2,230,0,0.0,0.0,0.0,0.0,0.0,0.012,1.0000000000000004,1.0,100
0bbeb0653a569e5394ac94a502549b079f7a055c,meow1,AMD Ryzen 9 9950X 16-Core Processor,c++ (Ubuntu 15.2.0-4ubuntu4) 15.2.0,CMAKE_CXX_FLAGS:STRING= CMAKE_CXX_FLAGS_RELEASE:STRING=-O3 -DNDEBUG,wikimedia_wikipedia_mxbai,/home/yunchih/code/simsearch/python/out/local_query_embeddings_1024.parquet,/home/yunchih/code/simsearch/python/query_embeddings/combined.jsonl,313,1024,100,0,binary,230,0,0.003456,0.000651,0.001022,0.0,0.0,0.00582,1.0000000000000004,1.0,100
0bbeb0653a569e5394ac94a502549b079f7a055c,meow1,AMD Ryzen 9 9950X 16-Core Processor,c++ (Ubuntu 15.2.0-4ubuntu4) 15.2.0,CMAKE_CXX_FLAGS:STRING= CMAKE_CXX_FLAGS_RELEASE:STRING=-O3 -DNDEBUG,wikimedia_wikipedia_mxbai,/home/yunchih/code/simsearch/python/out/local_query_embeddings_1024.parquet,/home/yunchih/code/simsearch/python/query_embeddings/combined.jsonl,313,1024,100,10,two_step_RF10,230,0,0.003156,0.000621,0.003377,0.011492,0.001402,0.021029,0.25111553767168043,0.19047619047619047,313
0bbeb0653a569e5394ac94a502549b079f7a055c,meow1,AMD Ryzen 9 9950X 16-Core Processor,c++ (Ubuntu 15.2.0-4ubuntu4) 15.2.0,CMAKE_CXX_FLAGS:STRING= CMAKE_CXX_FLAGS_RELEASE:STRING=-O3 -DNDEBUG,wikimedia_wikipedia_mxbai,/home/yunchih/code/simsearch/python/out/local_query_embeddings_1024.parquet,/home/yunchih/code/simsearch/python/query_embeddings/combined.jsonl,313,1024,100,50,two_step_RF50,230,0,0.000682,0.000681,0.003406,0.011512,0.001452,0.018755,0.25111553767168043,0.19047619047619047,313
0bbeb0653a569e5394ac94a502549b079f7a055c,meow1,AMD Ryzen 9 9950X 16-Core Processor,c++ (Ubuntu 15.2.0-4ubuntu4) 15.2.0,CMAKE_CXX_FLAGS:STRING= CMAKE_CXX_FLAGS_RELEASE:STRING=-O3 -DNDEBUG,wikimedia_wikipedia_mxbai,/home/yunchih/code/simsearch/python/out/local_query_embeddings_1024.parquet,/home/yunchih/code/simsearch/python/query_embeddings/combined.jsonl,313,1024,100,10,two_step_mf_RF10,230,0,0.003136,0.000651,0.003387,0.087344,0.001393,0.096842,0.25111553767168043,0.19047619047619047,313
0bbeb0653a569e5394ac94a502549b079f7a055c,meow1,AMD Ryzen 9 9950X 16-Core Processor,c++ (Ubuntu 15.2.0-4ubuntu4) 15.2.0,CMAKE_CXX_FLAGS:STRING= CMAKE_CXX_FLAGS_RELEASE:STRING=-O3 -DNDEBUG,wikimedia_wikipedia_mxbai,/home/yunchih/code/simsearch/python/out/local_query_embeddings_1024.parquet,/home/yunchih/code/simsearch/python/query_embeddings/combined.jsonl,313,1024,100,50,two_step_mf_RF50,230,0,0.000842,0.000631,0.003397,0.088617,0.001392,0.09575,0.25111553767168043,0.19047619047619047,313
0bbeb0653a569e5394ac94a502549b079f7a055c,meow1,AMD Ryzen 9 9950X 16-Core Processor,c++ (Ubuntu 15.2.0-4ubuntu4) 15.2.0,CMAKE_CXX_FLAGS:STRING= CMAKE_CXX_FLAGS_RELEASE:STRING=-O3 -DNDEBUG,wikimedia_wikipedia_mxbai,/home/yunchih/code/simsearch/python/out/local_query_embeddings_1024.parquet,/home/yunchih/code/simsearch/python/query_embeddings/combined.jsonl,313,1024,100,0,float32_avx2,231,0,0.0,0.0,0.0,0.0,0.0,0.012,1.0000000000000004,1.0,100
0bbeb0653a569e5394ac94a502549b079f7a055c,meow1,AMD Ryzen 9 9950X 16-Core Processor,c++ (Ubuntu 15.2.0-4ubuntu4) 15.2.0,CMAKE_CXX_FLAGS:STRING= CMAKE_CXX_FLAGS_RELEASE:STRING=-O3 -DNDEBUG,wikimedia_wikipedia_mxbai,/home/yunchih/code/simsearch/python/out/local_query_embeddings_1024.parquet,/home/yunchih/code/simsearch/python/query_embeddings/combined.jsonl,313,1024,100,0,binary,231,0,0.003537,0.000671,0.001032,0.0,0.0,0.005982,1.0000000000000004,1.0,100
0bbeb0653a569e5394ac94a502549b079f7a055c,meow1,AMD Ryzen 9 9950X 16-Core Processor,c++ (Ubuntu 15.2.0-4ubuntu4) 15.2.0,CMAKE_CXX_FLAGS:STRING= CMAKE_CXX_FLAGS_RELEASE:STRING=-O3 -DNDEBUG,wikimedia_wikipedia_mxbai,/home/yunchih/code/simsearch/python/out/local_query_embeddings_1024.parquet,/home/yunchih/code/simsearch/python/query_embeddings/combined.jsonl,313,1024,100,10,two_step_RF10,231,0,0.003487,0.000621,0.003346,0.011452,0.001432,0.02135,0.25111553767168043,0.19047619047619047,313
0bbeb0653a569e5394ac94a502549b079f7a055c,meow1,AMD Ryzen 9 9950X 16-Core Processor,c++ (Ubuntu 15.2.0-4ubuntu4) 15.2.0,CMAKE_CXX_FLAGS:STRING= CMAKE_CXX_FLAGS_RELEASE:STRING=-O3 -DNDEBUG,wikimedia_wikipedia_mxbai,/home/yunchih/code/simsearch/python/out/local_query_embeddings_1024.parquet,/home/yunchih/code/simsearch/python/query_embeddings/combined.jsonl,313,1024,100,50,two_step_RF50,231,0,0.000962,0.000681,0.003377,0.011462,0.001463,0.018986,0.25111553767168043,0.19047619047619047,313
0bbeb0653a569e5394ac94a502549b079f7a055c,meow1,AMD Ryzen 9 9950X 16-Core Processor,c++ (Ubuntu 15.2.0-4ubuntu4) 15.2.0,CMAKE_CXX_FLAGS:STRING= CMAKE_CXX_FLAGS_RELEASE:STRING=-O3 -DNDEBUG,wikimedia_wikipedia_mxbai,/home/yunchih/code/simsearch/python/out/local_query_embeddings_1024.parquet,/home/yunchih/code/simsearch/python/query_embeddings/combined.jsonl,313,1024,100,10,two_step_mf_RF10,231,0,0.003396,0.000661,0.003356,0.087374,0.001392,0.097152,0.25111553767168043,0.19047619047619047,313
0bbeb0653a569e5394ac94a502549b079f7a055c,meow1,AMD Ryzen 9 9950X 16-Core Processor,c++ (Ubuntu 15.2.0-4ubuntu4) 15.2.0,CMAKE_CXX_FLAGS:STRING= CMAKE_CXX_FLAGS_RELEASE:STRING=-O3 -DNDEBUG,wikimedia_wikipedia_mxbai,/home/yunchih/code/simsearch/python/out/local_query_embeddings_1024.parquet,/home/yunchih/code/simsearch/python/query_embeddings/combined.jsonl,313,1024,100,50,two_step_mf_RF50,231,0,0.001042,0.000642,0.003376,0.086673,0.001323,0.093947,0.25111553767168043,0.19047619047619047,313
0bbeb0653a569e5394ac94a502549b079f7a055c,meow1,AMD Ryzen 9 9950X 16-Core Processor,c++ (Ubuntu 15.2.0-4ubuntu4) 15.2.0,CMAKE_CXX_FLAGS:STRING= CMAKE_CXX_FLAGS_RELEASE:STRING=-O3 -DNDEBUG,wikimedia_wikipedia_mxbai,/home/yunchih/code/simsearch/python/out/local_query_embeddings_1024.parquet,/home/yunchih/code/simsearch/python/query_embeddings/combined.jsonl,313,1024,100,0,float32_avx2,232,0,0.0,0.0,0.0,0.0,0.0,0.012,1.0000000000000004,1.0,100
0bbeb0653a569e5394ac94a502549b079f7a055c,meow1,AMD Ryzen 9 9950X 16-Core Processor,c++ (Ubuntu 15.2.0-4ubuntu4) 15.2.0,CMAKE_CXX_FLAGS:STRING= CMAKE_CXX_FLAGS_RELEASE:STRING=-O3 -DNDEBUG,wikimedia_wikipedia_mxbai,/home/yunchih/code/simsearch/python/out/local_query_embeddings_1024.parquet,/home/yunchih/code/simsearch/python/query_embeddings/combined.jsonl,313,1024,100,0,binary,232,0,0.003476,0.000672,0.001072,0.0,0.0,0.005911,1.0000000000000004,1.0,100
0bbeb0653a569e5394ac94a502549b079f7a055c,meow1,AMD Ryzen 9 9950X 16-Core Processor,c++ (Ubuntu 15.2.0-4ubuntu4) 15.2.0,CMAKE_CXX_FLAGS:STRING= CMAKE_CXX_FLAGS_RELEASE:STRING=-O3 -DNDEBUG,wikimedia_wikipedia_mxbai,/home/yunchih/code/simsearch/python/out/local_query_embeddings_1024.parquet,/home/yunchih/code/simsearch/python/query_embeddings/combined.jsonl,313,1024,100,10,two_step_RF10,232,0,0.003035,0.000622,0.003366,0.011641,0.001443,0.021089,0.25111553767168043,0.19047619047619047,313
0bbeb0653a569e5394ac94a502549b079f7a055c,meow1,AMD Ryzen 9 9950X 16-Core Processor,c++ (Ubuntu 15.2.0-4ubuntu4) 15.2.0,CMAKE_CXX_FLAGS:STRING= CMAKE_CXX_FLAGS_RELEASE:STRING=-O3 -DNDEBUG,wikimedia_wikipedia_mxbai,/home/yunchih/code/simsearch/python/out/local_query_embeddings_1024.parquet,/home/yunchih/code/simsearch/python/query_embeddings/combined.jsonl,313,1024,100,50,two_step_RF50,232,0,0.000862,0.000681,0.003397,0.011422,0.001462,0.018845,0.25111553767168043,0.19047619047619047,313
0bbeb0653a569e5394ac94a502549b079f7a055c,meow1,AMD Ryzen 9 9950X 16-Core Processor,c++ (Ubuntu 15.2.0-4ubuntu4) 15.2.0,CMAKE_CXX_FLAGS:STRING= CMAKE_CXX_FLAGS_RELEASE:STRING=-O3 -DNDEBUG,wikimedia_wikipedia_mxbai,/home/yunchih/code/simsearch/python/out/local_query_embeddings_1024.parquet,/home/yunchih/code/simsearch/python/query_embeddings/combined.jsonl,313,1024,100,10,two_step_mf_RF10,232,0,0.003206,0.000661,0.003417,0.087615,0.001422,0.097263,0.25111553767168043,0.19047619047619047,313
0bbeb0653a569e5394ac94a502549b079f7a055c,meow1,AMD Ryzen 9 9950X 16-Core Processor,c++ (Ubuntu 15.2.0-4ubuntu4) 15.2.0,CMAKE_CXX_FLAGS:STRING= CMAKE_CXX_FLAGS_RELEASE:STRING=-O3 -DNDEBUG,wikimedia_wikipedia_mxbai,/home/yunchih/code/simsearch/python/out/local_query_embeddings_1024.parquet,/home/yunchih/code/simsearch/python/query_embeddings/combined.jsonl,313,1024,100,50,two_step_mf_RF50,232,0,0.000962,0.000621,0.003367,0.086903,0.001373,0.094077,0.25111553767168043,0.19047619047619047,313
0bbeb0653a569e5394ac94a502549b079f7a055c,meow1,AMD Ryzen 9 9950X 16-Core Processor,c++ (Ubuntu 15.2.0-4ubuntu4) 15.2.0,CMAKE_CXX_FLAGS:STRING= CMAKE_CXX_FLAGS_RELEASE:STRING=-O3 -DNDEBUG,wikimedia_wikipedia_mxbai,/home/yunchih/code/simsearch/python/out/local_query_embeddings_1024.parquet,/home/yunchih/code/simsearch/python/query_embeddings/combined.jsonl,313,1024,100,0,float32_avx2,233,0,0.0,0.0,0.0,0.0,0.0,0.011,1.0000000000000004,1.0,100
0bbeb0653a569e5394ac94a502549b079f7a055c,meow1,AMD Ryzen 9 9950X 16-Core Processor,c++ (Ubuntu 15.2.0-4ubuntu4) 15.2.0,CMAKE_CXX_FLAGS:STRING= CMAKE_CXX_FLAGS_RELEASE:STRING=-O3 -DNDEBUG,wikimedia_wikipedia_mxbai,/home/yunchih/code/simsearch/python/out/local_query_embeddings_1024.parquet,/home/yunchih/code/simsearch/python/query_embeddings/combined.jsonl,313,1024,100,0,binary,233,0,0.003496,0.000661,0.001032,0.0,0.0,0.005931,1.0000000000000004,1.0,100
0bbeb0653a569e5394ac94a502549b079f7a055c,meow1,AMD Ryzen 9 9950X 16-Core Processor,c++ (Ubuntu 15.2.0-4ubuntu4) 15.2.0,CMAKE_CXX_FLAGS:STRING= CMAKE_CXX_FLAGS_RELEASE:STRING=-O3 -DNDEBUG,wikimedia_wikipedia_mxbai,/home/yunchih/code/simsearch/python/out/local_query_embeddings_1024.parquet,/home/yunchih/code/simsearch/python/query_embeddings/combined.jsonl,313,1024,100,10,two_step_RF10,233,0,0.003327,0.000611,0.003376,0.011672,0.001443,0.021411,0.25111553767168043,0.19047619047619047,313
0bbeb0653a569e5394ac94a502549b079f7a055c,meow1,AMD Ryzen 9 9950X 16-Core Processor,c++ (Ubuntu 15.2.0-4ubuntu4) 15.2.0,CMAKE_CXX_FLAGS:STRING= CMAKE_CXX_FLAGS_RELEASE:STRING=-O3 -DNDEBUG,wikimedia_wikipedia_mxbai,/home/yunchih/code/simsearch/python/out/local_query_embeddings_1024.parquet,/home/yunchih/code/simsearch/python/query_embeddings/combined.jsonl,313,1024,100,50,two_step_RF50,233,0,0.000921,0.000651,0.003426,0.011441,0.001433,0.018935,0.25111553767168043,0.19047619047619047,313
0bbeb0653a569e5394ac94a502549b079f7a055c,meow1,AMD Ryzen 9 9950X 16-Core Processor,c++ (Ubuntu 15.2.0-4ubuntu4) 15.2.0,CMAKE_CXX_FLAGS:STRING= CMAKE_CXX_FLAGS_RELEASE:STRING=-O3 -DNDEBUG,wikimedia_wikipedia_mxbai,/home/yunchih/code/simsearch/python/out/local_query_embeddings_1024.parquet,/home/yunchih/code/simsearch/python/query_embeddings/combined.jsonl,313,1024,100,10,two_step_mf_RF10,233,0,0.003206,0.000661,0.003386,0.087654,0.001413,0.097272,0.25111553767168043,0.19047619047619047,313
0bbeb0653a569e5394ac94a502549b079f7a055c,meow1,AMD Ryzen 9 9950X 16-Core Processor,c++ (Ubuntu 15.2.0-4ubuntu4) 15.2.0,CMAKE_CXX_FLAGS:STRING= CMAKE_CXX_FLAGS_RELEASE:STRING=-O3 -DNDEBUG,wikimedia_wikipedia_mxbai,/home/yunchih/code/simsearch/python/out/local_query_embeddings_1024.parquet,/home/yunchih/code/simsearch/python/query_embeddings/combined.jsonl,313,1024,100,50,two_step_mf_RF50,233,0,0.001062,0.000621,0.003426,0.086873,0.001402,0.094258,0.25111553767168043,0.19047619047619047,313
0bbeb0653a569e5394ac94a502549b079f7a055c,meow1,AMD Ryzen 9 9950X 16-Core Processor,c++ (Ubuntu 15.2.0-4ubuntu4) 15.2.0,CMAKE_CXX_FLAGS:STRING= CMAKE_CXX_FLAGS_RELEASE:STRING=-O3 -DNDEBUG,wikimedia_wikipedia_mxbai,/home/yunchih/code/simsearch/python/out/local_query_embeddings_1024.parquet,/home/yunchih/code/simsearch/python/query_embeddings/combined.jsonl,313,1024,100,0,float32_avx2,234,0,0.0,0.0,0.0,0.0,0.0,0.012,1.0000000000000004,1.0,100
0bbeb0653a569e5394ac94a502549b079f7a055c,meow1,AMD Ryzen 9 9950X 16-Core Processor,c++ (Ubuntu 15.2.0-4ubuntu4) 15.2.0,CMAKE_CXX_FLAGS:STRING= CMAKE_CXX_FLAGS_RELEASE:STRING=-O3 -DNDEBUG,wikimedia_wikipedia_mxbai,/home/yunchih/code/simsearch/python/out/local_query_embeddings_1024.parquet,/home/yunchih/code/simsearch/python/query_embeddings/combined.jsonl,313,1024,100,0,binary,234,0,0.003447,0.000691,0.001012,0.0,0.0,0.005851,1.0000000000000004,1.0,100
0bbeb0653a569e5394ac94a502549b079f7a055c,meow1,AMD Ryzen 9 9950X 16-Core Processor,c++ (Ubuntu 15.2.0-4ubuntu4) 15.2.0,CMAKE_CXX_FLAGS:STRING= CMAKE_CXX_FLAGS_RELEASE:STRING=-O3 -DNDEBUG,wikimedia_wikipedia_mxbai,/home/yunchih/code/simsearch/python/out/local_query_embeddings_1024.parquet,/home/yunchih/code/simsearch/python/query_embeddings/combined.jsonl,313,1024,100,10,two_step_RF10,234,0,0.003156,0.000601,0.003356,0.011581,0.001392,0.021069,0.25111553767168043,0.19047619047619047,313
0bbeb0653a569e5394ac94a502549b079f7a055c,meow1,AMD Ryzen 9 9950X 16-Core Processor,c++ (Ubuntu 15.2.0-4ubuntu4) 15.2.0,CMAKE_CXX_FLAGS:STRING= CMAKE_CXX_FLAGS_RELEASE:STRING=-O3 -DNDEBUG,wikimedia_wikipedia_mxbai,/home/yunchih/code/simsearch/python/out/local_query_embeddings_1024.parquet,/home/yunchih/code/simsearch/python/query_embeddings/combined.jsonl,313,1024,100,50,two_step_RF50,234,0,0.000982,0.000681,0.003417,0.011481,0.001443,0.019046,0.25111553767168043,0.19047619047619047,313
0bbeb0653a569e5394ac94a502549b079f7a055c,meow1,AMD Ryzen 9 9950X 16-Core Processor,c++ (Ubuntu 15.2.0-4ubuntu4) 15.2.0,CMAKE_CXX_FLAGS:STRING= CMAKE_CXX_FLAGS_RELEASE:STRING=-O3 -DNDEBUG,wikimedia_wikipedia_mxbai,/home/yunchih/code/simsearch/python/out/local_query_embeddings_1024.parquet,/home/yunchih/code/simsearch/python/query_embeddings/combined.jsonl,313,1024,100,10,two_step_mf_RF10,234,0,0.003256,0.000661,0.003397,0.087424,0.001423,0.097102,0.25111553767168043,0.19047619047619047,313
0bbeb0653a569e5394ac94a502549b079f7a055c,meow1,AMD Ryzen 9 9950X 16-Core Processor,c++ (Ubuntu 15.2.0-4ubuntu4) 15.2.0,CMAKE_CXX_FLAGS:STRING= CMAKE_CXX_FLAGS_RELEASE:STRING=-O3 -DNDEBUG,wikimedia_wikipedia_mxbai,/home/yunchih/code/simsearch/python/out/local_query_embeddings_1024.parquet,/home/yunchih/code/simsearch/python/query_embeddings/combined.jsonl,313,1024,100,50,two_step_mf_RF50,234,0,0.001142,0.000632,0.003436,0.086733,0.001382,0.094217,0.25111553767168043,0.19047619047619047,313
0bbeb0653a569e5394ac94a502549b079f7a055c,meow1,AMD Ryzen 9 9950X 16-Core Processor,c++ (Ubuntu 15.2.0-4ubuntu4) 15.2.0,CMAKE_CXX_FLAGS:STRING= CMAKE_CXX_FLAGS_RELEASE:STRING=-O3 -DNDEBUG,wikimedia_wikipedia_mxbai,/home/yunchih/code/simsearch/python/out/local_query_embeddings_1024.parquet,/home/yunchih/code/simsearch/python/query_embeddings/combined.jsonl,313,1024,100,0,float32_avx2,235,0,0.0,0.0,0.0,0.0,0.0,0.011,1.0000000000000004,1.0,100
0bbeb0653a569e5394ac94a502549b079f7a055c,meow1,AMD Ryzen 9 9950X 16-Core Processor,c++ (Ubuntu 15.2.0-4ubuntu4) 15.2.0,CMAKE_CXX_FLAGS:STRING= CMAKE_CXX_FLAGS_RELEASE:STRING=-O3 -DNDEBUG,wikimedia_wikipedia_mxbai,/home/yunchih/code/simsearch/python/out/local_query_embeddings_1024.parquet,/home/yunchih/code/simsearch/python/query_embeddings/combined.jsonl,313,1024,100,0,binary,235,0,0.003196,0.000651,0.001032,0.0,0.0,0.005621,1.0000000000000004,1.0,100
0bbeb0653a569e5394ac94a502549b079f7a055c,meow1,AMD Ryzen 9 9950X 16-Core Processor,c++ (Ubuntu 15.2.0-4ubuntu4) 15.2.0,CMAKE_CXX_FLAGS:STRING= CMAKE_CXX_FLAGS_RELEASE:STRING=-O3 -DNDEBUG,wikimedia_wikipedia_mxbai,/home/yunchih/code/simsearch/python/out/local_query_embeddings_1024.parquet,/home/yunchih/code/simsearch/python/query_embeddings/combined.jsonl,313,1024,100,10,two_step_RF10,235,0,0.003095,0.000632,0.003376,0.011461,0.001433,0.020979,0.25111553767168043,0.19047619047619047,313
0bbeb0653a569e5394ac94a502549b079f7a055c,meow1,AMD Ryzen 9 9950X 16-Core Processor,c++ (Ubuntu 15.2.0-4ubuntu4) 15.2.0,CMAKE_CXX_FLAGS:STRING= CMAKE_CXX_FLAGS_RELEASE:STRING=-O3 -DNDEBUG,wikimedia_wikipedia_mxbai,/home/yunchih/code/simsearch/python/out/local_query_embeddings_1024.parquet,/home/yunchih/code/simsearch/python/query_embeddings/combined.jsonl,313,1024,100,50,two_step_RF50,235,0,0.000681,0.000671,0.003407,0.013004,0.001473,0.020649,0.25111553767168043,0.19047619047619047,313
0bbeb0653a569e5394ac94a502549b079f7a055c,meow1,AMD Ryzen 9 9950X 16-Core Processor,c++ (Ubuntu 15.2.0-4ubuntu4) 15.2.0,CMAKE_CXX_FLAGS:STRING= CMAKE_CXX_FLAGS_RELEASE:STRING=-O3 -DNDEBUG,wikimedia_wikipedia_mxbai,/home/yunchih/code/simsearch/python/out/local_query_embeddings_1024.parquet,/home/yunchih/code/simsearch/python/query_embeddings/combined.jsonl,313,1024,100,10,two_step_mf_RF10,235,0,0.003256,0.000651,0.003407,0.087544,0.001413,0.097262,0.25111553767168043,0.19047619047619047,313
0bbeb0653a569e5394ac94a502549b079f7a055c,meow1,AMD Ryzen 9 9950X 16-Core Processor,c++ (Ubuntu 15.2.0-4ubuntu4) 15.2.0,CMAKE_CXX_FLAGS:STRING= CMAKE_CXX_FLAGS_RELEASE:STRING=-O3 -DNDEBUG,wikimedia_wikipedia_mxbai,/home/yunchih/code/simsearch/python/out/local_query_embeddings_1024.parquet,/home/yunchih/code/simsearch/python/query_embeddings/combined.jsonl,313,1024,100,50,two_step_mf_RF50,235,0,0.000892,0.000631,0.003407,0.086903,0.001363,0.094037,0.25111553767168043,0.19047619047619047,313
0bbeb0653a569e5394ac94a502549b079f7a055c,meow1,AMD Ryzen 9 9950X 16-Core Processor,c++ (Ubuntu 15.2.0-4ubuntu4) 15.2.0,CMAKE_CXX_FLAGS:STRING= CMAKE_CXX_FLAGS_RELEASE:STRING=-O3 -DNDEBUG,wikimedia_wikipedia_mxbai,/home/yunchih/code/simsearch/python/out/local_query_embeddings_1024.parquet,/home/yunchih/code/simsearch/python/query_embeddings/combined.jsonl,313,1024,100,0,float32_avx2,236,0,0.0,0.0,0.0,0.0,0.0,0.012,1.0000000000000004,1.0,100
0bbeb0653a569e5394ac94a502549b079f7a055c,meow1,AMD Ryzen 9 9950X 16-Core Processor,c++ (Ubuntu 15.2.0-4ubuntu4) 15.2.0,CMAKE_CXX_FLAGS:STRING= CMAKE_CXX_FLAGS_RELEASE:STRING=-O3 -DNDEBUG,wikimedia_wikipedia_mxbai,/home/yunchih/code/simsearch/python/out/local_query_embeddings_1024.parquet,/home/yunchih/code/simsearch/python/query_embeddings/combined.jsonl,313,1024,100,0,binary,236,0,0.003367,0.000631,0.001032,0.0,0.0,0.005731,1.0000000000000004,1.0,100
0bbeb0653a569e5394ac94a502549b079f7a055c,meow1,AMD Ryzen 9 9950X 16-Core Processor,c++ (Ubuntu 15.2.0-4ubuntu4) 15.2.0,CMAKE_CXX_FLAGS:STRING= CMAKE_CXX_FLAGS_RELEASE:STRING=-O3 -DNDEBUG,wikimedia_wikipedia_mxbai,/home/yunchih/code/simsearch/python/out/local_query_embeddings_1024.parquet,/home/yunchih/code/simsearch/python/query_embeddings/combined.jsonl,313,1024,100,10,two_step_RF10,236,0,0.003076,0.000621,0.003387,0.011492,0.001403,0.02096,0.25111553767168043,0.19047619047619047,313
0bbeb0653a569e5394ac94a502549b079f7a055c,meow1,AMD Ryzen 9 9950X 16-Core Processor,c++ (Ubuntu 15.2.0-4ubuntu4) 15.2.0,CMAKE_CXX_FLAGS:STRING= CMAKE_CXX_FLAGS_RELEASE:STRING=-O3 -DNDEBUG,wikimedia_wikipedia_mxbai,/home/yunchih/code/simsearch/python/out/local_query_embeddings_1024.parquet,/home/yunchih/code/simsearch/python/query_embeddings/combined.jsonl,313,1024,100,50,two_step_RF50,236,0,0.000732,0.000661,0.003407,0.011532,0.001412,0.018766,0.25111553767168043,0.19047619047619047,313
0bbeb0653a569e5394ac94a502549b079f7a055c,meow1,AMD Ryzen 9 9950X 16-Core Processor,c++ (Ubuntu 15.2.0-4ubuntu4) 15.2.0,CMAKE_CXX_FLAGS:STRING= CMAKE_CXX_FLAGS_RELEASE:STRING=-O3 -DNDEBUG,wikimedia_wikipedia_mxbai,/home/yunchih/code/simsearch/python/out/local_query_embeddings_1024.parquet,/home/yunchih/code/simsearch/python/query_embeddings/combined.jsonl,313,1024,100,10,two_step_mf_RF10,236,0,0.003276,0.000652,0.003386,0.087555,0.001413,0.097203,0.25111553767168043,0.19047619047619047,313
0bbeb0653a569e5394ac94a502549b079f7a055c,meow1,AMD Ryzen 9 9950X 16-Core Processor,c++ (Ubuntu 15.2.0-4ubuntu4) 15.2.0,CMAKE_CXX_FLAGS:STRING= CMAKE_CXX_FLAGS_RELEASE:STRING=-O3 -DNDEBUG,wikimedia_wikipedia_mxbai,/home/yunchih/code/simsearch/python/out/local_query_embeddings_1024.parquet,/home/yunchih/code/simsearch/python/query_embeddings/combined.jsonl,313,1024,100,50,two_step_mf_RF50,236,0,0.000942,0.000621,0.003416,0.086903,0.001373,0.094117,0.25111553767168043,0.19047619047619047,313
0bbeb0653a569e5394ac94a502549b079f7a055c,meow1,AMD Ryzen 9 9950X 16-Core Processor,c++ (Ubuntu 15.2.0-4ubuntu4) 15.2.0,CMAKE_CXX_FLAGS:STRING= CMAKE_CXX_FLAGS_RELEASE:STRING=-O3 -DNDEBUG,wikimedia_wikipedia_mxbai,/home/yunchih/code/simsearch/python/out/local_query_embeddings_1024.parquet,/home/yunchih/code/simsearch/python/query_embeddings/combined.jsonl,313,1024,100,0,float32_avx2,237,0,0.0,0.0,0.0,0.0,0.0,0.012,1.0000000000000004,1.0,100
0bbeb0653a569e5394ac94a502549b079f7a055c,meow1,AMD Ryzen 9 9950X 16-Core Processor,c++ (Ubuntu 15.2.0-4ubuntu4) 15.2.0,CMAKE_CXX_FLAGS:STRING= CMAKE_CXX_FLAGS_RELEASE:STRING=-O3 -DNDEBUG,wikimedia_wikipedia_mxbai,/home/yunchih/code/simsearch/python/out/local_query_embeddings_1024.parquet,/home/yunchih/code/simsearch/python/query_embeddings/combined.jsonl,313,1024,100,0,binary,237,0,0.003517,0.000651,0.001022,0.0,0.0,0.005911,1.0000000000000004,1.0,100
0bbeb0653a569e5394ac94a502549b079f7a055c,meow1,AMD Ryzen 9 9950X 16-Core Processor,c++ (Ubuntu 15.2.0-4ubuntu4) 15.2.0,CMAKE_CXX_FLAGS:STRING= CMAKE_CXX_FLAGS_RELEASE:STRING=-O3 -DNDEBUG,wikimedia_wikipedia_mxbai,/home/yunchih/code/simsearch/python/out/local_query_embeddings_1024.parquet,/home/yunchih/code/simsearch/python/query_embeddings/combined.jsonl,313,1024,100,10,two_step_RF10,237,0,0.003276,0.000621,0.003367,0.011552,0.001493,0.02131,0.25111553767168043,0.19047619047619047,313
0bbeb0653a569e5394ac94a502549b079f7a055c,meow1,AMD Ryzen 9 9950X 16-Core Processor,c++ (Ubuntu 15.2.0-4ubuntu4) 15.2.0,CMAKE_CXX_FLAGS:STRING= CMAKE_CXX_FLAGS_RELEASE:STRING=-O3 -DNDEBUG,wikimedia_wikipedia_mxbai,/home/yunchih/code/simsearch/python/out/local_query_embeddings_1024.parquet,/home/yunchih/code/simsearch/python/query_embeddings/combined.jsonl,313,1024,100,50,two_step_RF50,237,0,0.000901,0.000672,0.003426,0.011231,0.001422,0.018716,0.25111553767168043,0.19047619047619047,313
0bbeb0653a569e5394ac94a502549b079f7a055c,meow1,AMD Ryzen 9 9950X 16-Core Processor,c++ (Ubuntu 15.2.0-4ubuntu4) 15.2.0,CMAKE_CXX_FLAGS:STRING= CMAKE_CXX_FLAGS_RELEASE:STRING=-O3 -DNDEBUG,wikimedia_wikipedia_mxbai,/home/yunchih/code/simsearch/python/out/local_query_embeddings_1024.parquet,/home/yunchih/code/simsearch/python/query_embeddings/combined.jsonl,313,1024,100,10,two_step_mf_RF10,237,0,0.003436,0.000652,0.003356,0.087385,0.001382,0.097172,0.25111553767168043,0.19047619047619047,313
0bbeb0653a569e5394ac94a502549b079f7a055c,meow1,AMD Ryzen 9 9950X 16-Core Processor,c++ (Ubuntu 15.2.0-4ubuntu4) 15.2.0,CMAKE_CXX_FLAGS:STRING= CMAKE_CXX_FLAGS_RELEASE:STRING=-O3 -DNDEBUG,wikimedia_wikipedia_mxbai,/home/yunchih/code/simsearch/python/out/local_query_embeddings_1024.parquet,/home/yunchih/code/simsearch/python/query_embeddings/combined.jsonl,313,1024,100,50,two_step_mf_RF50,237,0,0.000972,0.000631,0.003417,0.086763,0.001413,0.094057,0.25111553767168043,0.19047619047619047,313
0bbeb0653a569e5394ac94a502549b079f7a055c,meow1,AMD Ryzen 9 9950X 16-Core Processor,c++ (Ubuntu 15.2.0-4ubuntu4) 15.2.0,CMAKE_CXX_FLAGS:STRING= CMAKE_CXX_FLAGS_RELEASE:STRING=-O3 -DNDEBUG,wikimedia_wikipedia_mxbai,/home/yunchih/code/simsearch/python/out/local_query_embeddings_1024.parquet,/home/yunchih/code/simsearch/python/query_embeddings/combined.jsonl,313,1024,100,0,float32_avx2,238,0,0.0,0.0,0.0,0.0,0.0,0.011,1.0000000000000004,1.0,100
0bbeb0653a569e5394ac94a502549b079f7a055c,meow1,AMD Ryzen 9 9950X 16-Core Processor,c++ (Ubuntu 15.2.0-4ubuntu4) 15.2.0,CMAKE_CXX_FLAGS:STRING= CMAKE_CXX_FLAGS_RELEASE:STRING=-O3 -DNDEBUG,wikimedia_wikipedia_mxbai,/home/yunchih/code/simsearch/python/out/local_query_embeddings_1024.parquet,/home/yunchih/code/simsearch/python/query_embeddings/combined.jsonl,313,1024,100,0,binary,238,0,0.003346,0.000642,0.001062,0.0,0.0,0.005781,1.0000000000000004,1.0,100
0bbeb0653a569e5394ac94a502549b079f7a055c,meow1,AMD Ryzen 9 9950X 16-Core Processor,c++ (Ubuntu 15.2.0-4ubuntu4) 15.2.0,CMAKE_CXX_FLAGS:STRING= CMAKE_CXX_FLAGS_RELEASE:STRING=-O3 -DNDEBUG,wikimedia_wikipedia_mxbai,/home/yunchih/code/simsearch/python/out/local_query_embeddings_1024.parquet,/home/yunchih/code/simsearch/python/query_embeddings/combined.jsonl,313,1024,100,10,two_step_RF10,238,0,0.003266,0.000631,0.003366,0.011522,0.001452,0.021179,0.25111553767168043,0.19047619047619047,313
0bbeb0653a569e5394ac94a502549b079f7a055c,meow1,AMD Ryzen 9 9950X 16-Core Processor,c++ (Ubuntu 15.2.0-4ubuntu4) 15.2.0,CMAKE_CXX_FLAGS:STRING= CMAKE_CXX_FLAGS_RELEASE:STRING=-O3 -DNDEBUG,wikimedia_wikipedia_mxbai,/home/yunchih/code/simsearch/python/out/local_query_embeddings_1024.parquet,/home/yunchih/code/simsearch/python/query_embeddings/combined.jsonl,313,1024,100,50,two_step_RF50,238,0,0.000922,0.000661,0.003386,0.011462,0.001432,0.018905,0.25111553767168043,0.19047619047619047,313
0bbeb0653a569e5394ac94a502549b079f7a055c,meow1,AMD Ryzen 9 9950X 16-Core Processor,c++ (Ubuntu 15.2.0-4ubuntu4) 15.2.0,CMAKE_CXX_FLAGS:STRING= CMAKE_CXX_FLAGS_RELEASE:STRING=-O3 -DNDEBUG,wikimedia_wikipedia_mxbai,/home/yunchih/code/simsearch/python/out/local_query_embeddings_1024.parquet,/home/yunchih/code/simsearch/python/query_embeddings/combined.jsonl,313,1024,100,10,two_step_mf_RF10,238,0,0.003257,0.000661,0.003406,0.089337,0.001412,0.098996,0.25111553767168043,0.19047619047619047,313
0bbeb0653a569e5394ac94a502549b079f7a055c,meow1,AMD Ryzen 9 9950X 16-Core Processor,c++ (Ubuntu 15.2.0-4ubuntu4) 15.2.0,CMAKE_CXX_FLAGS:STRING= CMAKE_CXX_FLAGS_RELEASE:STRING=-O3 -DNDEBUG,wikimedia_wikipedia_mxbai,/home/yunchih/code/simsearch/python/out/local_query_embeddings_1024.parquet,/home/yunchih/code/simsearch/python/query_embeddings/combined.jsonl,313,1024,100,50,two_step_mf_RF50,238,0,0.000931,0.000632,0.003386,0.086864,0.001412,0.094106,0.25111553767168043,0.19047619047619047,313
0bbeb0653a569e5394ac94a502549b079f7a055c,meow1,AMD Ryzen 9 9950X 16-Core Processor,c++ (Ubuntu 15.2.0-4ubuntu4) 15.2.0,CMAKE_CXX_FLAGS:STRING= CMAKE_CXX_FLAGS_RELEASE:STRING=-O3 -DNDEBUG,wikimedia_wikipedia_mxbai,/home/yunchih/code/simsearch/python/out/local_query_embeddings_1024.parquet,/home/yunchih/code/simsearch/python/query_embeddings/combined.jsonl,313,1024,100,0,float32_avx2,239,0,0.0,0.0,0.0,0.0,0.0,0.012,1.0000000000000004,1.0,100
0bbeb0653a569e5394ac94a502549b079f7a055c,meow1,AMD Ryzen 9 9950X 16-Core Processor,c++ (Ubuntu 15.2.0-4ubuntu4) 15.2.0,CMAKE_CXX_FLAGS:STRING= CMAKE_CXX_FLAGS_RELEASE:STRING=-O3 -DNDEBUG,wikimedia_wikipedia_mxbai,/home/yunchih/code/simsearch/python/out/local_query_embeddings_1024.parquet,/home/yunchih/code/simsearch/python/query_embeddings/combined.jsonl,313,1024,100,0,binary,239,0,0.003377,0.000661,0.001022,0.0,0.0,0.005801,1.0000000000000004,1.0,100
0bbeb0653a569e5394ac94a502549b079f7a055c,meow1,AMD Ryzen 9 9950X 16-Core Processor,c++ (Ubuntu 15.2.0-4ubuntu4) 15.2.0,CMAKE_CXX_FLAGS:STRING= CMAKE_CXX_FLAGS_RELEASE:STRING=-O3 -DNDEBUG,wikimedia_wikipedia_mxbai,/home/yunchih/code/simsearch/python/out/local_query_embeddings_1024.parquet,/home/yunchih/code/simsearch/python/query_embeddings/combined.jsonl,313,1024,100,10,two_step_RF10,239,0,0.003206,0.000621,0.003377,0.011562,0.001403,0.02117,0.25111553767168043,0.19047619047619047,313
0bbeb0653a569e5394ac94a502549b079f7a055c,meow1,AMD Ryzen 9 9950X 16-Core Processor,c++ (Ubuntu 15.2.0-4ubuntu4) 15.2.0,CMAKE_CXX_FLAGS:STRING= CMAKE_CXX_FLAGS_RELEASE:STRING=-O3 -DNDEBUG,wikimedia_wikipedia_mxbai,/home/yunchih/code/simsearch/python/out/local_query_embeddings_1024.parquet,/home/yunchih/code/simsearch/python/query_embeddings/combined.jsonl,313,1024,100,50,two_step_RF50,239,0,0.001022,0.000691,0.003397,0.011432,0.001442,0.019046,0.25111553767168043,0.19047619047619047,313
0bbeb0653a569e5394ac94a502549b079f7a055c,meow1,AMD Ryzen 9 9950X 16-Core Processor,c++ (Ubuntu 15.2.0-4ubuntu4) 15.2.0,CMAKE_CXX_FLAGS:STRING= CMAKE_CXX_FLAGS_RELEASE:STRING=-O3 -DNDEBUG,wikimedia_wikipedia_mxbai,/home/yunchih/code/simsearch/python/out/local_query_embeddings_1024.parquet,/home/yunchih/code/simsearch/python/query_embeddings/combined.jsonl,313,1024,100,10,two_step_mf_RF10,239,0,0.003246,0.000641,0.003376,0.087524,0.001463,0.097233,0.25111553767168043,0.19047619047619047,313
0bbeb0653a569e5394ac94a502549b079f7a055c,meow1,AMD Ryzen 9 9950X 16-Core Processor,c++ (Ubuntu 15.2.0-4ubuntu4) 15.2.0,CMAKE_CXX_FLAGS:STRING= CMAKE_CXX_FLAGS_RELEASE:STRING=-O3 -DNDEBUG,wikimedia_wikipedia_mxbai,/home/yunchih/code/simsearch/python/out/local_query_embeddings_1024.parquet,/home/yunchih/code/simsearch/python/query_embeddings/combined.jsonl,313,1024,100,50,two_step_mf_RF50,239,0,0.001062,0.000632,0.003396,0.086894,0.001372,0.094227,0.25111553767168043,0.19047619047619047,313
0bbeb0653a569e5394ac94a502549b079f7a055c,meow1,AMD Ryzen 9 9950X 16-Core Processor,c++ (Ubuntu 15.2.0-4ubuntu4) 15.2.0,CMAKE_CXX_FLAGS:STRING= CMAKE_CXX_FLAGS_RELEASE:STRING=-O3 -DNDEBUG,wikimedia_wikipedia_mxbai,/home/yunchih/code/simsearch/python/out/local_query_embeddings_1024.parquet,/home/yunchih/code/simsearch/python/query_embeddings/combined.jsonl,313,1024,100,0,float32_avx2,240,0,0.0,0.0,0.0,0.0,0.0,0.011,1.0000000000000004,1.0,100
0bbeb0653a569e5394ac94a502549b079f7a055c,meow1,AMD Ryzen 9 9950X 16-Core Processor,c++ (Ubuntu 15.2.0-4ubuntu4) 15.2.0,CMAKE_CXX_FLAGS:STRING= CMAKE_CXX_FLAGS_RELEASE:STRING=-O3 -DNDEBUG,wikimedia_wikipedia_mxbai,/home/yunchih/code/simsearch/python/out/local_query_embeddings_1024.parquet,/home/yunchih/code/simsearch/python/query_embeddings/combined.jsonl,313,1024,100,0,binary,240,0,0.003416,0.000652,0.001012,0.0,0.0,0.005791,1.0000000000000004,1.0,100
0bbeb0653a569e5394ac94a502549b079f7a055c,meow1,AMD Ryzen 9 9950X 16-Core Processor,c++ (Ubuntu 15.2.0-4ubuntu4) 15.2.0,CMAKE_CXX_FLAGS:STRING= CMAKE_CXX_FLAGS_RELEASE:STRING=-O3 -DNDEBUG,wikimedia_wikipedia_mxbai,/home/yunchih/code/simsearch/python/out/local_query_embeddings_1024.parquet,/home/yunchih/code/simsearch/python/query_embeddings/combined.jsonl,313,1024,100,10,two_step_RF10,240,0,0.003336,0.000611,0.003377,0.011682,0.001423,0.02144,0.25111553767168043,0.19047619047619047,313
0bbeb0653a569e5394ac94a502549b079f7a055c,meow1,AMD Ryzen 9 9950X 16-Core Processor,c++ (Ubuntu 15.2.0-4ubuntu4) 15.2.0,CMAKE_CXX_FLAGS:STRING= CMAKE_CXX_FLAGS_RELEASE:STRING=-O3 -DNDEBUG,wikimedia_wikipedia_mxbai,/home/yunchih/code/simsearch/python/out/local_query_embeddings_1024.parquet,/home/yunchih/code/simsearch/python/query_embeddings/combined.jsonl,313,1024,100,50,two_step_RF50,240,0,0.000861,0.000692,0.003376,0.011491,0.001483,0.018946,0.25111553767168043,0.19047619047619047,313
0bbeb0653a569e5394ac94a502549b079f7a055c,meow1,AMD Ryzen 9 9950X 16-Core Processor,c++ (Ubuntu 15.2.0-4ubuntu4) 15.2.0,CMAKE_CXX_FLAGS:STRING= CMAKE_CXX_FLAGS_RELEASE:STRING=-O3 -DNDEBUG,wikimedia_wikipedia_mxbai,/home/yunchih/code/simsearch/python/out/local_query_embeddings_1024.parquet,/home/yunchih/code/simsearch/python/query_embeddings/combined.jsonl,313,1024,100,10,two_step_mf_RF10,240,0,0.003266,0.000661,0.003377,0.087394,0.001353,0.096972,0.25111553767168043,0.19047619047619047,313
0bbeb0653a569e5394ac94a502549b079f7a055c,meow1,AMD Ryzen 9 9950X 16-Core Processor,c++ (Ubuntu 15.2.0-4ubuntu4) 15.2.0,CMAKE_CXX_FLAGS:STRING= CMAKE_CXX_FLAGS_RELEASE:STRING=-O3 -DNDEBUG,wikimedia_wikipedia_mxbai,/home/yunchih/code/simsearch/python/out/local_query_embeddings_1024.parquet,/home/yunchih/code/simsearch/python/query_embeddings/combined.jsonl,313,1024,100,50,two_step_mf_RF50,240,0,0.000821,0.000631,0.003366,0.086743,0.001373,0.093816,0.25111553767168043,0.19047619047619047,313
0bbeb0653a569e5394ac94a502549b079f7a055c,meow1,AMD Ryzen 9 9950X 16-Core Processor,c++ (Ubuntu 15.2.0-4ubuntu4) 15.2.0,CMAKE_CXX_FLAGS:STRING= CMAKE_CXX_FLAGS_RELEASE:STRING=-O3 -DNDEBUG,wikimedia_wikipedia_mxbai,/home/yunchih/code/simsearch/python/out/local_query_embeddings_1024.parquet,/home/yunchih/code/simsearch/python/query_embeddings/combined.jsonl,313,1024,100,0,float32_avx2,241,0,0.0,0.0,0.0,0.0,0.0,0.012,1.0000000000000004,1.0,100
0bbeb0653a569e5394ac94a502549b079f7a055c,meow1,AMD Ryzen 9 9950X 16-Core Processor,c++ (Ubuntu 15.2.0-4ubuntu4) 15.2.0,CMAKE_CXX_FLAGS:STRING= CMAKE_CXX_FLAGS_RELEASE:STRING=-O3 -DNDEBUG,wikimedia_wikipedia_mxbai,/home/yunchih/code/simsearch/python/out/local_query_embeddings_1024.parquet,/home/yunchih/code/simsearch/python/query_embeddings/combined.jsonl,313,1024,100,0,binary,241,0,0.003356,0.000652,0.001041,0.0,0.0,0.005771,1.0000000000000004,1.0,100
0bbeb0653a569e5394ac94a502549b079f7a055c,meow1,AMD Ryzen 9 9950X 16-Core Processor,c++ (Ubuntu 15.2.0-4ubuntu4) 15.2.0,CMAKE_CXX_FLAGS:STRING= CMAKE_CXX_FLAGS_RELEASE:STRING=-O3 -DNDEBUG,wikimedia_wikipedia_mxbai,/home/yunchih/code/simsearch/python/out/local_query_embeddings_1024.parquet,/home/yunchih/code/simsearch/python/query_embeddings/combined.jsonl,313,1024,100,10,two_step_RF10,241,0,0.003046,0.000631,0.003396,0.011562,0.001423,0.02104,0.25111553767168043,0.19047619047619047,313
0bbeb0653a569e5394ac94a502549b079f7a055c,meow1,AMD Ryzen 9 9950X 16-Core Processor,c++ (Ubuntu 15.2.0-4ubuntu4) 15.2.0,CMAKE_CXX_FLAGS:STRING= CMAKE_CXX_FLAGS_RELEASE:STRING=-O3 -DNDEBUG,wikimedia_wikipedia_mxbai,/home/yunchih/code/simsearch/python/out/local_query_embeddings_1024.parquet,/home/yunchih/code/simsearch/python/query_embeddings/combined.jsonl,313,1024,100,50,two_step_RF50,241,0,0.000932,0.000662,0.003416,0.011361,0.001433,0.018856,0.25111553767168043,0.19047619047619047,313
0bbeb0653a569e5394ac94a502549b079f7a055c,meow1,AMD Ryzen 9 9950X 16-Core Processor,c++ (Ubuntu 15.2.0-4ubuntu4) 15.2.0,CMAKE_CXX_FLAGS:STRING= CMAKE_CXX_FLAGS_RELEASE:STRING=-O3 -DNDEBUG,wikimedia_wikipedia_mxbai,/home/yunchih/code/simsearch/python/out/local_query_embeddings_1024.parquet,/home/yunchih/code/simsearch/python/query_embeddings/combined.jsonl,313,1024,100,10,two_step_mf_RF10,241,0,0.003266,0.000652,0.003396,0.087375,0.001382,0.097032,0.25111553767168043,0.19047619047619047,313
0bbeb0653a569e5394ac94a502549b079f7a055c,meow1,AMD Ryzen 9 9950X 16-Core Processor,c++ (Ubuntu 15.2.0-4ubuntu4) 15.2.0,CMAKE_CXX_FLAGS:STRING= CMAKE_CXX_FLAGS_RELEASE:STRING=-O3 -DNDEBUG,wikimedia_wikipedia_mxbai,/home/yunchih/code/simsearch/python/out/local_query_embeddings_1024.parquet,/home/yunchih/code/simsearch/python/query_embeddings/combined.jsonl,313,1024,100,50,two_step_mf_RF50,241,0,0.001042,0.000641,0.003366,0.088607,0.001423,0.09593,0.25111553767168043,0.19047619047619047,313
0bbeb0653a569e5394ac94a502549b079f7a055c,meow1,AMD Ryzen 9 9950X 16-Core Processor,c++ (Ubuntu 15.2.0-4ubuntu4) 15.2.0,CMAKE_CXX_FLAGS:STRING= CMAKE_CXX_FLAGS_RELEASE:STRING=-O3 -DNDEBUG,wikimedia_wikipedia_mxbai,/home/yunchih/code/simsearch/python/out/local_query_embeddings_1024.parquet,/home/yunchih/code/simsearch/python/query_embeddings/combined.jsonl,313,1024,100,0,float32_avx2,242,0,0.0,0.0,0.0,0.0,0.0,0.011,1.0000000000000004,1.0,100
0bbeb0653a569e5394ac94a502549b079f7a055c,meow1,AMD Ryzen 9 9950X 16-Core Processor,c++ (Ubuntu 15.2.0-4ubuntu4) 15.2.0,CMAKE_CXX_FLAGS:STRING= CMAKE_CXX_FLAGS_RELEASE:STRING=-O3 -DNDEBUG,wikimedia_wikipedia_mxbai,/home/yunchih/code/simsearch/python/out/local_query_embeddings_1024.parquet,/home/yunchih/code/simsearch/python/query_embeddings/combined.jsonl,313,1024,100,0,binary,242,0,0.003516,0.000652,0.001082,0.0,0.0,0.005951,1.0000000000000004,1.0,100
0bbeb0653a569e5394ac94a502549b079f7a055c,meow1,AMD Ryzen 9 9950X 16-Core Processor,c++ (Ubuntu 15.2.0-4ubuntu4) 15.2.0,CMAKE_CXX_FLAGS:STRING= CMAKE_CXX_FLAGS_RELEASE:STRING=-O3 -DNDEBUG,wikimedia_wikipedia_mxbai,/home/yunchih/code/simsearch/python/out/local_query_embeddings_1024.parquet,/home/yunchih/code/simsearch/python/query_embeddings/combined.jsonl,313,1024,100,10,two_step_RF10,242,0,0.003196,0.000611,0.003356,0.011532,0.001432,0.021119,0.25111553767168043,0.19047619047619047,313
0bbeb0653a569e5394ac94a502549b079f7a055c,meow1,AMD Ryzen 9 9950X 16-Core Processor,c++ (Ubuntu 15.2.0-4ubuntu4) 15.2.0,CMAKE_CXX_FLAGS:STRING= CMAKE_CXX_FLAGS_RELEASE:STRING=-O3 -DNDEBUG,wikimedia_wikipedia_mxbai,/home/yunchih/code/simsearch/python/out/local_query_embeddings_1024.parquet,/home/yunchih/code/simsearch/python/query_embeddings/combined.jsonl,313,1024,100,50,two_step_RF50,242,0,0.000872,0.000681,0.003436,0.011482,0.001422,0.018905,0.25111553767168043,0.19047619047619047,313
0bbeb0653a569e5394ac94a502549b079f7a055c,meow1,AMD Ryzen 9 9950X 16-Core Processor,c++ (Ubuntu 15.2.0-4ubuntu4) 15.2.0,CMAKE_CXX_FLAGS:STRING= CMAKE_CXX_FLAGS_RELEASE:STRING=-O3 -DNDEBUG,wikimedia_wikipedia_mxbai,/home/yunchih/code/simsearch/python/out/local_query_embeddings_1024.parquet,/home/yunchih/code/simsearch/python/query_embeddings/combined.jsonl,313,1024,100,10,two_step_mf_RF10,242,0,0.003116,0.000651,0.003407,0.087495,0.001402,0.097043,0.25111553767168043,0.19047619047619047,313
0bbeb0653a569e5394ac94a502549b079f7a055c,meow1,AMD Ryzen 9 9950X 16-Core Processor,c++ (Ubuntu 15.2.0-4ubuntu4) 15.2.0,CMAKE_CXX_FLAGS:STRING= CMAKE_CXX_FLAGS_RELEASE:STRING=-O3 -DNDEBUG,wikimedia_wikipedia_mxbai,/home/yunchih/code/simsearch/python/out/local_query_embeddings_1024.parquet,/home/yunchih/code/simsearch/python/query_embeddings/combined.jsonl,313,1024,100,50,two_step_mf_RF50,242,0,0.000942,0.000641,0.003417,0.086883,0.001373,0.094097,0.25111553767168043,0.19047619047619047,313
0bbeb0653a569e5394ac94a502549b079f7a055c,meow1,AMD Ryzen 9 9950X 16-Core Processor,c++ (Ubuntu 15.2.0-4ubuntu4) 15.2.0,CMAKE_CXX_FLAGS:STRING= CMAKE_CXX_FLAGS_RELEASE:STRING=-O3 -DNDEBUG,wikimedia_wikipedia_mxbai,/home/yunchih/code/simsearch/python/out/local_query_embeddings_1024.parquet,/home/yunchih/code/simsearch/python/query_embeddings/combined.jsonl,313,1024,100,0,float32_avx2,243,0,0.0,0.0,0.0,0.0,0.0,0.011,1.0000000000000004,1.0,100
0bbeb0653a569e5394ac94a502549b079f7a055c,meow1,AMD Ryzen 9 9950X 16-Core Processor,c++ (Ubuntu 15.2.0-4ubuntu4) 15.2.0,CMAKE_CXX_FLAGS:STRING= CMAKE_CXX_FLAGS_RELEASE:STRING=-O3 -DNDEBUG,wikimedia_wikipedia_mxbai,/home/yunchih/code/simsearch/python/out/local_query_embeddings_1024.parquet,/home/yunchih/code/simsearch/python/query_embeddings/combined.jsonl,313,1024,100,0,binary,243,0,0.003417,0.000641,0.001012,0.0,0.0,0.005821,1.0000000000000004,1.0,100
0bbeb0653a569e5394ac94a502549b079f7a055c,meow1,AMD Ryzen 9 9950X 16-Core Processor,c++ (Ubuntu 15.2.0-4ubuntu4) 15.2.0,CMAKE_CXX_FLAGS:STRING= CMAKE_CXX_FLAGS_RELEASE:STRING=-O3 -DNDEBUG,wikimedia_wikipedia_mxbai,/home/yunchih/code/simsearch/python/out/local_query_embeddings_1024.parquet,/home/yunchih/code/simsearch/python/query_embeddings/combined.jsonl,313,1024,100,10,two_step_RF10,243,0,0.003116,0.000611,0.003807,0.013084,0.001423,0.023053,0.25111553767168043,0.19047619047619047,313
0bbeb0653a569e5394ac94a502549b079f7a055c,meow1,AMD Ryzen 9 9950X 16-Core Processor,c++ (Ubuntu 15.2.0-4ubuntu4) 15.2.0,CMAKE_CXX_FLAGS:STRING= CMAKE_CXX_FLAGS_RELEASE:STRING=-O3 -DNDEBUG,wikimedia_wikipedia_mxbai,/home/yunchih/code/simsearch/python/out/local_query_embeddings_1024.parquet,/home/yunchih/code/simsearch/python/query_embeddings/combined.jsonl,313,1024,100,50,two_step_RF50,243,0,0.000962,0.000651,0.003406,0.011492,0.001462,0.019025,0.25111553767168043,0.19047619047619047,313
0bbeb0653a569e5394ac94a502549b079f7a055c,meow1,AMD Ryzen 9 9950X 16-Core Processor,c++ (Ubuntu 15.2.0-4ubuntu4) 15.2.0,CMAKE_CXX_FLAGS:STRING= CMAKE_CXX_FLAGS_RELEASE:STRING=-O3 -DNDEBUG,wikimedia_wikipedia_mxbai,/home/yunchih/code/simsearch/python/out/local_query_embeddings_1024.parquet,/home/yunchih/code/simsearch/python/query_embeddings/combined.jsonl,313,1024,100,10,two_step_mf_RF10,243,0,0.003266,0.000641,0.003357,0.087484,0.001373,0.097092,0.25111553767168043,0.19047619047619047,313
0bbeb0653a569e5394ac94a502549b079f7a055c,meow1,AMD Ryzen 9 9950X 16-Core Processor,c++ (Ubuntu 15.2.0-4ubuntu4) 15.2.0,CMAKE_CXX_FLAGS:STRING= CMAKE_CXX_FLAGS_RELEASE:STRING=-O3 -DNDEBUG,wikimedia_wikipedia_mxbai,/home/yunchih/code/simsearch/python/out/local_query_embeddings_1024.parquet,/home/yunchih/code/simsearch/python/query_embeddings/combined.jsonl,313,1024,100,50,two_step_mf_RF50,243,0,0.001102,0.000651,0.003417,0.086753,0.001403,0.094217,0.25111553767168043,0.19047619047619047,313
0bbeb0653a569e5394ac94a502549b079f7a055c,meow1,AMD Ryzen 9 9950X 16-Core Processor,c++ (Ubuntu 15.2.0-4ubuntu4) 15.2.0,CMAKE_CXX_FLAGS:STRING= CMAKE_CXX_FLAGS_RELEASE:STRING=-O3 -DNDEBUG,wikimedia_wikipedia_mxbai,/home/yunchih/code/simsearch/python/out/local_query_embeddings_1024.parquet,/home/yunchih/code/simsearch/python/query_embeddings/combined.jsonl,313,1024,100,0,float32_avx2,244,0,0.0,0.0,0.0,0.0,0.0,0.012,1.0000000000000004,1.0,100
0bbeb0653a569e5394ac94a502549b079f7a055c,meow1,AMD Ryzen 9 9950X 16-Core Processor,c++ (Ubuntu 15.2.0-4ubuntu4) 15.2.0,CMAKE_CXX_FLAGS:STRING= CMAKE_CXX_FLAGS_RELEASE:STRING=-O3 -DNDEBUG,wikimedia_wikipedia_mxbai,/home/yunchih/code/simsearch/python/out/local_query_embeddings_1024.parquet,/home/yunchih/code/simsearch/python/query_embeddings/combined.jsonl,313,1024,100,0,binary,244,0,0.003486,0.000661,0.001031,0.0,0.0,0.005881,1.0000000000000004,1.0,100
0bbeb0653a569e5394ac94a502549b079f7a055c,meow1,AMD Ryzen 9 9950X 16-Core Processor,c++ (Ubuntu 15.2.0-4ubuntu4) 15.2.0,CMAKE_CXX_FLAGS:STRING= CMAKE_CXX_FLAGS_RELEASE:STRING=-O3 -DNDEBUG,wikimedia_wikipedia_mxbai,/home/yunchih/code/simsearch/python/out/local_query_embeddings_1024.parquet,/home/yunchih/code/simsearch/python/query_embeddings/combined.jsonl,313,1024,100,10,two_step_RF10,244,0,0.003166,0.000621,0.003377,0.011632,0.001463,0.02125,0.25111553767168043,0.19047619047619047,313
0bbeb0653a569e5394ac94a502549b079f7a055c,meow1,AMD Ryzen 9 9950X 16-Core Processor,c++ (Ubuntu 15.2.0-4ubuntu4) 15.2.0,CMAKE_CXX_FLAGS:STRING= CMAKE_CXX_FLAGS_RELEASE:STRING=-O3 -DNDEBUG,wikimedia_wikipedia_mxbai,/home/yunchih/code/simsearch/python/out/local_query_embeddings_1024.parquet,/home/yunchih/code/simsearch/python/query_embeddings/combined.jsonl,313,1024,100,50,two_step_RF50,244,0,0.000912,0.000682,0.003426,0.011431,0.001413,0.018896,0.25111553767168043,0.19047619047619047,313
0bbeb0653a569e5394ac94a502549b079f7a055c,meow1,AMD Ryzen 9 9950X 16-Core Processor,c++ (Ubuntu 15.2.0-4ubuntu4) 15.2.0,CMAKE_CXX_FLAGS:STRING= CMAKE_CXX_FLAGS_RELEASE:STRING=-O3 -DNDEBUG,wikimedia_wikipedia_mxbai,/home/yunchih/code/simsearch/python/out/local_query_embeddings_1024.parquet,/home/yunchih/code/simsearch/python/query_embeddings/combined.jsonl,313,1024,100,10,two_step_mf_RF10,244,0,0.003146,0.000681,0.003356,0.087384,0.001362,0.096852,0.25111553767168043,0.19047619047619047,313
0bbeb0653a569e5394ac94a502549b079f7a055c,meow1,AMD Ryzen 9 9950X 16-Core Processor,c++ (Ubuntu 15.2.0-4ubuntu4) 15.2.0,CMAKE_CXX_FLAGS:STRING= CMAKE_CXX_FLAGS_RELEASE:STRING=-O3 -DNDEBUG,wikimedia_wikipedia_mxbai,/home/yunchih/code/simsearch/python/out/local_query_embeddings_1024.parquet,/home/yunchih/code/simsearch/python/query_embeddings/combined.jsonl,313,1024,100,50,two_step_mf_RF50,244,0,0.001052,0.000651,0.003447,0.086723,0.001423,0.094157,0.25111553767168043,0.19047619047619047,313
0bbeb0653a569e5394ac94a502549b079f7a055c,meow1,AMD Ryzen 9 9950X 16-Core Processor,c++ (Ubuntu 15.2.0-4ubuntu4) 15.2.0,CMAKE_CXX_FLAGS:STRING= CMAKE_CXX_FLAGS_RELEASE:STRING=-O3 -DNDEBUG,wikimedia_wikipedia_mxbai,/home/yunchih/code/simsearch/python/out/local_query_embeddings_1024.parquet,/home/yunchih/code/simsearch/python/query_embeddings/combined.jsonl,313,1024,100,0,float32_avx2,245,0,0.0,0.0,0.0,0.0,0.0,0.011,1.0000000000000004,1.0,100
0bbeb0653a569e5394ac94a502549b079f7a055c,meow1,AMD Ryzen 9 9950X 16-Core Processor,c++ (Ubuntu 15.2.0-4ubuntu4) 15.2.0,CMAKE_CXX_FLAGS:STRING= CMAKE_CXX_FLAGS_RELEASE:STRING=-O3 -DNDEBUG,wikimedia_wikipedia_mxbai,/home/yunchih/code/simsearch/python/out/local_query_embeddings_1024.parquet,/home/yunchih/code/simsearch/python/query_embeddings/combined.jsonl,313,1024,100,0,binary,245,0,0.003497,0.000651,0.001042,0.0,0.0,0.005932,1.0000000000000004,1.0,100
0bbeb0653a569e5394ac94a502549b079f7a055c,meow1,AMD Ryzen 9 9950X 16-Core Processor,c++ (Ubuntu 15.2.0-4ubuntu4) 15.2.0,CMAKE_CXX_FLAGS:STRING= CMAKE_CXX_FLAGS_RELEASE:STRING=-O3 -DNDEBUG,wikimedia_wikipedia_mxbai,/home/yunchih/code/simsearch/python/out/local_query_embeddings_1024.parquet,/home/yunchih/code/simsearch/python/query_embeddings/combined.jsonl,313,1024,100,10,two_step_RF10,245,0,0.003226,0.000631,0.003366,0.011522,0.001392,0.021159,0.25111553767168043,0.19047619047619047,313
0bbeb0653a569e5394ac94a502549b079f7a055c,meow1,AMD Ryzen 9 9950X 16-Core Processor,c++ (Ubuntu 15.2.0-4ubuntu4) 15.2.0,CMAKE_CXX_FLAGS:STRING= CMAKE_CXX_FLAGS_RELEASE:STRING=-O3 -DNDEBUG,wikimedia_wikipedia_mxbai,/home/yunchih/code/simsearch/python/out/local_query_embeddings_1024.parquet,/home/yunchih/code/simsearch/python/query_embeddings/combined.jsonl,313,1024,100,50,two_step_RF50,245,0,0.000892,0.000681,0.003397,0.011462,0.001453,0.018936,0.25111553767168043,0.19047619047619047,313
0bbeb0653a569e5394ac94a502549b079f7a055c,meow1,AMD Ryzen 9 9950X 16-Core Processor,c++ (Ubuntu 15.2.0-4ubuntu4) 15.2.0,CMAKE_CXX_FLAGS:STRING= CMAKE_CXX_FLAGS_RELEASE:STRING=-O3 -DNDEBUG,wikimedia_wikipedia_mxbai,/home/yunchih/code/simsearch/python/out/local_query_embeddings_1024.parquet,/home/yunchih/code/simsearch/python/query_embeddings/combined.jsonl,313,1024,100,10,two_step_mf_RF10,245,0,0.003317,0.000661,0.003376,0.087384,0.001373,0.097103,0.25111553767168043,0.19047619047619047,313
0bbeb0653a569e5394ac94a502549b079f7a055c,meow1,AMD Ryzen 9 9950X 16-Core Processor,c++ (Ubuntu 15.2.0-4ubuntu4) 15.2.0,CMAKE_CXX_FLAGS:STRING= CMAKE_CXX_FLAGS_RELEASE:STRING=-O3 -DNDEBUG,wikimedia_wikipedia_mxbai,/home/yunchih/code/simsearch/python/out/local_query_embeddings_1024.parquet,/home/yunchih/code/simsearch/python/query_embeddings/combined.jsonl,313,1024,100,50,two_step_mf_RF50,245,0,0.001052,0.000631,0.003407,0.086743,0.001393,0.094107,0.25111553767168043,0.19047619047619047,313
0bbeb0653a569e5394ac94a502549b079f7a055c,meow1,AMD Ryzen 9 9950X 16-Core Processor,c++ (Ubuntu 15.2.0-4ubuntu4) 15.2.0,CMAKE_CXX_FLAGS:STRING= CMAKE_CXX_FLAGS_RELEASE:STRING=-O3 -DNDEBUG,wikimedia_wikipedia_mxbai,/home/yunchih/code/simsearch/python/out/local_query_embeddings_1024.parquet,/home/yunchih/code/simsearch/python/query_embeddings/combined.jsonl,313,1024,100,0,float32_avx2,246,0,0.0,0.0,0.0,0.0,0.0,0.012,1.0000000000000004,1.0,100
0bbeb0653a569e5394ac94a502549b079f7a055c,meow1,AMD Ryzen 9 9950X 16-Core Processor,c++ (Ubuntu 15.2.0-4ubuntu4) 15.2.0,CMAKE_CXX_FLAGS:STRING= CMAKE_CXX_FLAGS_RELEASE:STRING=-O3 -DNDEBUG,wikimedia_wikipedia_mxbai,/home/yunchih/code/simsearch/python/out/local_query_embeddings_1024.parquet,/home/yunchih/code/simsearch/python/query_embeddings/combined.jsonl,313,1024,100,0,binary,246,0,0.003356,0.000652,0.001012,0.0,0.0,0.005721,1.0000000000000004,1.0,100
0bbeb0653a569e5394ac94a502549b079f7a055c,meow1,AMD Ryzen 9 9950X 16-Core Processor,c++ (Ubuntu 15.2.0-4ubuntu4) 15.2.0,CMAKE_CXX_FLAGS:STRING= CMAKE_CXX_FLAGS_RELEASE:STRING=-O3 -DNDEBUG,wikimedia_wikipedia_mxbai,/home/yunchih/code/simsearch/python/out/local_query_embeddings_1024.parquet,/home/yunchih/code/simsearch/python/query_embeddings/combined.jsonl,313,1024,100,10,two_step_RF10,246,0,0.003146,0.000642,0.003386,0.011611,0.001413,0.02118,0.25111553767168043,0.19047619047619047,313
0bbeb0653a569e5394ac94a502549b079f7a055c,meow1,AMD Ryzen 9 9950X 16-Core Processor,c++ (Ubuntu 15.2.0-4ubuntu4) 15.2.0,CMAKE_CXX_FLAGS:STRING= CMAKE_CXX_FLAGS_RELEASE:STRING=-O3 -DNDEBUG,wikimedia_wikipedia_mxbai,/home/yunchih/code/simsearch/python/out/local_query_embeddings_1024.parquet,/home/yunchih/code/simsearch/python/query_embeddings/combined.jsonl,313,1024,100,50,two_step_RF50,246,0,0.000932,0.000691,0.003437,0.011442,0.001463,0.018996,0.25111553767168043,0.19047619047619047,313
0bbeb0653a569e5394ac94a502549b079f7a055c,meow1,AMD Ryzen 9 9950X 16-Core Processor,c++ (Ubuntu 15.2.0-4ubuntu4) 15.2.0,CMAKE_CXX_FLAGS:STRING= CMAKE_CXX_FLAGS_RELEASE:STRING=-O3 -DNDEBUG,wikimedia_wikipedia_mxbai,/home/yunchih/code/simsearch/python/out/local_query_embeddings_1024.parquet,/home/yunchih/code/simsearch/python/query_embeddings/combined.jsonl,313,1024,100,10,two_step_mf_RF10,246,0,0.003156,0.000641,0.003376,0.089638,0.001373,0.099126,0.25111553767168043,0.19047619047619047,313
0bbeb0653a569e5394ac94a502549b079f7a055c,meow1,AMD Ryzen 9 9950X 16-Core Processor,c++ (Ubuntu 15.2.0-4ubuntu4) 15.2.0,CMAKE_CXX_FLAGS:STRING= CMAKE_CXX_FLAGS_RELEASE:STRING=-O3 -DNDEBUG,wikimedia_wikipedia_mxbai,/home/yunchih/code/simsearch/python/out/local_query_embeddings_1024.parquet,/home/yunchih/code/simsearch/python/query_embeddings/combined.jsonl,313,1024,100,50,two_step_mf_RF50,246,0,0.000962,0.000631,0.003416,0.086873,0.001383,0.094137,0.25111553767168043,0.19047619047619047,313
0bbeb0653a569e5394ac94a502549b079f7a055c,meow1,AMD Ryzen 9 9950X 16-Core Processor,c++ (Ubuntu 15.2.0-4ubuntu4) 15.2.0,CMAKE_CXX_FLAGS:STRING= CMAKE_CXX_FLAGS_RELEASE:STRING=-O3 -DNDEBUG,wikimedia_wikipedia_mxbai,/home/yunchih/code/simsearch/python/out/local_query_embeddings_1024.parquet,/home/yunchih/code/simsearch/python/query_embeddings/combined.jsonl,313,1024,100,0,float32_avx2,247,0,0.0,0.0,0.0,0.0,0.0,0.012,1.0000000000000004,1.0,100
0bbeb0653a569e5394ac94a502549b079f7a055c,meow1,AMD Ryzen 9 9950X 16-Core Processor,c++ (Ubuntu 15.2.0-4ubuntu4) 15.2.0,CMAKE_CXX_FLAGS:STRING= CMAKE_CXX_FLAGS_RELEASE:STRING=-O3 -DNDEBUG,wikimedia_wikipedia_mxbai,/home/yunchih/code/simsearch/python/out/local_query_embeddings_1024.parquet,/home/yunchih/code/simsearch/python/query_embeddings/combined.jsonl,313,1024,100,0,binary,247,0,0.003476,0.000642,0.001082,0.0,0.0,0.005931,1.0000000000000004,1.0,100
0bbeb0653a569e5394ac94a502549b079f7a055c,meow1,AMD Ryzen 9 9950X 16-Core Processor,c++ (Ubuntu 15.2.0-4ubuntu4) 15.2.0,CMAKE_CXX_FLAGS:STRING= CMAKE_CXX_FLAGS_RELEASE:STRING=-O3 -DNDEBUG,wikimedia_wikipedia_mxbai,/home/yunchih/code/simsearch/python/out/local_query_embeddings_1024.parquet,/home/yunchih/code/simsearch/python/query_embeddings/combined.jsonl,313,1024,100,10,two_step_RF10,247,0,0.003206,0.000621,0.003416,0.011572,0.001422,0.021219,0.25111553767168043,0.19047619047619047,313
0bbeb0653a569e5394ac94a502549b079f7a055c,meow1,AMD Ryzen 9 9950X 16-Core Processor,c++ (Ubuntu 15.2.0-4ubuntu4) 15.2.0,CMAKE_CXX_FLAGS:STRING= CMAKE_CXX_FLAGS_RELEASE:STRING=-O3 -DNDEBUG,wikimedia_wikipedia_mxbai,/home/yunchih/code/simsearch/python/out/local_query_embeddings_1024.parquet,/home/yunchih/code/simsearch/python/query_embeddings/combined.jsonl,313,1024,100,50,two_step_RF50,247,0,0.000972,0.000661,0.003417,0.011421,0.001453,0.018996,0.25111553767168043,0.19047619047619047,313
0bbeb0653a569e5394ac94a502549b079f7a055c,meow1,AMD Ryzen 9 9950X 16-Core Processor,c++ (Ubuntu 15.2.0-4ubuntu4) 15.2.0,CMAKE_CXX_FLAGS:STRING= CMAKE_CXX_FLAGS_RELEASE:STRING=-O3 -DNDEBUG,wikimedia_wikipedia_mxbai,/home/yunchih/code/simsearch/python/out/local_query_embeddings_1024.parquet,/home/yunchih/code/simsearch/python/query_embeddings/combined.jsonl,313,1024,100,10,two_step_mf_RF10,247,0,0.003046,0.000651,0.003397,0.087544,0.001422,0.097042,0.25111553767168043,0.19047619047619047,313
0bbeb0653a569e5394ac94a502549b079f7a055c,meow1,AMD Ryzen 9 9950X 16-Core Processor,c++ (Ubuntu 15.2.0-4ubuntu4) 15.2.0,CMAKE_CXX_FLAGS:STRING= CMAKE_CXX_FLAGS_RELEASE:STRING=-O3 -DNDEBUG,wikimedia_wikipedia_mxbai,/home/yunchih/code/simsearch/python/out/local_query_embeddings_1024.parquet,/home/yunchih/code/simsearch/python/query_embeddings/combined.jsonl,313,1024,100,50,two_step_mf_RF50,247,0,0.001042,0.000631,0.003426,0.086894,0.001422,0.094308,0.25111553767168043,0.19047619047619047,313
0bbeb0653a569e5394ac94a502549b079f7a055c,meow1,AMD Ryzen 9 9950X 16-Core Processor,c++ (Ubuntu 15.2.0-4ubuntu4) 15.2.0,CMAKE_CXX_FLAGS:STRING= CMAKE_CXX_FLAGS_RELEASE:STRING=-O3 -DNDEBUG,wikimedia_wikipedia_mxbai,/home/yunchih/code/simsearch/python/out/local_query_embeddings_1024.parquet,/home/yunchih/code/simsearch/python/query_embeddings/combined.jsonl,313,1024,100,0,float32_avx2,248,0,0.0,0.0,0.0,0.0,0.0,0.011,1.0000000000000004,1.0,100
0bbeb0653a569e5394ac94a502549b079f7a055c,meow1,AMD Ryzen 9 9950X 16-Core Processor,c++ (Ubuntu 15.2.0-4ubuntu4) 15.2.0,CMAKE_CXX_FLAGS:STRING= CMAKE_CXX_FLAGS_RELEASE:STRING=-O3 -DNDEBUG,wikimedia_wikipedia_mxbai,/home/yunchih/code/simsearch/python/out/local_query_embeddings_1024.parquet,/home/yunchih/code/simsearch/python/query_embeddings/combined.jsonl,313,1024,100,0,binary,248,0,0.003496,0.000652,0.001042,0.0,0.0,0.005931,1.0000000000000004,1.0,100
0bbeb0653a569e5394ac94a502549b079f7a055c,meow1,AMD Ryzen 9 9950X 16-Core Processor,c++ (Ubuntu 15.2.0-4ubuntu4) 15.2.0,CMAKE_CXX_FLAGS:STRING= CMAKE_CXX_FLAGS_RELEASE:STRING=-O3 -DNDEBUG,wikimedia_wikipedia_mxbai,/home/yunchih/code/simsearch/python/out/local_query_embeddings_1024.parquet,/home/yunchih/code/simsearch/python/query_embeddings/combined.jsonl,313,1024,100,10,two_step_RF10,248,0,0.003216,0.000621,0.003376,0.011501,0.001473,0.02116,0.25111553767168043,0.19047619047619047,313
0bbeb0653a569e5394ac94a502549b079f7a055c,meow1,AMD Ryzen 9 9950X 16-Core Processor,c++ (Ubuntu 15.2.0-4ubuntu4) 15.2.0,CMAKE_CXX_FLAGS:STRING= CMAKE_CXX_FLAGS_RELEASE:STRING=-O3 -DNDEBUG,wikimedia_wikipedia_mxbai,/home/yunchih/code/simsearch/python/out/local_query_embeddings_1024.parquet,/home/yunchih/code/simsearch/python/query_embeddings/combined.jsonl,313,1024,100,50,two_step_RF50,248,0,0.000812,0.000691,0.003416,0.011442,0.001392,0.018775,0.25111553767168043,0.19047619047619047,313
0bbeb0653a569e5394ac94a502549b079f7a055c,meow1,AMD Ryzen 9 9950X 16-Core Processor,c++ (Ubuntu 15.2.0-4ubuntu4) 15.2.0,CMAKE_CXX_FLAGS:STRING= CMAKE_CXX_FLAGS_RELEASE:STRING=-O3 -DNDEBUG,wikimedia_wikipedia_mxbai,/home/yunchih/code/simsearch/python/out/local_query_embeddings_1024.parquet,/home/yunchih/code/simsearch/python/query_embeddings/combined.jsonl,313,1024,100,10,two_step_mf_RF10,248,0,0.003206,0.000671,0.003406,0.087384,0.001413,0.097012,0.25111553767168043,0.19047619047619047,313
0bbeb0653a569e5394ac94a502549b079f7a055c,meow1,AMD Ryzen 9 9950X 16-Core Processor,c++ (Ubuntu 15.2.0-4ubuntu4) 15.2.0,CMAKE_CXX_FLAGS:STRING= CMAKE_CXX_FLAGS_RELEASE:STRING=-O3 -DNDEBUG,wikimedia_wikipedia_mxbai,/home/yunchih/code/simsearch/python/out/local_query_embeddings_1024.parquet,/home/yunchih/code/simsearch/python/query_embeddings/combined.jsonl,313,1024,100,50,two_step_mf_RF50,248,0,0.000932,0.000631,0.003387,0.086773,0.001423,0.094007,0.25111553767168043,0.19047619047619047,313
0bbeb0653a569e5394ac94a502549b079f7a055c,meow1,AMD Ryzen 9 9950X 16-Core Processor,c++ (Ubuntu 15.2.0-4ubuntu4) 15.2.0,CMAKE_CXX_FLAGS:STRING= CMAKE_CXX_FLAGS_RELEASE:STRING=-O3 -DNDEBUG,wikimedia_wikipedia_mxbai,/home/yunchih/code/simsearch/python/out/local_query_embeddings_1024.parquet,/home/yunchih/code/simsearch/python/query_embeddings/combined.jsonl,313,1024,100,0,float32_avx2,249,0,0.0,0.0,0.0,0.0,0.0,0.011,1.0000000000000004,1.0,100
0bbeb0653a569e5394ac94a502549b079f7a055c,meow1,AMD Ryzen 9 9950X 16-Core Processor,c++ (Ubuntu 15.2.0-4ubuntu4) 15.2.0,CMAKE_CXX_FLAGS:STRING= CMAKE_CXX_FLAGS_RELEASE:STRING=-O3 -DNDEBUG,wikimedia_wikipedia_mxbai,/home/yunchih/code/simsearch/python/out/local_query_embeddings_1024.parquet,/home/yunchih/code/simsearch/python/query_embeddings/combined.jsonl,313,1024,100,0,binary,249,0,0.003336,0.000651,0.001032,0.0,0.0,0.005741,1.0000000000000004,1.0,100
0bbeb0653a569e5394ac94a502549b079f7a055c,meow1,AMD Ryzen 9 9950X 16-Core Processor,c++ (Ubuntu 15.2.0-4ubuntu4) 15.2.0,CMAKE_CXX_FLAGS:STRING= CMAKE_CXX_FLAGS_RELEASE:STRING=-O3 -DNDEBUG,wikimedia_wikipedia_mxbai,/home/yunchih/code/simsearch/python/out/local_query_embeddings_1024.parquet,/home/yunchih/code/simsearch/python/query_embeddings/combined.jsonl,313,1024,100,10,two_step_RF10,249,0,0.003336,0.000652,0.003376,0.011501,0.001433,0.02127,0.25111553767168043,0.19047619047619047,313
0bbeb0653a569e5394ac94a502549b079f7a055c,meow1,AMD Ryzen 9 9950X 16-Core Processor,c++ (Ubuntu 15.2.0-4ubuntu4) 15.2.0,CMAKE_CXX_FLAGS:STRING= CMAKE_CXX_FLAGS_RELEASE:STRING=-O3 -DNDEBUG,wikimedia_wikipedia_mxbai,/home/yunchih/code/simsearch/python/out/local_query_embeddings_1024.parquet,/home/yunchih/code/simsearch/python/query_embeddings/combined.jsonl,313,1024,100,50,two_step_RF50,249,0,0.000802,0.000651,0.003446,0.011422,0.001442,0.018825,0.25111553767168043,0.19047619047619047,313
0bbeb0653a569e5394ac94a502549b079f7a055c,meow1,AMD Ryzen 9 9950X 16-Core Processor,c++ (Ubuntu 15.2.0-4ubuntu4) 15.2.0,CMAKE_CXX_FLAGS:STRING= CMAKE_CXX_FLAGS_RELEASE:STRING=-O3 -DNDEBUG,wikimedia_wikipedia_mxbai,/home/yunchih/code/simsearch/python/out/local_query_embeddings_1024.parquet,/home/yunchih/code/simsearch/python/query_embeddings/combined.jsonl,313,1024,100,10,two_step_mf_RF10,249,0,0.003166,0.000671,0.003357,0.087334,0.001423,0.096892,0.25111553767168043,0.19047619047619047,313
0bbeb0653a569e5394ac94a502549b079f7a055c,meow1,AMD Ryzen 9 9950X 16-Core Processor,c++ (Ubuntu 15.2.0-4ubuntu4) 15.2.0,CMAKE_CXX_FLAGS:STRING= CMAKE_CXX_FLAGS_RELEASE:STRING=-O3 -DNDEBUG,wikimedia_wikipedia_mxbai,/home/yunchih/code/simsearch/python/out/local_query_embeddings_1024.parquet,/home/yunchih/code/simsearch/python/query_embeddings/combined.jsonl,313,1024,100,50,two_step_mf_RF50,249,0,0.000961,0.000651,0.003807,0.089138,0.001412,0.096842,0.25111553767168043,0.19047619047619047,313
0bbeb0653a569e5394ac94a502549b079f7a055c,meow1,AMD Ryzen 9 9950X 16-Core Processor,c++ (Ubuntu 15.2.0-4ubuntu4) 15.2.0,CMAKE_CXX_FLAGS:STRING= CMAKE_CXX_FLAGS_RELEASE:STRING=-O3 -DNDEBUG,wikimedia_wikipedia_mxbai,/home/yunchih/code/simsearch/python/out/local_query_embeddings_1024.parquet,/home/yunchih/code/simsearch/python/query_embeddings/combined.jsonl,313,1024,100,0,float32_avx2,250,0,0.0,0.0,0.0,0.0,0.0,0.012,1.0000000000000004,1.0,100
0bbeb0653a569e5394ac94a502549b079f7a055c,meow1,AMD Ryzen 9 9950X 16-Core Processor,c++ (Ubuntu 15.2.0-4ubuntu4) 15.2.0,CMAKE_CXX_FLAGS:STRING= CMAKE_CXX_FLAGS_RELEASE:STRING=-O3 -DNDEBUG,wikimedia_wikipedia_mxbai,/home/yunchih/code/simsearch/python/out/local_query_embeddings_1024.parquet,/home/yunchih/code/simsearch/python/query_embeddings/combined.jsonl,313,1024,100,0,binary,250,0,0.003336,0.000652,0.001072,0.0,0.0,0.005781,1.0000000000000004,1.0,100
0bbeb0653a569e5394ac94a502549b079f7a055c,meow1,AMD Ryzen 9 9950X 16-Core Processor,c++ (Ubuntu 15.2.0-4ubuntu4) 15.2.0,CMAKE_CXX_FLAGS:STRING= CMAKE_CXX_FLAGS_RELEASE:STRING=-O3 -DNDEBUG,wikimedia_wikipedia_mxbai,/home/yunchih/code/simsearch/python/out/local_query_embeddings_1024.parquet,/home/yunchih/code/simsearch/python/query_embeddings/combined.jsonl,313,1024,100,10,two_step_RF10,250,0,0.003266,0.000651,0.003406,0.011542,0.001472,0.02132,0.25111553767168043,0.19047619047619047,313
0bbeb0653a569e5394ac94a502549b079f7a055c,meow1,AMD Ryzen 9 9950X 16-Core Processor,c++ (Ubuntu 15.2.0-4ubuntu4) 15.2.0,CMAKE_CXX_FLAGS:STRING= CMAKE_CXX_FLAGS_RELEASE:STRING=-O3 -DNDEBUG,wikimedia_wikipedia_mxbai,/home/yunchih/code/simsearch/python/out/local_query_embeddings_1024.parquet,/home/yunchih/code/simsearch/python/query_embeddings/combined.jsonl,313,1024,100,50,two_step_RF50,250,0,0.000862,0.000661,0.003397,0.011592,0.001463,0.018976,0.25111553767168043,0.19047619047619047,313
0bbeb0653a569e5394ac94a502549b079f7a055c,meow1,AMD Ryzen 9 9950X 16-Core Processor,c++ (Ubuntu 15.2.0-4ubuntu4) 15.2.0,CMAKE_CXX_FLAGS:STRING= CMAKE_CXX_FLAGS_RELEASE:STRING=-O3 -DNDEBUG,wikimedia_wikipedia_mxbai,/home/yunchih/code/simsearch/python/out/local_query_embeddings_1024.parquet,/home/yunchih/code/simsearch/python/query_embeddings/combined.jsonl,313,1024,100,10,two_step_mf_RF10,250,0,0.003356,0.000651,0.003427,0.087685,0.001453,0.097493,0.25111553767168043,0.19047619047619047,313
0bbeb0653a569e5394ac94a502549b079f7a055c,meow1,AMD Ryzen 9 9950X 16-Core Processor,c++ (Ubuntu 15.2.0-4ubuntu4) 15.2.0,CMAKE_CXX_FLAGS:STRING= CMAKE_CXX_FLAGS_RELEASE:STRING=-O3 -DNDEBUG,wikimedia_wikipedia_mxbai,/home/yunchih/code/simsearch/python/out/local_query_embeddings_1024.parquet,/home/yunchih/code/simsearch/python/query_embeddings/combined.jsonl,313,1024,100,50,two_step_mf_RF50,250,0,0.000942,0.000621,0.003376,0.086934,0.001413,0.094137,0.25111553767168043,0.19047619047619047,313
0bbeb0653a569e5394ac94a502549b079f7a055c,meow1,AMD Ryzen 9 9950X 16-Core Processor,c++ (Ubuntu 15.2.0-4ubuntu4) 15.2.0,CMAKE_CXX_FLAGS:STRING= CMAKE_CXX_FLAGS_RELEASE:STRING=-O3 -DNDEBUG,wikimedia_wikipedia_mxbai,/home/yunchih/code/simsearch/python/out/local_query_embeddings_1024.parquet,/home/yunchih/code/simsearch/python/query_embeddings/combined.jsonl,313,1024,100,0,float32_avx2,251,0,0.0,0.0,0.0,0.0,0.0,0.011,1.0000000000000004,1.0,100
0bbeb0653a569e5394ac94a502549b079f7a055c,meow1,AMD Ryzen 9 9950X 16-Core Processor,c++ (Ubuntu 15.2.0-4ubuntu4) 15.2.0,CMAKE_CXX_FLAGS:STRING= CMAKE_CXX_FLAGS_RELEASE:STRING=-O3 -DNDEBUG,wikimedia_wikipedia_mxbai,/home/yunchih/code/simsearch/python/out/local_query_embeddings_1024.parquet,/home/yunchih/code/simsearch/python/query_embeddings/combined.jsonl,313,1024,100,0,binary,251,0,0.003436,0.000631,0.001032,0.0,0.0,0.005861,1.0000000000000004,1.0,100
0bbeb0653a569e5394ac94a502549b079f7a055c,meow1,AMD Ryzen 9 9950X 16-Core Processor,c++ (Ubuntu 15.2.0-4ubuntu4) 15.2.0,CMAKE_CXX_FLAGS:STRING= CMAKE_CXX_FLAGS_RELEASE:STRING=-O3 -DNDEBUG,wikimedia_wikipedia_mxbai,/home/yunchih/code/simsearch/python/out/local_query_embeddings_1024.parquet,/home/yunchih/code/simsearch/python/query_embeddings/combined.jsonl,313,1024,100,10,two_step_RF10,251,0,0.003116,0.000621,0.003397,0.011672,0.001443,0.02124,0.25111553767168043,0.19047619047619047,313
0bbeb0653a569e5394ac94a502549b079f7a055c,meow1,AMD Ryzen 9 9950X 16-Core Processor,c++ (Ubuntu 15.2.0-4ubuntu4) 15.2.0,CMAKE_CXX_FLAGS:STRING= CMAKE_CXX_FLAGS_RELEASE:STRING=-O3 -DNDEBUG,wikimedia_wikipedia_mxbai,/home/yunchih/code/simsearch/python/out/local_query_embeddings_1024.parquet,/home/yunchih/code/simsearch/python/query_embeddings/combined.jsonl,313,1024,100,50,two_step_RF50,251,0,0.000942,0.000671,0.003437,0.011301,0.001473,0.018895,0.25111553767168043,0.19047619047619047,313
0bbeb0653a569e5394ac94a502549b079f7a055c,meow1,AMD Ryzen 9 9950X 16-Core Processor,c++ (Ubuntu 15.2.0-4ubuntu4) 15.2.0,CMAKE_CXX_FLAGS:STRING= CMAKE_CXX_FLAGS_RELEASE:STRING=-O3 -DNDEBUG,wikimedia_wikipedia_mxbai,/home/yunchih/code/simsearch/python/out/local_query_embeddings_1024.parquet,/home/yunchih/code/simsearch/python/query_embeddings/combined.jsonl,313,1024,100,10,two_step_mf_RF10,251,0,0.003216,0.000661,0.003387,0.087574,0.001393,0.097212,0.25111553767168043,0.19047619047619047,313
0bbeb0653a569e5394ac94a502549b079f7a055c,meow1,AMD Ryzen 9 9950X 16-Core Processor,c++ (Ubuntu 15.2.0-4ubuntu4) 15.2.0,CMAKE_CXX_FLAGS:STRING= CMAKE_CXX_FLAGS_RELEASE:STRING=-O3 -DNDEBUG,wikimedia_wikipedia_mxbai,/home/yunchih/code/simsearch/python/out/local_query_embeddings_1024.parquet,/home/yunchih/code/simsearch/python/query_embeddings/combined.jsonl,313,1024,100,50,two_step_mf_RF50,251,0,0.000912,0.000641,0.003416,0.086914,0.001402,0.094177,0.25111553767168043,0.19047619047619047,313
0bbeb0653a569e5394ac94a502549b079f7a055c,meow1,AMD Ryzen 9 9950X 16-Core Processor,c++ (Ubuntu 15.2.0-4ubuntu4) 15.2.0,CMAKE_CXX_FLAGS:STRING= CMAKE_CXX_FLAGS_RELEASE:STRING=-O3 -DNDEBUG,wikimedia_wikipedia_mxbai,/home/yunchih/code/simsearch/python/out/local_query_embeddings_1024.parquet,/home/yunchih/code/simsearch/python/query_embeddings/combined.jsonl,313,1024,100,0,float32_avx2,252,0,0.0,0.0,0.0,0.0,0.0,0.012,1.0000000000000004,1.0,100
0bbeb0653a569e5394ac94a502549b079f7a055c,meow1,AMD Ryzen 9 9950X 16-Core Processor,c++ (Ubuntu 15.2.0-4ubuntu4) 15.2.0,CMAKE_CXX_FLAGS:STRING= CMAKE_CXX_FLAGS_RELEASE:STRING=-O3 -DNDEBUG,wikimedia_wikipedia_mxbai,/home/yunchih/code/simsearch/python/out/local_query_embeddings_1024.parquet,/home/yunchih/code/simsearch/python/query_embeddings/combined.jsonl,313,1024,100,0,binary,252,0,0.003496,0.000631,0.001042,0.0,0.0,0.005871,1.0000000000000004,1.0,100
0bbeb0653a569e5394ac94a502549b079f7a055c,meow1,AMD Ryzen 9 9950X 16-Core Processor,c++ (Ubuntu 15.2.0-4ubuntu4) 15.2.0,CMAKE_CXX_FLAGS:STRING= CMAKE_CXX_FLAGS_RELEASE:STRING=-O3 -DNDEBUG,wikimedia_wikipedia_mxbai,/home/yunchih/code/simsearch/python/out/local_query_embeddings_1024.parquet,/home/yunchih/code/simsearch/python/query_embeddings/combined.jsonl,313,1024,100,10,two_step_RF10,252,0,0.003186,0.000621,0.003396,0.011611,0.001463,0.02123,0.25111553767168043,0.19047619047619047,313
0bbeb0653a569e5394ac94a502549b079f7a055c,meow1,AMD Ryzen 9 9950X 16-Core Processor,c++ (Ubuntu 15.2.0-4ubuntu4) 15.2.0,CMAKE_CXX_FLAGS:STRING= CMAKE_CXX_FLAGS_RELEASE:STRING=-O3 -DNDEBUG,wikimedia_wikipedia_mxbai,/home/yunchih/code/simsearch/python/out/local_query_embeddings_1024.parquet,/home/yunchih/code/simsearch/python/query_embeddings/combined.jsonl,313,1024,100,50,two_step_RF50,252,0,0.000972,0.000641,0.003376,0.011421,0.001413,0.018845,0.25111553767168043,0.19047619047619047,313
0bbeb0653a569e5394ac94a502549b079f7a055c,meow1,AMD Ryzen 9 9950X 16-Core Processor,c++ (Ubuntu 15.2.0-4ubuntu4) 15.2.0,CMAKE_CXX_FLAGS:STRING= CMAKE_CXX_FLAGS_RELEASE:STRING=-O3 -DNDEBUG,wikimedia_wikipedia_mxbai,/home/yunchih/code/simsearch/python/out/local_query_embeddings_1024.parquet,/home/yunchih/code/simsearch/python/query_embeddings/combined.jsonl,313,1024,100,10,two_step_mf_RF10,252,0,0.003136,0.000652,0.003416,0.087615,0.001393,0.097163,0.25111553767168043,0.19047619047619047,313
0bbeb0653a569e5394ac94a502549b079f7a055c,meow1,AMD Ryzen 9 9950X 16-Core Processor,c++ (Ubuntu 15.2.0-4ubuntu4) 15.2.0,CMAKE_CXX_FLAGS:STRING= CMAKE_CXX_FLAGS_RELEASE:STRING=-O3 -DNDEBUG,wikimedia_wikipedia_mxbai,/home/yunchih/code/simsearch/python/out/local_query_embeddings_1024.parquet,/home/yunchih/code/simsearch/python/query_embeddings/combined.jsonl,313,1024,100,50,two_step_mf_RF50,252,0,0.000992,0.000631,0.003396,0.086953,0.001413,0.094217,0.25111553767168043,0.19047619047619047,313
0bbeb0653a569e5394ac94a502549b079f7a055c,meow1,AMD Ryzen 9 9950X 16-Core Processor,c++ (Ubuntu 15.2.0-4ubuntu4) 15.2.0,CMAKE_CXX_FLAGS:STRING= CMAKE_CXX_FLAGS_RELEASE:STRING=-O3 -DNDEBUG,wikimedia_wikipedia_mxbai,/home/yunchih/code/simsearch/python/out/local_query_embeddings_1024.parquet,/home/yunchih/code/simsearch/python/query_embeddings/combined.jsonl,313,1024,100,0,float32_avx2,253,0,0.0,0.0,0.0,0.0,0.0,0.012,1.0000000000000004,1.0,100
0bbeb0653a569e5394ac94a502549b079f7a055c,meow1,AMD Ryzen 9 9950X 16-Core Processor,c++ (Ubuntu 15.2.0-4ubuntu4) 15.2.0,CMAKE_CXX_FLAGS:STRING= CMAKE_CXX_FLAGS_RELEASE:STRING=-O3 -DNDEBUG,wikimedia_wikipedia_mxbai,/home/yunchih/code/simsearch/python/out/local_query_embeddings_1024.parquet,/home/yunchih/code/simsearch/python/query_embeddings/combined.jsonl,313,1024,100,0,binary,253,0,0.003367,0.000641,0.001072,0.0,0.0,0.005831,1.0000000000000004,1.0,100
0bbeb0653a569e5394ac94a502549b079f7a055c,meow1,AMD Ryzen 9 9950X 16-Core Processor,c++ (Ubuntu 15.2.0-4ubuntu4) 15.2.0,CMAKE_CXX_FLAGS:STRING= CMAKE_CXX_FLAGS_RELEASE:STRING=-O3 -DNDEBUG,wikimedia_wikipedia_mxbai,/home/yunchih/code/simsearch/python/out/local_query_embeddings_1024.parquet,/home/yunchih/code/simsearch/python/query_embeddings/combined.jsonl,313,1024,100,10,two_step_RF10,253,0,0.003026,0.000601,0.003386,0.011622,0.001402,0.021019,0.25111553767168043,0.19047619047619047,313
0bbeb0653a569e5394ac94a502549b079f7a055c,meow1,AMD Ryzen 9 9950X 16-Core Processor,c++ (Ubuntu 15.2.0-4ubuntu4) 15.2.0,CMAKE_CXX_FLAGS:STRING= CMAKE_CXX_FLAGS_RELEASE:STRING=-O3 -DNDEBUG,wikimedia_wikipedia_mxbai,/home/yunchih/code/simsearch/python/out/local_query_embeddings_1024.parquet,/home/yunchih/code/simsearch/python/query_embeddings/combined.jsonl,313,1024,100,50,two_step_RF50,253,0,0.000812,0.000691,0.003437,0.011532,0.001443,0.018996,0.25111553767168043,0.19047619047619047,313
0bbeb0653a569e5394ac94a502549b079f7a055c,meow1,AMD Ryzen 9 9950X 16-Core Processor,c++ (Ubuntu 15.2.0-4ubuntu4) 15.2.0,CMAKE_CXX_FLAGS:STRING= CMAKE_CXX_FLAGS_RELEASE:STRING=-O3 -DNDEBUG,wikimedia_wikipedia_mxbai,/home/yunchih/code/simsearch/python/out/local_query_embeddings_1024.parquet,/home/yunchih/code/simsearch/python/query_embeddings/combined.jsonl,313,1024,100,10,two_step_mf_RF10,253,0,0.003206,0.000651,0.003377,0.087605,0.001442,0.097253,0.25111553767168043,0.19047619047619047,313
0bbeb0653a569e5394ac94a502549b079f7a055c,meow1,AMD Ryzen 9 9950X 16-Core Processor,c++ (Ubuntu 15.2.0-4ubuntu4) 15.2.0,CMAKE_CXX_FLAGS:STRING= CMAKE_CXX_FLAGS_RELEASE:STRING=-O3 -DNDEBUG,wikimedia_wikipedia_mxbai,/home/yunchih/code/simsearch/python/out/local_query_embeddings_1024.parquet,/home/yunchih/code/simsearch/python/query_embeddings/combined.jsonl,313,1024,100,50,two_step_mf_RF50,253,0,0.000951,0.000641,0.003386,0.086894,0.001332,0.094066,0.25111553767168043,0.19047619047619047,313
0bbeb0653a569e5394ac94a502549b079f7a055c,meow1,AMD Ryzen 9 9950X 16-Core Processor,c++ (Ubuntu 15.2.0-4ubuntu4) 15.2.0,CMAKE_CXX_FLAGS:STRING= CMAKE_CXX_FLAGS_RELEASE:STRING=-O3 -DNDEBUG,wikimedia_wikipedia_mxbai,/home/yunchih/code/simsearch/python/out/local_query_embeddings_1024.parquet,/home/yunchih/code/simsearch/python/query_embeddings/combined.jsonl,313,1024,100,0,float32_avx2,254,0,0.0,0.0,0.0,0.0,0.0,0.012,1.0000000000000004,1.0,100
0bbeb0653a569e5394ac94a502549b079f7a055c,meow1,AMD Ryzen 9 9950X 16-Core Processor,c++ (Ubuntu 15.2.0-4ubuntu4) 15.2.0,CMAKE_CXX_FLAGS:STRING= CMAKE_CXX_FLAGS_RELEASE:STRING=-O3 -DNDEBUG,wikimedia_wikipedia_mxbai,/home/yunchih/code/simsearch/python/out/local_query_embeddings_1024.parquet,/home/yunchih/code/simsearch/python/query_embeddings/combined.jsonl,313,1024,100,0,binary,254,0,0.003416,0.000651,0.001022,0.0,0.0,0.00579,1.0000000000000004,1.0,100
0bbeb0653a569e5394ac94a502549b079f7a055c,meow1,AMD Ryzen 9 9950X 16-Core Processor,c++ (Ubuntu 15.2.0-4ubuntu4) 15.2.0,CMAKE_CXX_FLAGS:STRING= CMAKE_CXX_FLAGS_RELEASE:STRING=-O3 -DNDEBUG,wikimedia_wikipedia_mxbai,/home/yunchih/code/simsearch/python/out/local_query_embeddings_1024.parquet,/home/yunchih/code/simsearch/python/query_embeddings/combined.jsonl,313,1024,100,10,two_step_RF10,254,0,0.003076,0.000601,0.003396,0.011652,0.001413,0.02111,0.25111553767168043,0.19047619047619047,313
0bbeb0653a569e5394ac94a502549b079f7a055c,meow1,AMD Ryzen 9 9950X 16-Core Processor,c++ (Ubuntu 15.2.0-4ubuntu4) 15.2.0,CMAKE_CXX_FLAGS:STRING= CMAKE_CXX_FLAGS_RELEASE:STRING=-O3 -DNDEBUG,wikimedia_wikipedia_mxbai,/home/yunchih/code/simsearch/python/out/local_query_embeddings_1024.parquet,/home/yunchih/code/simsearch/python/query_embeddings/combined.jsonl,313,1024,100,50,two_step_RF50,254,0,0.000822,0.000631,0.003878,0.013165,0.001483,0.02101,0.25111553767168043,0.19047619047619047,313
0bbeb0653a569e5394ac94a502549b079f7a055c,meow1,AMD Ryzen 9 9950X 16-Core Processor,c++ (Ubuntu 15.2.0-4ubuntu4) 15.2.0,CMAKE_CXX_FLAGS:STRING= CMAKE_CXX_FLAGS_RELEASE:STRING=-O3 -DNDEBUG,wikimedia_wikipedia_mxbai,/home/yunchih/code/simsearch/python/out/local_query_embeddings_1024.parquet,/home/yunchih/code/simsearch/python/query_embeddings/combined.jsonl,313,1024,100,10,two_step_mf_RF10,254,0,0.003386,0.000661,0.003406,0.087354,0.001432,0.097183,0.25111553767168043,0.19047619047619047,313
0bbeb0653a569e5394ac94a502549b079f7a055c,meow1,AMD Ryzen 9 9950X 16-Core Processor,c++ (Ubuntu 15.2.0-4ubuntu4) 15.2.0,CMAKE_CXX_FLAGS:STRING= CMAKE_CXX_FLAGS_RELEASE:STRING=-O3 -DNDEBUG,wikimedia_wikipedia_mxbai,/home/yunchih/code/simsearch/python/out/local_query_embeddings_1024.parquet,/home/yunchih/code/simsearch/python/query_embeddings/combined.jsonl,313,1024,100,50,two_step_mf_RF50,254,0,0.001834,0.000651,0.003397,0.086703,0.001362,0.094799,0.25111553767168043,0.19047619047619047,313
0bbeb0653a569e5394ac94a502549b079f7a055c,meow1,AMD Ryzen 9 9950X 16-Core Processor,c++ (Ubuntu 15.2.0-4ubuntu4) 15.2.0,CMAKE_CXX_FLAGS:STRING= CMAKE_CXX_FLAGS_RELEASE:STRING=-O3 -DNDEBUG,wikimedia_wikipedia_mxbai,/home/yunchih/code/simsearch/python/out/local_query_embeddings_1024.parquet,/home/yunchih/code/simsearch/python/query_embeddings/combined.jsonl,313,1024,100,0,float32_avx2,255,0,0.0,0.0,0.0,0.0,0.0,0.012,1.0000000000000004,1.0,100
0bbeb0653a569e5394ac94a502549b079f7a055c,meow1,AMD Ryzen 9 9950X 16-Core Processor,c++ (Ubuntu 15.2.0-4ubuntu4) 15.2.0,CMAKE_CXX_FLAGS:STRING= CMAKE_CXX_FLAGS_RELEASE:STRING=-O3 -DNDEBUG,wikimedia_wikipedia_mxbai,/home/yunchih/code/simsearch/python/out/local_query_embeddings_1024.parquet,/home/yunchih/code/simsearch/python/query_embeddings/combined.jsonl,313,1024,100,0,binary,255,0,0.003526,0.000631,0.001052,0.0,0.0,0.005961,1.0000000000000004,1.0,100
0bbeb0653a569e5394ac94a502549b079f7a055c,meow1,AMD Ryzen 9 9950X 16-Core Processor,c++ (Ubuntu 15.2.0-4ubuntu4) 15.2.0,CMAKE_CXX_FLAGS:STRING= CMAKE_CXX_FLAGS_RELEASE:STRING=-O3 -DNDEBUG,wikimedia_wikipedia_mxbai,/home/yunchih/code/simsearch/python/out/local_query_embeddings_1024.parquet,/home/yunchih/code/simsearch/python/query_embeddings/combined.jsonl,313,1024,100,10,two_step_RF10,255,0,0.003175,0.000631,0.003366,0.011591,0.001422,0.0212,0.25111553767168043,0.19047619047619047,313
0bbeb0653a569e5394ac94a502549b079f7a055c,meow1,AMD Ryzen 9 9950X 16-Core Processor,c++ (Ubuntu 15.2.0-4ubuntu4) 15.2.0,CMAKE_CXX_FLAGS:STRING= CMAKE_CXX_FLAGS_RELEASE:STRING=-O3 -DNDEBUG,wikimedia_wikipedia_mxbai,/home/yunchih/code/simsearch/python/out/local_query_embeddings_1024.parquet,/home/yunchih/code/simsearch/python/query_embeddings/combined.jsonl,313,1024,100,50,two_step_RF50,255,0,0.000872,0.000681,0.003427,0.011362,0.001442,0.018876,0.25111553767168043,0.19047619047619047,313
0bbeb0653a569e5394ac94a502549b079f7a055c,meow1,AMD Ryzen 9 9950X 16-Core Processor,c++ (Ubuntu 15.2.0-4ubuntu4) 15.2.0,CMAKE_CXX_FLAGS:STRING= CMAKE_CXX_FLAGS_RELEASE:STRING=-O3 -DNDEBUG,wikimedia_wikipedia_mxbai,/home/yunchih/code/simsearch/python/out/local_query_embeddings_1024.parquet,/home/yunchih/code/simsearch/python/query_embeddings/combined.jsonl,313,1024,100,10,two_step_mf_RF10,255,0,0.003306,0.000651,0.003377,0.087444,0.001413,0.097153,0.25111553767168043,0.19047619047619047,313
0bbeb0653a569e5394ac94a502549b079f7a055c,meow1,AMD Ryzen 9 9950X 16-Core Processor,c++ (Ubuntu 15.2.0-4ubuntu4) 15.2.0,CMAKE_CXX_FLAGS:STRING= CMAKE_CXX_FLAGS_RELEASE:STRING=-O3 -DNDEBUG,wikimedia_wikipedia_mxbai,/home/yunchih/code/simsearch/python/out/local_query_embeddings_1024.parquet,/home/yunchih/code/simsearch/python/query_embeddings/combined.jsonl,313,1024,100,50,two_step_mf_RF50,255,0,0.001182,0.000642,0.003376,0.086733,0.001403,0.094207,0.25111553767168043,0.19047619047619047,313
0bbeb0653a569e5394ac94a502549b079f7a055c,meow1,AMD Ryzen 9 9950X 16-Core Processor,c++ (Ubuntu 15.2.0-4ubuntu4) 15.2.0,CMAKE_CXX_FLAGS:STRING= CMAKE_CXX_FLAGS_RELEASE:STRING=-O3 -DNDEBUG,wikimedia_wikipedia_mxbai,/home/yunchih/code/simsearch/python/out/local_query_embeddings_1024.parquet,/home/yunchih/code/simsearch/python/query_embeddings/combined.jsonl,313,1024,100,0,float32_avx2,256,0,0.0,0.0,0.0,0.0,0.0,0.011,1.0000000000000004,1.0,100
0bbeb0653a569e5394ac94a502549b079f7a055c,meow1,AMD Ryzen 9 9950X 16-Core Processor,c++ (Ubuntu 15.2.0-4ubuntu4) 15.2.0,CMAKE_CXX_FLAGS:STRING= CMAKE_CXX_FLAGS_RELEASE:STRING=-O3 -DNDEBUG,wikimedia_wikipedia_mxbai,/home/yunchih/code/simsearch/python/out/local_query_embeddings_1024.parquet,/home/yunchih/code/simsearch/python/query_embeddings/combined.jsonl,313,1024,100,0,binary,256,0,0.003446,0.000672,0.001022,0.0,0.0,0.005861,1.0000000000000004,1.0,100
0bbeb0653a569e5394ac94a502549b079f7a055c,meow1,AMD Ryzen 9 9950X 16-Core Processor,c++ (Ubuntu 15.2.0-4ubuntu4) 15.2.0,CMAKE_CXX_FLAGS:STRING= CMAKE_CXX_FLAGS_RELEASE:STRING=-O3 -DNDEBUG,wikimedia_wikipedia_mxbai,/home/yunchih/code/simsearch/python/out/local_query_embeddings_1024.parquet,/home/yunchih/code/simsearch/python/query_embeddings/combined.jsonl,313,1024,100,10,two_step_RF10,256,0,0.003236,0.000621,0.003396,0.011612,0.001422,0.02128,0.25111553767168043,0.19047619047619047,313
0bbeb0653a569e5394ac94a502549b079f7a055c,meow1,AMD Ryzen 9 9950X 16-Core Processor,c++ (Ubuntu 15.2.0-4ubuntu4) 15.2.0,CMAKE_CXX_FLAGS:STRING= CMAKE_CXX_FLAGS_RELEASE:STRING=-O3 -DNDEBUG,wikimedia_wikipedia_mxbai,/home/yunchih/code/simsearch/python/out/local_query_embeddings_1024.parquet,/home/yunchih/code/simsearch/python/query_embeddings/combined.jsonl,313,1024,100,50,two_step_RF50,256,0,0.000842,0.000661,0.003417,0.011462,0.001483,0.018886,0.25111553767168043,0.19047619047619047,313
0bbeb0653a569e5394ac94a502549b079f7a055c,meow1,AMD Ryzen 9 9950X 16-Core Processor,c++ (Ubuntu 15.2.0-4ubuntu4) 15.2.0,CMAKE_CXX_FLAGS:STRING= CMAKE_CXX_FLAGS_RELEASE:STRING=-O3 -DNDEBUG,wikimedia_wikipedia_mxbai,/home/yunchih/code/simsearch/python/out/local_query_embeddings_1024.parquet,/home/yunchih/code/simsearch/python/query_embeddings/combined.jsonl,313,1024,100,10,two_step_mf_RF10,256,0,0.003256,0.000651,0.003377,0.087615,0.001382,0.097213,0.25111553767168043,0.19047619047619047,313
0bbeb0653a569e5394ac94a502549b079f7a055c,meow1,AMD Ryzen 9 9950X 16-Core Processor,c++ (Ubuntu 15.2.0-4ubuntu4) 15.2.0,CMAKE_CXX_FLAGS:STRING= CMAKE_CXX_FLAGS_RELEASE:STRING=-O3 -DNDEBUG,wikimedia_wikipedia_mxbai,/home/yunchih/code/simsearch/python/out/local_query_embeddings_1024.parquet,/home/yunchih/code/simsearch/python/query_embeddings/combined.jsonl,313,1024,100,50,two_step_mf_RF50,256,0,0.001252,0.000631,0.003416,0.086873,0.001382,0.094398,0.25111553767168043,0.19047619047619047,313
0bbeb0653a569e5394ac94a502549b079f7a055c,meow1,AMD Ryzen 9 9950X 16-Core Processor,c++ (Ubuntu 15.2.0-4ubuntu4) 15.2.0,CMAKE_CXX_FLAGS:STRING= CMAKE_CXX_FLAGS_RELEASE:STRING=-O3 -DNDEBUG,wikimedia_wikipedia_mxbai,/home/yunchih/code/simsearch/python/out/local_query_embeddings_1024.parquet,/home/yunchih/code/simsearch/python/query_embeddings/combined.jsonl,313,1024,100,0,float32_avx2,257,0,0.0,0.0,0.0,0.0,0.0,0.012,1.0000000000000004,1.0,100
0bbeb0653a569e5394ac94a502549b079f7a055c,meow1,AMD Ryzen 9 9950X 16-Core Processor,c++ (Ubuntu 15.2.0-4ubuntu4) 15.2.0,CMAKE_CXX_FLAGS:STRING= CMAKE_CXX_FLAGS_RELEASE:STRING=-O3 -DNDEBUG,wikimedia_wikipedia_mxbai,/home/yunchih/code/simsearch/python/out/local_query_embeddings_1024.parquet,/home/yunchih/code/simsearch/python/query_embeddings/combined.jsonl,313,1024,100,0,binary,257,0,0.003436,0.000642,0.001001,0.0,0.0,0.005811,1.0000000000000004,1.0,100
0bbeb0653a569e5394ac94a502549b079f7a055c,meow1,AMD Ryzen 9 9950X 16-Core Processor,c++ (Ubuntu 15.2.0-4ubuntu4) 15.2.0,CMAKE_CXX_FLAGS:STRING= CMAKE_CXX_FLAGS_RELEASE:STRING=-O3 -DNDEBUG,wikimedia_wikipedia_mxbai,/home/yunchih/code/simsearch/python/out/local_query_embeddings_1024.parquet,/home/yunchih/code/simsearch/python/query_embeddings/combined.jsonl,313,1024,100,10,two_step_RF10,257,0,0.003226,0.000621,0.003396,0.011522,0.001422,0.021189,0.25111553767168043,0.19047619047619047,313
0bbeb0653a569e5394ac94a502549b079f7a055c,meow1,AMD Ryzen 9 9950X 16-Core Processor,c++ (Ubuntu 15.2.0-4ubuntu4) 15.2.0,CMAKE_CXX_FLAGS:STRING= CMAKE_CXX_FLAGS_RELEASE:STRING=-O3 -DNDEBUG,wikimedia_wikipedia_mxbai,/home/yunchih/code/simsearch/python/out/local_query_embeddings_1024.parquet,/home/yunchih/code/simsearch/python/query_embeddings/combined.jsonl,313,1024,100,50,two_step_RF50,257,0,0.000912,0.000661,0.003426,0.011401,0.001403,0.018845,0.25111553767168043,0.19047619047619047,313
0bbeb0653a569e5394ac94a502549b079f7a055c,meow1,AMD Ryzen 9 9950X 16-Core Processor,c++ (Ubuntu 15.2.0-4ubuntu4) 15.2.0,CMAKE_CXX_FLAGS:STRING= CMAKE_CXX_FLAGS_RELEASE:STRING=-O3 -DNDEBUG,wikimedia_wikipedia_mxbai,/home/yunchih/code/simsearch/python/out/local_query_embeddings_1024.parquet,/home/yunchih/code/simsearch/python/query_embeddings/combined.jsonl,313,1024,100,10,two_step_mf_RF10,257,0,0.003226,0.000662,0.003396,0.089428,0.001383,0.099086,0.25111553767168043,0.19047619047619047,313
0bbeb0653a569e5394ac94a502549b079f7a055c,meow1,AMD Ryzen 9 9950X 16-Core Processor,c++ (Ubuntu 15.2.0-4ubuntu4) 15.2.0,CMAKE_CXX_FLAGS:STRING= CMAKE_CXX_FLAGS_RELEASE:STRING=-O3 -DNDEBUG,wikimedia_wikipedia_mxbai,/home/yunchih/code/simsearch/python/out/local_query_embeddings_1024.parquet,/home/yunchih/code/simsearch/python/query_embeddings/combined.jsonl,313,1024,100,50,two_step_mf_RF50,257,0,0.001082,0.000641,0.003396,0.086863,0.001412,0.094278,0.25111553767168043,0.19047619047619047,313
0bbeb0653a569e5394ac94a502549b079f7a055c,meow1,AMD Ryzen 9 9950X 16-Core Processor,c++ (Ubuntu 15.2.0-4ubuntu4) 15.2.0,CMAKE_CXX_FLAGS:STRING= CMAKE_CXX_FLAGS_RELEASE:STRING=-O3 -DNDEBUG,wikimedia_wikipedia_mxbai,/home/yunchih/code/simsearch/python/out/local_query_embeddings_1024.parquet,/home/yunchih/code/simsearch/python/query_embeddings/combined.jsonl,313,1024,100,0,float32_avx2,258,0,0.0,0.0,0.0,0.0,0.0,0.012,1.0000000000000004,1.0,100
0bbeb0653a569e5394ac94a502549b079f7a055c,meow1,AMD Ryzen 9 9950X 16-Core Processor,c++ (Ubuntu 15.2.0-4ubuntu4) 15.2.0,CMAKE_CXX_FLAGS:STRING= CMAKE_CXX_FLAGS_RELEASE:STRING=-O3 -DNDEBUG,wikimedia_wikipedia_mxbai,/home/yunchih/code/simsearch/python/out/local_query_embeddings_1024.parquet,/home/yunchih/code/simsearch/python/query_embeddings/combined.jsonl,313,1024,100,0,binary,258,0,0.003276,0.000651,0.001052,0.0,0.0,0.005701,1.0000000000000004,1.0,100
0bbeb0653a569e5394ac94a502549b079f7a055c,meow1,AMD Ryzen 9 9950X 16-Core Processor,c++ (Ubuntu 15.2.0-4ubuntu4) 15.2.0,CMAKE_CXX_FLAGS:STRING= CMAKE_CXX_FLAGS_RELEASE:STRING=-O3 -DNDEBUG,wikimedia_wikipedia_mxbai,/home/yunchih/code/simsearch/python/out/local_query_embeddings_1024.parquet,/home/yunchih/code/simsearch/python/query_embeddings/combined.jsonl,313,1024,100,10,two_step_RF10,258,0,0.003136,0.000621,0.003386,0.011492,0.001422,0.021049,0.25111553767168043,0.19047619047619047,313
0bbeb0653a569e5394ac94a502549b079f7a055c,meow1,AMD Ryzen 9 9950X 16-Core Processor,c++ (Ubuntu 15.2.0-4ubuntu4) 15.2.0,CMAKE_CXX_FLAGS:STRING= CMAKE_CXX_FLAGS_RELEASE:STRING=-O3 -DNDEBUG,wikimedia_wikipedia_mxbai,/home/yunchih/code/simsearch/python/out/local_query_embeddings_1024.parquet,/home/yunchih/code/simsearch/python/query_embeddings/combined.jsonl,313,1024,100,50,two_step_RF50,258,0,0.000931,0.000651,0.003396,0.011441,0.001463,0.018915,0.25111553767168043,0.19047619047619047,313
0bbeb0653a569e5394ac94a502549b079f7a055c,meow1,AMD Ryzen 9 9950X 16-Core Processor,c++ (Ubuntu 15.2.0-4ubuntu4) 15.2.0,CMAKE_CXX_FLAGS:STRING= CMAKE_CXX_FLAGS_RELEASE:STRING=-O3 -DNDEBUG,wikimedia_wikipedia_mxbai,/home/yunchih/code/simsearch/python/out/local_query_embeddings_1024.parquet,/home/yunchih/code/simsearch/python/query_embeddings/combined.jsonl,313,1024,100,10,two_step_mf_RF10,258,0,0.003306,0.000651,0.003407,0.087525,0.001432,0.097242,0.25111553767168043,0.19047619047619047,313
0bbeb0653a569e5394ac94a502549b079f7a055c,meow1,AMD Ryzen 9 9950X 16-Core Processor,c++ (Ubuntu 15.2.0-4ubuntu4) 15.2.0,CMAKE_CXX_FLAGS:STRING= CMAKE_CXX_FLAGS_RELEASE:STRING=-O3 -DNDEBUG,wikimedia_wikipedia_mxbai,/home/yunchih/code/simsearch/python/out/local_query_embeddings_1024.parquet,/home/yunchih/code/simsearch/python/query_embeddings/combined.jsonl,313,1024,100,50,two_step_mf_RF50,258,0,0.001152,0.000642,0.003376,0.086833,0.001423,0.094277,0.25111553767168043,0.19047619047619047,313
0bbeb0653a569e5394ac94a502549b079f7a055c,meow1,AMD Ryzen 9 9950X 16-Core Processor,c++ (Ubuntu 15.2.0-4ubuntu4) 15.2.0,CMAKE_CXX_FLAGS:STRING= CMAKE_CXX_FLAGS_RELEASE:STRING=-O3 -DNDEBUG,wikimedia_wikipedia_mxbai,/home/yunchih/code/simsearch/python/out/local_query_embeddings_1024.parquet,/home/yunchih/code/simsearch/python/query_embeddings/combined.jsonl,313,1024,100,0,float32_avx2,259,0,0.0,0.0,0.0,0.0,0.0,0.011,1.0000000000000004,1.0,100
0bbeb0653a569e5394ac94a502549b079f7a055c,meow1,AMD Ryzen 9 9950X 16-Core Processor,c++ (Ubuntu 15.2.0-4ubuntu4) 15.2.0,CMAKE_CXX_FLAGS:STRING= CMAKE_CXX_FLAGS_RELEASE:STRING=-O3 -DNDEBUG,wikimedia_wikipedia_mxbai,/home/yunchih/code/simsearch/python/out/local_query_embeddings_1024.parquet,/home/yunchih/code/simsearch/python/query_embeddings/combined.jsonl,313,1024,100,0,binary,259,0,0.003386,0.000651,0.001032,0.0,0.0,0.005811,1.0000000000000004,1.0,100
0bbeb0653a569e5394ac94a502549b079f7a055c,meow1,AMD Ryzen 9 9950X 16-Core Processor,c++ (Ubuntu 15.2.0-4ubuntu4) 15.2.0,CMAKE_CXX_FLAGS:STRING= CMAKE_CXX_FLAGS_RELEASE:STRING=-O3 -DNDEBUG,wikimedia_wikipedia_mxbai,/home/yunchih/code/simsearch/python/out/local_query_embeddings_1024.parquet,/home/yunchih/code/simsearch/python/query_embeddings/combined.jsonl,313,1024,100,10,two_step_RF10,259,0,0.003116,0.000632,0.003366,0.011391,0.001413,0.0209,0.25111553767168043,0.19047619047619047,313
0bbeb0653a569e5394ac94a502549b079f7a055c,meow1,AMD Ryzen 9 9950X 16-Core Processor,c++ (Ubuntu 15.2.0-4ubuntu4) 15.2.0,CMAKE_CXX_FLAGS:STRING= CMAKE_CXX_FLAGS_RELEASE:STRING=-O3 -DNDEBUG,wikimedia_wikipedia_mxbai,/home/yunchih/code/simsearch/python/out/local_query_embeddings_1024.parquet,/home/yunchih/code/simsearch/python/query_embeddings/combined.jsonl,313,1024,100,50,two_step_RF50,259,0,0.001032,0.000682,0.003396,0.011381,0.001483,0.019006,0.25111553767168043,0.19047619047619047,313
0bbeb0653a569e5394ac94a502549b079f7a055c,meow1,AMD Ryzen 9 9950X 16-Core Processor,c++ (Ubuntu 15.2.0-4ubuntu4) 15.2.0,CMAKE_CXX_FLAGS:STRING= CMAKE_CXX_FLAGS_RELEASE:STRING=-O3 -DNDEBUG,wikimedia_wikipedia_mxbai,/home/yunchih/code/simsearch/python/out/local_query_embeddings_1024.parquet,/home/yunchih/code/simsearch/python/query_embeddings/combined.jsonl,313,1024,100,10,two_step_mf_RF10,259,0,0.003136,0.000661,0.003386,0.087344,0.001403,0.096902,0.25111553767168043,0.19047619047619047,313
0bbeb0653a569e5394ac94a502549b079f7a055c,meow1,AMD Ryzen 9 9950X 16-Core Processor,c++ (Ubuntu 15.2.0-4ubuntu4) 15.2.0,CMAKE_CXX_FLAGS:STRING= CMAKE_CXX_FLAGS_RELEASE:STRING=-O3 -DNDEBUG,wikimedia_wikipedia_mxbai,/home/yunchih/code/simsearch/python/out/local_query_embeddings_1024.parquet,/home/yunchih/code/simsearch/python/query_embeddings/combined.jsonl,313,1024,100,50,two_step_mf_RF50,259,0,0.001082,0.000651,0.003406,0.086713,0.001413,0.094147,0.25111553767168043,0.19047619047619047,313
0bbeb0653a569e5394ac94a502549b079f7a055c,meow1,AMD Ryzen 9 9950X 16-Core Processor,c++ (Ubuntu 15.2.0-4ubuntu4) 15.2.0,CMAKE_CXX_FLAGS:STRING= CMAKE_CXX_FLAGS_RELEASE:STRING=-O3 -DNDEBUG,wikimedia_wikipedia_mxbai,/home/yunchih/code/simsearch/python/out/local_query_embeddings_1024.parquet,/home/yunchih/code/simsearch/python/query_embeddings/combined.jsonl,313,1024,100,0,float32_avx2,260,0,0.0,0.0,0.0,0.0,0.0,0.012,1.0000000000000004,1.0,100
0bbeb0653a569e5394ac94a502549b079f7a055c,meow1,AMD Ryzen 9 9950X 16-Core Processor,c++ (Ubuntu 15.2.0-4ubuntu4) 15.2.0,CMAKE_CXX_FLAGS:STRING= CMAKE_CXX_FLAGS_RELEASE:STRING=-O3 -DNDEBUG,wikimedia_wikipedia_mxbai,/home/yunchih/code/simsearch/python/out/local_query_embeddings_1024.parquet,/home/yunchih/code/simsearch/python/query_embeddings/combined.jsonl,313,1024,100,0,binary,260,0,0.003586,0.000662,0.001022,0.0,0.0,0.006001,1.0000000000000004,1.0,100
0bbeb0653a569e5394ac94a502549b079f7a055c,meow1,AMD Ryzen 9 9950X 16-Core Processor,c++ (Ubuntu 15.2.0-4ubuntu4) 15.2.0,CMAKE_CXX_FLAGS:STRING= CMAKE_CXX_FLAGS_RELEASE:STRING=-O3 -DNDEBUG,wikimedia_wikipedia_mxbai,/home/yunchih/code/simsearch/python/out/local_query_embeddings_1024.parquet,/home/yunchih/code/simsearch/python/query_embeddings/combined.jsonl,313,1024,100,10,two_step_RF10,260,0,0.003196,0.000642,0.003366,0.011481,0.001453,0.02114,0.25111553767168043,0.19047619047619047,313
0bbeb0653a569e5394ac94a502549b079f7a055c,meow1,AMD Ryzen 9 9950X 16-Core Processor,c++ (Ubuntu 15.2.0-4ubuntu4) 15.2.0,CMAKE_CXX_FLAGS:STRING= CMAKE_CXX_FLAGS_RELEASE:STRING=-O3 -DNDEBUG,wikimedia_wikipedia_mxbai,/home/yunchih/code/simsearch/python/out/local_query_embeddings_1024.parquet,/home/yunchih/code/simsearch/python/query_embeddings/combined.jsonl,313,1024,100,50,two_step_RF50,260,0,0.000832,0.000681,0.003407,0.011432,0.001443,0.018826,0.25111553767168043,0.19047619047619047,313
0bbeb0653a569e5394ac94a502549b079f7a055c,meow1,AMD Ryzen 9 9950X 16-Core Processor,c++ (Ubuntu 15.2.0-4ubuntu4) 15.2.0,CMAKE_CXX_FLAGS:STRING= CMAKE_CXX_FLAGS_RELEASE:STRING=-O3 -DNDEBUG,wikimedia_wikipedia_mxbai,/home/yunchih/code/simsearch/python/out/local_query_embeddings_1024.parquet,/home/yunchih/code/simsearch/python/query_embeddings/combined.jsonl,313,1024,100,10,two_step_mf_RF10,260,0,0.003156,0.000662,0.003396,0.087304,0.001362,0.096832,0.25111553767168043,0.19047619047619047,313
0bbeb0653a569e5394ac94a502549b079f7a055c,meow1,AMD Ryzen 9 9950X 16-Core Processor,c++ (Ubuntu 15.2.0-4ubuntu4) 15.2.0,CMAKE_CXX_FLAGS:STRING= CMAKE_CXX_FLAGS_RELEASE:STRING=-O3 -DNDEBUG,wikimedia_wikipedia_mxbai,/home/yunchih/code/simsearch/python/out/local_query_embeddings_1024.parquet,/home/yunchih/code/simsearch/python/query_embeddings/combined.jsonl,313,1024,100,50,two_step_mf_RF50,260,0,0.000962,0.000631,0.003406,0.088546,0.001453,0.09586,0.25111553767168043,0.19047619047619047,313
0bbeb0653a569e5394ac94a502549b079f7a055c,meow1,AMD Ryzen 9 9950X 16-Core Processor,c++ (Ubuntu 15.2.0-4ubuntu4) 15.2.0,CMAKE_CXX_FLAGS:STRING= CMAKE_CXX_FLAGS_RELEASE:STRING=-O3 -DNDEBUG,wikimedia_wikipedia_mxbai,/home/yunchih/code/simsearch/python/out/local_query_embeddings_1024.parquet,/home/yunchih/code/simsearch/python/query_embeddings/combined.jsonl,313,1024,100,0,float32_avx2,261,0,0.0,0.0,0.0,0.0,0.0,0.012,1.0000000000000004,1.0,100
0bbeb0653a569e5394ac94a502549b079f7a055c,meow1,AMD Ryzen 9 9950X 16-Core Processor,c++ (Ubuntu 15.2.0-4ubuntu4) 15.2.0,CMAKE_CXX_FLAGS:STRING= CMAKE_CXX_FLAGS_RELEASE:STRING=-O3 -DNDEBUG,wikimedia_wikipedia_mxbai,/home/yunchih/code/simsearch/python/out/local_query_embeddings_1024.parquet,/home/yunchih/code/simsearch/python/query_embeddings/combined.jsonl,313,1024,100,0,binary,261,0,0.003427,0.000641,0.001072,0.0,0.0,0.005881,1.0000000000000004,1.0,100
0bbeb0653a569e5394ac94a502549b079f7a055c,meow1,AMD Ryzen 9 9950X 16-Core Processor,c++ (Ubuntu 15.2.0-4ubuntu4) 15.2.0,CMAKE_CXX_FLAGS:STRING= CMAKE_CXX_FLAGS_RELEASE:STRING=-O3 -DNDEBUG,wikimedia_wikipedia_mxbai,/home/yunchih/code/simsearch/python/out/local_query_embeddings_1024.parquet,/home/yunchih/code/simsearch/python/query_embeddings/combined.jsonl,313,1024,100,10,two_step_RF10,261,0,0.003176,0.000611,0.003357,0.011612,0.001433,0.02119,0.25111553767168043,0.19047619047619047,313
0bbeb0653a569e5394ac94a502549b079f7a055c,meow1,AMD Ryzen 9 9950X 16-Core Processor,c++ (Ubuntu 15.2.0-4ubuntu4) 15.2.0,CMAKE_CXX_FLAGS:STRING= CMAKE_CXX_FLAGS_RELEASE:STRING=-O3 -DNDEBUG,wikimedia_wikipedia_mxbai,/home/yunchih/code/simsearch/python/out/local_query_embeddings_1024.parquet,/home/yunchih/code/simsearch/python/query_embeddings/combined.jsonl,313,1024,100,50,two_step_RF50,261,0,0.000952,0.000651,0.003377,0.011512,0.001432,0.018976,0.25111553767168043,0.19047619047619047,313
0bbeb0653a569e5394ac94a502549b079f7a055c,meow1,AMD Ryzen 9 9950X 16-Core Processor,c++ (Ubuntu 15.2.0-4ubuntu4) 15.2.0,CMAKE_CXX_FLAGS:STRING= CMAKE_CXX_FLAGS_RELEASE:STRING=-O3 -DNDEBUG,wikimedia_wikipedia_mxbai,/home/yunchih/code/simsearch/python/out/local_query_embeddings_1024.parquet,/home/yunchih/code/simsearch/python/query_embeddings/combined.jsonl,313,1024,100,10,two_step_mf_RF10,261,0,0.003246,0.000651,0.003417,0.087475,0.001422,0.097152,0.25111553767168043,0.19047619047619047,313
0bbeb0653a569e5394ac94a502549b079f7a055c,meow1,AMD Ryzen 9 9950X 16-Core Processor,c++ (Ubuntu 15.2.0-4ubuntu4) 15.2.0,CMAKE_CXX_FLAGS:STRING= CMAKE_CXX_FLAGS_RELEASE:STRING=-O3 -DNDEBUG,wikimedia_wikipedia_mxbai,/home/yunchih/code/simsearch/python/out/local_query_embeddings_1024.parquet,/home/yunchih/code/simsearch/python/query_embeddings/combined.jsonl,313,1024,100,50,two_step_mf_RF50,261,0,0.001062,0.000641,0.003416,0.086823,0.001382,0.094187,0.25111553767168043,0.19047619047619047,313
0bbeb0653a569e5394ac94a502549b079f7a055c,meow1,AMD Ryzen 9 9950X 16-Core Processor,c++ (Ubuntu 15.2.0-4ubuntu4) 15.2.0,CMAKE_CXX_FLAGS:STRING= CMAKE_CXX_FLAGS_RELEASE:STRING=-O3 -DNDEBUG,wikimedia_wikipedia_mxbai,/home/yunchih/code/simsearch/python/out/local_query_embeddings_1024.parquet,/home/yunchih/code/simsearch/python/query_embeddings/combined.jsonl,313,1024,100,0,float32_avx2,262,0,0.0,0.0,0.0,0.0,0.0,0.012,1.0000000000000004,1.0,100
0bbeb0653a569e5394ac94a502549b079f7a055c,meow1,AMD Ryzen 9 9950X 16-Core Processor,c++ (Ubuntu 15.2.0-4ubuntu4) 15.2.0,CMAKE_CXX_FLAGS:STRING= CMAKE_CXX_FLAGS_RELEASE:STRING=-O3 -DNDEBUG,wikimedia_wikipedia_mxbai,/home/yunchih/code/simsearch/python/out/local_query_embeddings_1024.parquet,/home/yunchih/code/simsearch/python/query_embeddings/combined.jsonl,313,1024,100,0,binary,262,0,0.003577,0.000621,0.001032,0.0,0.0,0.005971,1.0000000000000004,1.0,100
0bbeb0653a569e5394ac94a502549b079f7a055c,meow1,AMD Ryzen 9 9950X 16-Core Processor,c++ (Ubuntu 15.2.0-4ubuntu4) 15.2.0,CMAKE_CXX_FLAGS:STRING= CMAKE_CXX_FLAGS_RELEASE:STRING=-O3 -DNDEBUG,wikimedia_wikipedia_mxbai,/home/yunchih/code/simsearch/python/out/local_query_embeddings_1024.parquet,/home/yunchih/code/simsearch/python/query_embeddings/combined.jsonl,313,1024,100,10,two_step_RF10,262,0,0.003507,0.000611,0.003407,0.013225,0.001453,0.023204,0.25111553767168043,0.19047619047619047,313
0bbeb0653a569e5394ac94a502549b079f7a055c,meow1,AMD Ryzen 9 9950X 16-Core Processor,c++ (Ubuntu 15.2.0-4ubuntu4) 15.2.0,CMAKE_CXX_FLAGS:STRING= CMAKE_CXX_FLAGS_RELEASE:STRING=-O3 -DNDEBUG,wikimedia_wikipedia_mxbai,/home/yunchih/code/simsearch/python/out/local_query_embeddings_1024.parquet,/home/yunchih/code/simsearch/python/query_embeddings/combined.jsonl,313,1024,100,50,two_step_RF50,262,0,0.001132,0.000661,0.003407,0.011442,0.001483,0.019136,0.25111553767168043,0.19047619047619047,313
0bbeb0653a569e5394ac94a502549b079f7a055c,meow1,AMD Ryzen 9 9950X 16-Core Processor,c++ (Ubuntu 15.2.0-4ubuntu4) 15.2.0,CMAKE_CXX_FLAGS:STRING= CMAKE_CXX_FLAGS_RELEASE:STRING=-O3 -DNDEBUG,wikimedia_wikipedia_mxbai,/home/yunchih/code/simsearch/python/out/local_query_embeddings_1024.parquet,/home/yunchih/code/simsearch/python/query_embeddings/combined.jsonl,313,1024,100,10,two_step_mf_RF10,262,0,0.003276,0.000661,0.003407,0.087324,0.001373,0.096942,0.25111553767168043,0.19047619047619047,313
0bbeb0653a569e5394ac94a502549b079f7a055c,meow1,AMD Ryzen 9 9950X 16-Core Processor,c++ (Ubuntu 15.2.0-4ubuntu4) 15.2.0,CMAKE_CXX_FLAGS:STRING= CMAKE_CXX_FLAGS_RELEASE:STRING=-O3 -DNDEBUG,wikimedia_wikipedia_mxbai,/home/yunchih/code/simsearch/python/out/local_query_embeddings_1024.parquet,/home/yunchih/code/simsearch/python/query_embeddings/combined.jsonl,313,1024,100,50,two_step_mf_RF50,262,0,0.001122,0.000631,0.003376,0.086673,0.001382,0.094036,0.25111553767168043,0.19047619047619047,313
0bbeb0653a569e5394ac94a502549b079f7a055c,meow1,AMD Ryzen 9 9950X 16-Core Processor,c++ (Ubuntu 15.2.0-4ubuntu4) 15.2.0,CMAKE_CXX_FLAGS:STRING= CMAKE_CXX_FLAGS_RELEASE:STRING=-O3 -DNDEBUG,wikimedia_wikipedia_mxbai,/home/yunchih/code/simsearch/python/out/local_query_embeddings_1024.parquet,/home/yunchih/code/simsearch/python/query_embeddings/combined.jsonl,313,1024,100,0,float32_avx2,263,0,0.0,0.0,0.0,0.0,0.0,0.012,1.0000000000000004,1.0,100
0bbeb0653a569e5394ac94a502549b079f7a055c,meow1,AMD Ryzen 9 9950X 16-Core Processor,c++ (Ubuntu 15.2.0-4ubuntu4) 15.2.0,CMAKE_CXX_FLAGS:STRING= CMAKE_CXX_FLAGS_RELEASE:STRING=-O3 -DNDEBUG,wikimedia_wikipedia_mxbai,/home/yunchih/code/simsearch/python/out/local_query_embeddings_1024.parquet,/home/yunchih/code/simsearch/python/query_embeddings/combined.jsonl,313,1024,100,0,binary,263,0,0.003467,0.000641,0.001012,0.0,0.0,0.005861,1.0000000000000004,1.0,100
0bbeb0653a569e5394ac94a502549b079f7a055c,meow1,AMD Ryzen 9 9950X 16-Core Processor,c++ (Ubuntu 15.2.0-4ubuntu4) 15.2.0,CMAKE_CXX_FLAGS:STRING= CMAKE_CXX_FLAGS_RELEASE:STRING=-O3 -DNDEBUG,wikimedia_wikipedia_mxbai,/home/yunchih/code/simsearch/python/out/local_query_embeddings_1024.parquet,/home/yunchih/code/simsearch/python/query_embeddings/combined.jsonl,313,1024,100,10,two_step_RF10,263,0,0.003246,0.000621,0.003366,0.011421,0.001433,0.02109,0.25111553767168043,0.19047619047619047,313
0bbeb0653a569e5394ac94a502549b079f7a055c,meow1,AMD Ryzen 9 9950X 16-Core Processor,c++ (Ubuntu 15.2.0-4ubuntu4) 15.2.0,CMAKE_CXX_FLAGS:STRING= CMAKE_CXX_FLAGS_RELEASE:STRING=-O3 -DNDEBUG,wikimedia_wikipedia_mxbai,/home/yunchih/code/simsearch/python/out/local_query_embeddings_1024.parquet,/home/yunchih/code/simsearch/python/query_embeddings/combined.jsonl,313,1024,100,50,two_step_RF50,263,0,0.000731,0.000671,0.003417,0.011472,0.001463,0.018796,0.25111553767168043,0.19047619047619047,313
0bbeb0653a569e5394ac94a502549b079f7a055c,meow1,AMD Ryzen 9 9950X 16-Core Processor,c++ (Ubuntu 15.2.0-4ubuntu4) 15.2.0,CMAKE_CXX_FLAGS:STRING= CMAKE_CXX_FLAGS_RELEASE:STRING=-O3 -DNDEBUG,wikimedia_wikipedia_mxbai,/home/yunchih/code/simsearch/python/out/local_query_embeddings_1024.parquet,/home/yunchih/code/simsearch/python/query_embeddings/combined.jsonl,313,1024,100,10,two_step_mf_RF10,263,0,0.003326,0.000661,0.003367,0.087324,0.001383,0.097032,0.25111553767168043,0.19047619047619047,313
0bbeb0653a569e5394ac94a502549b079f7a055c,meow1,AMD Ryzen 9 9950X 16-Core Processor,c++ (Ubuntu 15.2.0-4ubuntu4) 15.2.0,CMAKE_CXX_FLAGS:STRING= CMAKE_CXX_FLAGS_RELEASE:STRING=-O3 -DNDEBUG,wikimedia_wikipedia_mxbai,/home/yunchih/code/simsearch/python/out/local_query_embeddings_1024.parquet,/home/yunchih/code/simsearch/python/query_embeddings/combined.jsonl,313,1024,100,50,two_step_mf_RF50,263,0,0.001212,0.000621,0.003387,0.086663,0.001433,0.094207,0.25111553767168043,0.19047619047619047,313
0bbeb0653a569e5394ac94a502549b079f7a055c,meow1,AMD Ryzen 9 9950X 16-Core Processor,c++ (Ubuntu 15.2.0-4ubuntu4) 15.2.0,CMAKE_CXX_FLAGS:STRING= CMAKE_CXX_FLAGS_RELEASE:STRING=-O3 -DNDEBUG,wikimedia_wikipedia_mxbai,/home/yunchih/code/simsearch/python/out/local_query_embeddings_1024.parquet,/home/yunchih/code/simsearch/python/query_embeddings/combined.jsonl,313,1024,100,0,float32_avx2,264,0,0.0,0.0,0.0,0.0,0.0,0.012,1.0000000000000004,1.0,100
0bbeb0653a569e5394ac94a502549b079f7a055c,meow1,AMD Ryzen 9 9950X 16-Core Processor,c++ (Ubuntu 15.2.0-4ubuntu4) 15.2.0,CMAKE_CXX_FLAGS:STRING= CMAKE_CXX_FLAGS_RELEASE:STRING=-O3 -DNDEBUG,wikimedia_wikipedia_mxbai,/home/yunchih/code/simsearch/python/out/local_query_embeddings_1024.parquet,/home/yunchih/code/simsearch/python/query_embeddings/combined.jsonl,313,1024,100,0,binary,264,0,0.003637,0.000641,0.001042,0.0,0.0,0.006001,1.0000000000000004,1.0,100
0bbeb0653a569e5394ac94a502549b079f7a055c,meow1,AMD Ryzen 9 9950X 16-Core Processor,c++ (Ubuntu 15.2.0-4ubuntu4) 15.2.0,CMAKE_CXX_FLAGS:STRING= CMAKE_CXX_FLAGS_RELEASE:STRING=-O3 -DNDEBUG,wikimedia_wikipedia_mxbai,/home/yunchih/code/simsearch/python/out/local_query_embeddings_1024.parquet,/home/yunchih/code/simsearch/python/query_embeddings/combined.jsonl,313,1024,100,10,two_step_RF10,264,0,0.003186,0.000621,0.003406,0.011592,0.001452,0.02126,0.25111553767168043,0.19047619047619047,313
0bbeb0653a569e5394ac94a502549b079f7a055c,meow1,AMD Ryzen 9 9950X 16-Core Processor,c++ (Ubuntu 15.2.0-4ubuntu4) 15.2.0,CMAKE_CXX_FLAGS:STRING= CMAKE_CXX_FLAGS_RELEASE:STRING=-O3 -DNDEBUG,wikimedia_wikipedia_mxbai,/home/yunchih/code/simsearch/python/out/local_query_embeddings_1024.parquet,/home/yunchih/code/simsearch/python/query_embeddings/combined.jsonl,313,1024,100,50,two_step_RF50,264,0,0.000861,0.000642,0.003426,0.011451,0.001413,0.018815,0.25111553767168043,0.19047619047619047,313
0bbeb0653a569e5394ac94a502549b079f7a055c,meow1,AMD Ryzen 9 9950X 16-Core Processor,c++ (Ubuntu 15.2.0-4ubuntu4) 15.2.0,CMAKE_CXX_FLAGS:STRING= CMAKE_CXX_FLAGS_RELEASE:STRING=-O3 -DNDEBUG,wikimedia_wikipedia_mxbai,/home/yunchih/code/simsearch/python/out/local_query_embeddings_1024.parquet,/home/yunchih/code/simsearch/python/query_embeddings/combined.jsonl,313,1024,100,10,two_step_mf_RF10,264,0,0.003236,0.000651,0.003406,0.087544,0.001453,0.097252,0.25111553767168043,0.19047619047619047,313
0bbeb0653a569e5394ac94a502549b079f7a055c,meow1,AMD Ryzen 9 9950X 16-Core Processor,c++ (Ubuntu 15.2.0-4ubuntu4) 15.2.0,CMAKE_CXX_FLAGS:STRING= CMAKE_CXX_FLAGS_RELEASE:STRING=-O3 -DNDEBUG,wikimedia_wikipedia_mxbai,/home/yunchih/code/simsearch/python/out/local_query_embeddings_1024.parquet,/home/yunchih/code/simsearch/python/query_embeddings/combined.jsonl,313,1024,100,50,two_step_mf_RF50,264,0,0.001062,0.000641,0.003416,0.086873,0.001373,0.094217,0.25111553767168043,0.19047619047619047,313
0bbeb0653a569e5394ac94a502549b079f7a055c,meow1,AMD Ryzen 9 9950X 16-Core Processor,c++ (Ubuntu 15.2.0-4ubuntu4) 15.2.0,CMAKE_CXX_FLAGS:STRING= CMAKE_CXX_FLAGS_RELEASE:STRING=-O3 -DNDEBUG,wikimedia_wikipedia_mxbai,/home/yunchih/code/simsearch/python/out/local_query_embeddings_1024.parquet,/home/yunchih/code/simsearch/python/query_embeddings/combined.jsonl,313,1024,100,0,float32_avx2,265,0,0.0,0.0,0.0,0.0,0.0,0.011,1.0000000000000004,1.0,100
0bbeb0653a569e5394ac94a502549b079f7a055c,meow1,AMD Ryzen 9 9950X 16-Core Processor,c++ (Ubuntu 15.2.0-4ubuntu4) 15.2.0,CMAKE_CXX_FLAGS:STRING= CMAKE_CXX_FLAGS_RELEASE:STRING=-O3 -DNDEBUG,wikimedia_wikipedia_mxbai,/home/yunchih/code/simsearch/python/out/local_query_embeddings_1024.parquet,/home/yunchih/code/simsearch/python/query_embeddings/combined.jsonl,313,1024,100,0,binary,265,0,0.003417,0.000651,0.001052,0.0,0.0,0.005841,1.0000000000000004,1.0,100
0bbeb0653a569e5394ac94a502549b079f7a055c,meow1,AMD Ryzen 9 9950X 16-Core Processor,c++ (Ubuntu 15.2.0-4ubuntu4) 15.2.0,CMAKE_CXX_FLAGS:STRING= CMAKE_CXX_FLAGS_RELEASE:STRING=-O3 -DNDEBUG,wikimedia_wikipedia_mxbai,/home/yunchih/code/simsearch/python/out/local_query_embeddings_1024.parquet,/home/yunchih/code/simsearch/python/query_embeddings/combined.jsonl,313,1024,100,10,two_step_RF10,265,0,0.003246,0.000611,0.003377,0.011652,0.001453,0.02133,0.25111553767168043,0.19047619047619047,313
0bbeb0653a569e5394ac94a502549b079f7a055c,meow1,AMD Ryzen 9 9950X 16-Core Processor,c++ (Ubuntu 15.2.0-4ubuntu4) 15.2.0,CMAKE_CXX_FLAGS:STRING= CMAKE_CXX_FLAGS_RELEASE:STRING=-O3 -DNDEBUG,wikimedia_wikipedia_mxbai,/home/yunchih/code/simsearch/python/out/local_query_embeddings_1024.parquet,/home/yunchih/code/simsearch/python/query_embeddings/combined.jsonl,313,1024,100,50,two_step_RF50,265,0,0.000782,0.000651,0.003407,0.011332,0.001452,0.018725,0.25111553767168043,0.19047619047619047,313
0bbeb0653a569e5394ac94a502549b079f7a055c,meow1,AMD Ryzen 9 9950X 16-Core Processor,c++ (Ubuntu 15.2.0-4ubuntu4) 15.2.0,CMAKE_CXX_FLAGS:STRING= CMAKE_CXX_FLAGS_RELEASE:STRING=-O3 -DNDEBUG,wikimedia_wikipedia_mxbai,/home/yunchih/code/simsearch/python/out/local_query_embeddings_1024.parquet,/home/yunchih/code/simsearch/python/query_embeddings/combined.jsonl,313,1024,100,10,two_step_mf_RF10,265,0,0.003266,0.000661,0.003427,0.089578,0.001373,0.099286,0.25111553767168043,0.19047619047619047,313
0bbeb0653a569e5394ac94a502549b079f7a055c,meow1,AMD Ryzen 9 9950X 16-Core Processor,c++ (Ubuntu 15.2.0-4ubuntu4) 15.2.0,CMAKE_CXX_FLAGS:STRING= CMAKE_CXX_FLAGS_RELEASE:STRING=-O3 -DNDEBUG,wikimedia_wikipedia_mxbai,/home/yunchih/code/simsearch/python/out/local_query_embeddings_1024.parquet,/home/yunchih/code/simsearch/python/query_embeddings/combined.jsonl,313,1024,100,50,two_step_mf_RF50,265,0,0.001133,0.000641,0.003386,0.086692,0.001393,0.094147,0.25111553767168043,0.19047619047619047,313
0bbeb0653a569e5394ac94a502549b079f7a055c,meow1,AMD Ryzen 9 9950X 16-Core Processor,c++ (Ubuntu 15.2.0-4ubuntu4) 15.2.0,CMAKE_CXX_FLAGS:STRING= CMAKE_CXX_FLAGS_RELEASE:STRING=-O3 -DNDEBUG,wikimedia_wikipedia_mxbai,/home/yunchih/code/simsearch/python/out/local_query_embeddings_1024.parquet,/home/yunchih/code/simsearch/python/query_embeddings/combined.jsonl,313,1024,100,0,float32_avx2,266,0,0.0,0.0,0.0,0.0,0.0,0.012,1.0000000000000004,1.0,100
0bbeb0653a569e5394ac94a502549b079f7a055c,meow1,AMD Ryzen 9 9950X 16-Core Processor,c++ (Ubuntu 15.2.0-4ubuntu4) 15.2.0,CMAKE_CXX_FLAGS:STRING= CMAKE_CXX_FLAGS_RELEASE:STRING=-O3 -DNDEBUG,wikimedia_wikipedia_mxbai,/home/yunchih/code/simsearch/python/out/local_query_embeddings_1024.parquet,/home/yunchih/code/simsearch/python/query_embeddings/combined.jsonl,313,1024,100,0,binary,266,0,0.003357,0.000641,0.001042,0.0,0.0,0.005781,1.0000000000000004,1.0,100
0bbeb0653a569e5394ac94a502549b079f7a055c,meow1,AMD Ryzen 9 9950X 16-Core Processor,c++ (Ubuntu 15.2.0-4ubuntu4) 15.2.0,CMAKE_CXX_FLAGS:STRING= CMAKE_CXX_FLAGS_RELEASE:STRING=-O3 -DNDEBUG,wikimedia_wikipedia_mxbai,/home/yunchih/code/simsearch/python/out/local_query_embeddings_1024.parquet,/home/yunchih/code/simsearch/python/query_embeddings/combined.jsonl,313,1024,100,10,two_step_RF10,266,0,0.003206,0.000641,0.003387,0.011532,0.001423,0.02116,0.25111553767168043,0.19047619047619047,313
0bbeb0653a569e5394ac94a502549b079f7a055c,meow1,AMD Ryzen 9 9950X 16-Core Processor,c++ (Ubuntu 15.2.0-4ubuntu4) 15.2.0,CMAKE_CXX_FLAGS:STRING= CMAKE_CXX_FLAGS_RELEASE:STRING=-O3 -DNDEBUG,wikimedia_wikipedia_mxbai,/home/yunchih/code/simsearch/python/out/local_query_embeddings_1024.parquet,/home/yunchih/code/simsearch/python/query_embeddings/combined.jsonl,313,1024,100,50,two_step_RF50,266,0,0.000912,0.000661,0.003397,0.011372,0.001493,0.018836,0.25111553767168043,0.19047619047619047,313
0bbeb0653a569e5394ac94a502549b079f7a055c,meow1,AMD Ryzen 9 9950X 16-Core Processor,c++ (Ubuntu 15.2.0-4ubuntu4) 15.2.0,CMAKE_CXX_FLAGS:STRING= CMAKE_CXX_FLAGS_RELEASE:STRING=-O3 -DNDEBUG,wikimedia_wikipedia_mxbai,/home/yunchih/code/simsearch/python/out/local_query_embeddings_1024.parquet,/home/yunchih/code/simsearch/python/query_embeddings/combined.jsonl,313,1024,100,10,two_step_mf_RF10,266,0,0.003216,0.000661,0.003377,0.087364,0.001373,0.096932,0.25111553767168043,0.19047619047619047,313
0bbeb0653a569e5394ac94a502549b079f7a055c,meow1,AMD Ryzen 9 9950X 16-Core Processor,c++ (Ubuntu 15.2.0-4ubuntu4) 15.2.0,CMAKE_CXX_FLAGS:STRING= CMAKE_CXX_FLAGS_RELEASE:STRING=-O3 -DNDEBUG,wikimedia_wikipedia_mxbai,/home/yunchih/code/simsearch/python/out/local_query_embeddings_1024.parquet,/home/yunchih/code/simsearch/python/query_embeddings/combined.jsonl,313,1024,100,50,two_step_mf_RF50,266,0,0.001142,0.000621,0.003406,0.086653,0.001362,0.094066,0.25111553767168043,0.19047619047619047,313
0bbeb0653a569e5394ac94a502549b079f7a055c,meow1,AMD Ryzen 9 9950X 16-Core Processor,c++ (Ubuntu 15.2.0-4ubuntu4) 15.2.0,CMAKE_CXX_FLAGS:STRING= CMAKE_CXX_FLAGS_RELEASE:STRING=-O3 -DNDEBUG,wikimedia_wikipedia_mxbai,/home/yunchih/code/simsearch/python/out/local_query_embeddings_1024.parquet,/home/yunchih/code/simsearch/python/query_embeddings/combined.jsonl,313,1024,100,0,float32_avx2,267,0,0.0,0.0,0.0,0.0,0.0,0.012,1.0000000000000004,1.0,100
0bbeb0653a569e5394ac94a502549b079f7a055c,meow1,AMD Ryzen 9 9950X 16-Core Processor,c++ (Ubuntu 15.2.0-4ubuntu4) 15.2.0,CMAKE_CXX_FLAGS:STRING= CMAKE_CXX_FLAGS_RELEASE:STRING=-O3 -DNDEBUG,wikimedia_wikipedia_mxbai,/home/yunchih/code/simsearch/python/out/local_query_embeddings_1024.parquet,/home/yunchih/code/simsearch/python/query_embeddings/combined.jsonl,313,1024,100,0,binary,267,0,0.003407,0.000651,0.001052,0.0,0.0,0.005861,1.0000000000000004,1.0,100
0bbeb0653a569e5394ac94a502549b079f7a055c,meow1,AMD Ryzen 9 9950X 16-Core Processor,c++ (Ubuntu 15.2.0-4ubuntu4) 15.2.0,CMAKE_CXX_FLAGS:STRING= CMAKE_CXX_FLAGS_RELEASE:STRING=-O3 -DNDEBUG,wikimedia_wikipedia_mxbai,/home/yunchih/code/simsearch/python/out/local_query_embeddings_1024.parquet,/home/yunchih/code/simsearch/python/query_embeddings/combined.jsonl,313,1024,100,10,two_step_RF10,267,0,0.003206,0.000602,0.003376,0.011531,0.001463,0.02116,0.25111553767168043,0.19047619047619047,313
0bbeb0653a569e5394ac94a502549b079f7a055c,meow1,AMD Ryzen 9 9950X 16-Core Processor,c++ (Ubuntu 15.2.0-4ubuntu4) 15.2.0,CMAKE_CXX_FLAGS:STRING= CMAKE_CXX_FLAGS_RELEASE:STRING=-O3 -DNDEBUG,wikimedia_wikipedia_mxbai,/home/yunchih/code/simsearch/python/out/local_query_embeddings_1024.parquet,/home/yunchih/code/simsearch/python/query_embeddings/combined.jsonl,313,1024,100,50,two_step_RF50,267,0,0.000902,0.000671,0.003396,0.011492,0.001432,0.018935,0.25111553767168043,0.19047619047619047,313
0bbeb0653a569e5394ac94a502549b079f7a055c,meow1,AMD Ryzen 9 9950X 16-Core Processor,c++ (Ubuntu 15.2.0-4ubuntu4) 15.2.0,CMAKE_CXX_FLAGS:STRING= CMAKE_CXX_FLAGS_RELEASE:STRING=-O3 -DNDEBUG,wikimedia_wikipedia_mxbai,/home/yunchih/code/simsearch/python/out/local_query_embeddings_1024.parquet,/home/yunchih/code/simsearch/python/query_embeddings/combined.jsonl,313,1024,100,10,two_step_mf_RF10,267,0,0.003196,0.000642,0.003396,0.087595,0.001403,0.097203,0.25111553767168043,0.19047619047619047,313
0bbeb0653a569e5394ac94a502549b079f7a055c,meow1,AMD Ryzen 9 9950X 16-Core Processor,c++ (Ubuntu 15.2.0-4ubuntu4) 15.2.0,CMAKE_CXX_FLAGS:STRING= CMAKE_CXX_FLAGS_RELEASE:STRING=-O3 -DNDEBUG,wikimedia_wikipedia_mxbai,/home/yunchih/code/simsearch/python/out/local_query_embeddings_1024.parquet,/home/yunchih/code/simsearch/python/query_embeddings/combined.jsonl,313,1024,100,50,two_step_mf_RF50,267,0,0.001032,0.000621,0.003396,0.086853,0.001382,0.094187,0.25111553767168043,0.19047619047619047,313
0bbeb0653a569e5394ac94a502549b079f7a055c,meow1,AMD Ryzen 9 9950X 16-Core Processor,c++ (Ubuntu 15.2.0-4ubuntu4) 15.2.0,CMAKE_CXX_FLAGS:STRING= CMAKE_CXX_FLAGS_RELEASE:STRING=-O3 -DNDEBUG,wikimedia_wikipedia_mxbai,/home/yunchih/code/simsearch/python/out/local_query_embeddings_1024.parquet,/home/yunchih/code/simsearch/python/query_embeddings/combined.jsonl,313,1024,100,0,float32_avx2,268,0,0.0,0.0,0.0,0.0,0.0,0.011,1.0000000000000004,1.0,100
0bbeb0653a569e5394ac94a502549b079f7a055c,meow1,AMD Ryzen 9 9950X 16-Core Processor,c++ (Ubuntu 15.2.0-4ubuntu4) 15.2.0,CMAKE_CXX_FLAGS:STRING= CMAKE_CXX_FLAGS_RELEASE:STRING=-O3 -DNDEBUG,wikimedia_wikipedia_mxbai,/home/yunchih/code/simsearch/python/out/local_query_embeddings_1024.parquet,/home/yunchih/code/simsearch/python/query_embeddings/combined.jsonl,313,1024,100,0,binary,268,0,0.003387,0.000651,0.001062,0.0,0.0,0.005791,1.0000000000000004,1.0,100
0bbeb0653a569e5394ac94a502549b079f7a055c,meow1,AMD Ryzen 9 9950X 16-Core Processor,c++ (Ubuntu 15.2.0-4ubuntu4) 15.2.0,CMAKE_CXX_FLAGS:STRING= CMAKE_CXX_FLAGS_RELEASE:STRING=-O3 -DNDEBUG,wikimedia_wikipedia_mxbai,/home/yunchih/code/simsearch/python/out/local_query_embeddings_1024.parquet,/home/yunchih/code/simsearch/python/query_embeddings/combined.jsonl,313,1024,100,10,two_step_RF10,268,0,0.003186,0.000621,0.003356,0.011552,0.001402,0.021109,0.25111553767168043,0.19047619047619047,313
0bbeb0653a569e5394ac94a502549b079f7a055c,meow1,AMD Ryzen 9 9950X 16-Core Processor,c++ (Ubuntu 15.2.0-4ubuntu4) 15.2.0,CMAKE_CXX_FLAGS:STRING= CMAKE_CXX_FLAGS_RELEASE:STRING=-O3 -DNDEBUG,wikimedia_wikipedia_mxbai,/home/yunchih/code/simsearch/python/out/local_query_embeddings_1024.parquet,/home/yunchih/code/simsearch/python/query_embeddings/combined.jsonl,313,1024,100,50,two_step_RF50,268,0,0.000782,0.000661,0.003397,0.011462,0.001443,0.018776,0.25111553767168043,0.19047619047619047,313
0bbeb0653a569e5394ac94a502549b079f7a055c,meow1,AMD Ryzen 9 9950X 16-Core Processor,c++ (Ubuntu 15.2.0-4ubuntu4) 15.2.0,CMAKE_CXX_FLAGS:STRING= CMAKE_CXX_FLAGS_RELEASE:STRING=-O3 -DNDEBUG,wikimedia_wikipedia_mxbai,/home/yunchih/code/simsearch/python/out/local_query_embeddings_1024.parquet,/home/yunchih/code/simsearch/python/query_embeddings/combined.jsonl,313,1024,100,10,two_step_mf_RF10,268,0,0.003247,0.000651,0.003346,0.087525,0.001373,0.097043,0.25111553767168043,0.19047619047619047,313
0bbeb0653a569e5394ac94a502549b079f7a055c,meow1,AMD Ryzen 9 9950X 16-Core Processor,c++ (Ubuntu 15.2.0-4ubuntu4) 15.2.0,CMAKE_CXX_FLAGS:STRING= CMAKE_CXX_FLAGS_RELEASE:STRING=-O3 -DNDEBUG,wikimedia_wikipedia_mxbai,/home/yunchih/code/simsearch/python/out/local_query_embeddings_1024.parquet,/home/yunchih/code/simsearch/python/query_embeddings/combined.jsonl,313,1024,100,50,two_step_mf_RF50,268,0,0.001152,0.000631,0.003396,0.089128,0.001393,0.096552,0.25111553767168043,0.19047619047619047,313
0bbeb0653a569e5394ac94a502549b079f7a055c,meow1,AMD Ryzen 9 9950X 16-Core Processor,c++ (Ubuntu 15.2.0-4ubuntu4) 15.2.0,CMAKE_CXX_FLAGS:STRING= CMAKE_CXX_FLAGS_RELEASE:STRING=-O3 -DNDEBUG,wikimedia_wikipedia_mxbai,/home/yunchih/code/simsearch/python/out/local_query_embeddings_1024.parquet,/home/yunchih/code/simsearch/python/query_embeddings/combined.jsonl,313,1024,100,0,float32_avx2,269,0,0.0,0.0,0.0,0.0,0.0,0.012,1.0000000000000004,1.0,100
0bbeb0653a569e5394ac94a502549b079f7a055c,meow1,AMD Ryzen 9 9950X 16-Core Processor,c++ (Ubuntu 15.2.0-4ubuntu4) 15.2.0,CMAKE_CXX_FLAGS:STRING= CMAKE_CXX_FLAGS_RELEASE:STRING=-O3 -DNDEBUG,wikimedia_wikipedia_mxbai,/home/yunchih/code/simsearch/python/out/local_query_embeddings_1024.parquet,/home/yunchih/code/simsearch/python/query_embeddings/combined.jsonl,313,1024,100,0,binary,269,0,0.003536,0.000641,0.001042,0.0,0.0,0.005971,1.0000000000000004,1.0,100
0bbeb0653a569e5394ac94a502549b079f7a055c,meow1,AMD Ryzen 9 9950X 16-Core Processor,c++ (Ubuntu 15.2.0-4ubuntu4) 15.2.0,CMAKE_CXX_FLAGS:STRING= CMAKE_CXX_FLAGS_RELEASE:STRING=-O3 -DNDEBUG,wikimedia_wikipedia_mxbai,/home/yunchih/code/simsearch/python/out/local_query_embeddings_1024.parquet,/home/yunchih/code/simsearch/python/query_embeddings/combined.jsonl,313,1024,100,10,two_step_RF10,269,0,0.003286,0.000611,0.003386,0.011591,0.001353,0.02124,0.25111553767168043,0.19047619047619047,313
0bbeb0653a569e5394ac94a502549b079f7a055c,meow1,AMD Ryzen 9 9950X 16-Core Processor,c++ (Ubuntu 15.2.0-4ubuntu4) 15.2.0,CMAKE_CXX_FLAGS:STRING= CMAKE_CXX_FLAGS_RELEASE:STRING=-O3 -DNDEBUG,wikimedia_wikipedia_mxbai,/home/yunchih/code/simsearch/python/out/local_query_embeddings_1024.parquet,/home/yunchih/code/simsearch/python/query_embeddings/combined.jsonl,313,1024,100,50,two_step_RF50,269,0,0.001012,0.000691,0.003417,0.011412,0.001432,0.019005,0.25111553767168043,0.19047619047619047,313
0bbeb0653a569e5394ac94a502549b079f7a055c,meow1,AMD Ryzen 9 9950X 16-Core Processor,c++ (Ubuntu 15.2.0-4ubuntu4) 15.2.0,CMAKE_CXX_FLAGS:STRING= CMAKE_CXX_FLAGS_RELEASE:STRING=-O3 -DNDEBUG,wikimedia_wikipedia_mxbai,/home/yunchih/code/simsearch/python/out/local_query_embeddings_1024.parquet,/home/yunchih/code/simsearch/python/query_embeddings/combined.jsonl,313,1024,100,10,two_step_mf_RF10,269,0,0.003316,0.000661,0.003386,0.087564,0.001443,0.097303,0.25111553767168043,0.19047619047619047,313
0bbeb0653a569e5394ac94a502549b079f7a055c,meow1,AMD Ryzen 9 9950X 16-Core Processor,c++ (Ubuntu 15.2.0-4ubuntu4) 15.2.0,CMAKE_CXX_FLAGS:STRING= CMAKE_CXX_FLAGS_RELEASE:STRING=-O3 -DNDEBUG,wikimedia_wikipedia_mxbai,/home/yunchih/code/simsearch/python/out/local_query_embeddings_1024.parquet,/home/yunchih/code/simsearch/python/query_embeddings/combined.jsonl,313,1024,100,50,two_step_mf_RF50,269,0,0.001142,0.000662,0.003396,0.086813,0.001393,0.094257,0.25111553767168043,0.19047619047619047,313
0bbeb0653a569e5394ac94a502549b079f7a055c,meow1,AMD Ryzen 9 9950X 16-Core Processor,c++ (Ubuntu 15.2.0-4ubuntu4) 15.2.0,CMAKE_CXX_FLAGS:STRING= CMAKE_CXX_FLAGS_RELEASE:STRING=-O3 -DNDEBUG,wikimedia_wikipedia_mxbai,/home/yunchih/code/simsearch/python/out/local_query_embeddings_1024.parquet,/home/yunchih/code/simsearch/python/query_embeddings/combined.jsonl,313,1024,100,0,float32_avx2,270,0,0.0,0.0,0.0,0.0,0.0,0.011,1.0000000000000004,1.0,100
0bbeb0653a569e5394ac94a502549b079f7a055c,meow1,AMD Ryzen 9 9950X 16-Core Processor,c++ (Ubuntu 15.2.0-4ubuntu4) 15.2.0,CMAKE_CXX_FLAGS:STRING= CMAKE_CXX_FLAGS_RELEASE:STRING=-O3 -DNDEBUG,wikimedia_wikipedia_mxbai,/home/yunchih/code/simsearch/python/out/local_query_embeddings_1024.parquet,/home/yunchih/code/simsearch/python/query_embeddings/combined.jsonl,313,1024,100,0,binary,270,0,0.003557,0.000631,0.001042,0.0,0.0,0.005931,1.0000000000000004,1.0,100
0bbeb0653a569e5394ac94a502549b079f7a055c,meow1,AMD Ryzen 9 9950X 16-Core Processor,c++ (Ubuntu 15.2.0-4ubuntu4) 15.2.0,CMAKE_CXX_FLAGS:STRING= CMAKE_CXX_FLAGS_RELEASE:STRING=-O3 -DNDEBUG,wikimedia_wikipedia_mxbai,/home/yunchih/code/simsearch/python/out/local_query_embeddings_1024.parquet,/home/yunchih/code/simsearch/python/query_embeddings/combined.jsonl,313,1024,100,10,two_step_RF10,270,0,0.003186,0.000601,0.003346,0.011591,0.001433,0.02113,0.25111553767168043,0.19047619047619047,313
0bbeb0653a569e5394ac94a502549b079f7a055c,meow1,AMD Ryzen 9 9950X 16-Core Processor,c++ (Ubuntu 15.2.0-4ubuntu4) 15.2.0,CMAKE_CXX_FLAGS:STRING= CMAKE_CXX_FLAGS_RELEASE:STRING=-O3 -DNDEBUG,wikimedia_wikipedia_mxbai,/home/yunchih/code/simsearch/python/out/local_query_embeddings_1024.parquet,/home/yunchih/code/simsearch/python/query_embeddings/combined.jsonl,313,1024,100,50,two_step_RF50,270,0,0.000891,0.000641,0.003396,0.011491,0.001463,0.018915,0.25111553767168043,0.19047619047619047,313
0bbeb0653a569e5394ac94a502549b079f7a055c,meow1,AMD Ryzen 9 9950X 16-Core Processor,c++ (Ubuntu 15.2.0-4ubuntu4) 15.2.0,CMAKE_CXX_FLAGS:STRING= CMAKE_CXX_FLAGS_RELEASE:STRING=-O3 -DNDEBUG,wikimedia_wikipedia_mxbai,/home/yunchih/code/simsearch/python/out/local_query_embeddings_1024.parquet,/home/yunchih/code/simsearch/python/query_embeddings/combined.jsonl,313,1024,100,10,two_step_mf_RF10,270,0,0.003006,0.000631,0.003357,0.087504,0.001393,0.096822,0.25111553767168043,0.19047619047619047,313
0bbeb0653a569e5394ac94a502549b079f7a055c,meow1,AMD Ryzen 9 9950X 16-Core Processor,c++ (Ubuntu 15.2.0-4ubuntu4) 15.2.0,CMAKE_CXX_FLAGS:STRING= CMAKE_CXX_FLAGS_RELEASE:STRING=-O3 -DNDEBUG,wikimedia_wikipedia_mxbai,/home/yunchih/code/simsearch/python/out/local_query_embeddings_1024.parquet,/home/yunchih/code/simsearch/python/query_embeddings/combined.jsonl,313,1024,100,50,two_step_mf_RF50,270,0,0.000942,0.000621,0.003416,0.086853,0.001362,0.094046,0.25111553767168043,0.19047619047619047,313
0bbeb0653a569e5394ac94a502549b079f7a055c,meow1,AMD Ryzen 9 9950X 16-Core Processor,c++ (Ubuntu 15.2.0-4ubuntu4) 15.2.0,CMAKE_CXX_FLAGS:STRING= CMAKE_CXX_FLAGS_RELEASE:STRING=-O3 -DNDEBUG,wikimedia_wikipedia_mxbai,/home/yunchih/code/simsearch/python/out/local_query_embeddings_1024.parquet,/home/yunchih/code/simsearch/python/query_embeddings/combined.jsonl,313,1024,100,0,float32_avx2,271,0,0.0,0.0,0.0,0.0,0.0,0.012,1.0000000000000004,1.0,100
0bbeb0653a569e5394ac94a502549b079f7a055c,meow1,AMD Ryzen 9 9950X 16-Core Processor,c++ (Ubuntu 15.2.0-4ubuntu4) 15.2.0,CMAKE_CXX_FLAGS:STRING= CMAKE_CXX_FLAGS_RELEASE:STRING=-O3 -DNDEBUG,wikimedia_wikipedia_mxbai,/home/yunchih/code/simsearch/python/out/local_query_embeddings_1024.parquet,/home/yunchih/code/simsearch/python/query_embeddings/combined.jsonl,313,1024,100,0,binary,271,0,0.003407,0.000661,0.001042,0.0,0.0,0.005831,1.0000000000000004,1.0,100
0bbeb0653a569e5394ac94a502549b079f7a055c,meow1,AMD Ryzen 9 9950X 16-Core Processor,c++ (Ubuntu 15.2.0-4ubuntu4) 15.2.0,CMAKE_CXX_FLAGS:STRING= CMAKE_CXX_FLAGS_RELEASE:STRING=-O3 -DNDEBUG,wikimedia_wikipedia_mxbai,/home/yunchih/code/simsearch/python/out/local_query_embeddings_1024.parquet,/home/yunchih/code/simsearch/python/query_embeddings/combined.jsonl,313,1024,100,10,two_step_RF10,271,0,0.003126,0.000611,0.003386,0.011572,0.001402,0.02112,0.25111553767168043,0.19047619047619047,313
0bbeb0653a569e5394ac94a502549b079f7a055c,meow1,AMD Ryzen 9 9950X 16-Core Processor,c++ (Ubuntu 15.2.0-4ubuntu4) 15.2.0,CMAKE_CXX_FLAGS:STRING= CMAKE_CXX_FLAGS_RELEASE:STRING=-O3 -DNDEBUG,wikimedia_wikipedia_mxbai,/home/yunchih/code/simsearch/python/out/local_query_embeddings_1024.parquet,/home/yunchih/code/simsearch/python/query_embeddings/combined.jsonl,313,1024,100,50,two_step_RF50,271,0,0.000771,0.000651,0.003417,0.011472,0.001463,0.018826,0.25111553767168043,0.19047619047619047,313
0bbeb0653a569e5394ac94a502549b079f7a055c,meow1,AMD Ryzen 9 9950X 16-Core Processor,c++ (Ubuntu 15.2.0-4ubuntu4) 15.2.0,CMAKE_CXX_FLAGS:STRING= CMAKE_CXX_FLAGS_RELEASE:STRING=-O3 -DNDEBUG,wikimedia_wikipedia_mxbai,/home/yunchih/code/simsearch/python/out/local_query_embeddings_1024.parquet,/home/yunchih/code/simsearch/python/query_embeddings/combined.jsonl,313,1024,100,10,two_step_mf_RF10,271,0,0.003246,0.000661,0.003397,0.087525,0.001412,0.097202,0.25111553767168043,0.19047619047619047,313
0bbeb0653a569e5394ac94a502549b079f7a055c,meow1,AMD Ryzen 9 9950X 16-Core Processor,c++ (Ubuntu 15.2.0-4ubuntu4) 15.2.0,CMAKE_CXX_FLAGS:STRING= CMAKE_CXX_FLAGS_RELEASE:STRING=-O3 -DNDEBUG,wikimedia_wikipedia_mxbai,/home/yunchih/code/simsearch/python/out/local_query_embeddings_1024.parquet,/home/yunchih/code/simsearch/python/query_embeddings/combined.jsonl,313,1024,100,50,two_step_mf_RF50,271,0,0.000972,0.000641,0.003407,0.086883,0.001373,0.094147,0.25111553767168043,0.19047619047619047,313
0bbeb0653a569e5394ac94a502549b079f7a055c,meow1,AMD Ryzen 9 9950X 16-Core Processor,c++ (Ubuntu 15.2.0-4ubuntu4) 15.2.0,CMAKE_CXX_FLAGS:STRING= CMAKE_CXX_FLAGS_RELEASE:STRING=-O3 -DNDEBUG,wikimedia_wikipedia_mxbai,/home/yunchih/code/simsearch/python/out/local_query_embeddings_1024.parquet,/home/yunchih/code/simsearch/python/query_embeddings/combined.jsonl,313,1024,100,0,float32_avx2,272,0,0.0,0.0,0.0,0.0,0.0,0.012,1.0000000000000004,1.0,100
0bbeb0653a569e5394ac94a502549b079f7a055c,meow1,AMD Ryzen 9 9950X 16-Core Processor,c++ (Ubuntu 15.2.0-4ubuntu4) 15.2.0,CMAKE_CXX_FLAGS:STRING= CMAKE_CXX_FLAGS_RELEASE:STRING=-O3 -DNDEBUG,wikimedia_wikipedia_mxbai,/home/yunchih/code/simsearch/python/out/local_query_embeddings_1024.parquet,/home/yunchih/code/simsearch/python/query_embeddings/combined.jsonl,313,1024,100,0,binary,272,0,0.003416,0.000651,0.001042,0.0,0.0,0.005821,1.0000000000000004,1.0,100
0bbeb0653a569e5394ac94a502549b079f7a055c,meow1,AMD Ryzen 9 9950X 16-Core Processor,c++ (Ubuntu 15.2.0-4ubuntu4) 15.2.0,CMAKE_CXX_FLAGS:STRING= CMAKE_CXX_FLAGS_RELEASE:STRING=-O3 -DNDEBUG,wikimedia_wikipedia_mxbai,/home/yunchih/code/simsearch/python/out/local_query_embeddings_1024.parquet,/home/yunchih/code/simsearch/python/query_embeddings/combined.jsonl,313,1024,100,10,two_step_RF10,272,0,0.003246,0.000631,0.003366,0.011552,0.001442,0.021219,0.25111553767168043,0.19047619047619047,313
0bbeb0653a569e5394ac94a502549b079f7a055c,meow1,AMD Ryzen 9 9950X 16-Core Processor,c++ (Ubuntu 15.2.0-4ubuntu4) 15.2.0,CMAKE_CXX_FLAGS:STRING= CMAKE_CXX_FLAGS_RELEASE:STRING=-O3 -DNDEBUG,wikimedia_wikipedia_mxbai,/home/yunchih/code/simsearch/python/out/local_query_embeddings_1024.parquet,/home/yunchih/code/simsearch/python/query_embeddings/combined.jsonl,313,1024,100,50,two_step_RF50,272,0,0.000871,0.000672,0.003406,0.011411,0.001493,0.018865,0.25111553767168043,0.19047619047619047,313
0bbeb0653a569e5394ac94a502549b079f7a055c,meow1,AMD Ryzen 9 9950X 16-Core Processor,c++ (Ubuntu 15.2.0-4ubuntu4) 15.2.0,CMAKE_CXX_FLAGS:STRING= CMAKE_CXX_FLAGS_RELEASE:STRING=-O3 -DNDEBUG,wikimedia_wikipedia_mxbai,/home/yunchih/code/simsearch/python/out/local_query_embeddings_1024.parquet,/home/yunchih/code/simsearch/python/query_embeddings/combined.jsonl,313,1024,100,10,two_step_mf_RF10,272,0,0.003236,0.000641,0.003396,0.087504,0.001403,0.097112,0.25111553767168043,0.19047619047619047,313
0bbeb0653a569e5394ac94a502549b079f7a055c,meow1,AMD Ryzen 9 9950X 16-Core Processor,c++ (Ubuntu 15.2.0-4ubuntu4) 15.2.0,CMAKE_CXX_FLAGS:STRING= CMAKE_CXX_FLAGS_RELEASE:STRING=-O3 -DNDEBUG,wikimedia_wikipedia_mxbai,/home/yunchih/code/simsearch/python/out/local_query_embeddings_1024.parquet,/home/yunchih/code/simsearch/python/query_embeddings/combined.jsonl,313,1024,100,50,two_step_mf_RF50,272,0,0.000992,0.000642,0.003356,0.086813,0.001383,0.094037,0.25111553767168043,0.19047619047619047,313
0bbeb0653a569e5394ac94a502549b079f7a055c,meow1,AMD Ryzen 9 9950X 16-Core Processor,c++ (Ubuntu 15.2.0-4ubuntu4) 15.2.0,CMAKE_CXX_FLAGS:STRING= CMAKE_CXX_FLAGS_RELEASE:STRING=-O3 -DNDEBUG,wikimedia_wikipedia_mxbai,/home/yunchih/code/simsearch/python/out/local_query_embeddings_1024.parquet,/home/yunchih/code/simsearch/python/query_embeddings/combined.jsonl,313,1024,100,0,float32_avx2,273,0,0.0,0.0,0.0,0.0,0.0,0.012,1.0000000000000004,1.0,100
0bbeb0653a569e5394ac94a502549b079f7a055c,meow1,AMD Ryzen 9 9950X 16-Core Processor,c++ (Ubuntu 15.2.0-4ubuntu4) 15.2.0,CMAKE_CXX_FLAGS:STRING= CMAKE_CXX_FLAGS_RELEASE:STRING=-O3 -DNDEBUG,wikimedia_wikipedia_mxbai,/home/yunchih/code/simsearch/python/out/local_query_embeddings_1024.parquet,/home/yunchih/code/simsearch/python/query_embeddings/combined.jsonl,313,1024,100,0,binary,273,0,0.003386,0.000631,0.001022,0.0,0.0,0.005791,1.0000000000000004,1.0,100
0bbeb0653a569e5394ac94a502549b079f7a055c,meow1,AMD Ryzen 9 9950X 16-Core Processor,c++ (Ubuntu 15.2.0-4ubuntu4) 15.2.0,CMAKE_CXX_FLAGS:STRING= CMAKE_CXX_FLAGS_RELEASE:STRING=-O3 -DNDEBUG,wikimedia_wikipedia_mxbai,/home/yunchih/code/simsearch/python/out/local_query_embeddings_1024.parquet,/home/yunchih/code/simsearch/python/query_embeddings/combined.jsonl,313,1024,100,10,two_step_RF10,273,0,0.003216,0.000622,0.003366,0.011582,0.001443,0.02118,0.25111553767168043,0.19047619047619047,313
0bbeb0653a569e5394ac94a502549b079f7a055c,meow1,AMD Ryzen 9 9950X 16-Core Processor,c++ (Ubuntu 15.2.0-4ubuntu4) 15.2.0,CMAKE_CXX_FLAGS:STRING= CMAKE_CXX_FLAGS_RELEASE:STRING=-O3 -DNDEBUG,wikimedia_wikipedia_mxbai,/home/yunchih/code/simsearch/python/out/local_query_embeddings_1024.parquet,/home/yunchih/code/simsearch/python/query_embeddings/combined.jsonl,313,1024,100,50,two_step_RF50,273,0,0.001052,0.000661,0.003436,0.011361,0.001453,0.019056,0.25111553767168043,0.19047619047619047,313
0bbeb0653a569e5394ac94a502549b079f7a055c,meow1,AMD Ryzen 9 9950X 16-Core Processor,c++ (Ubuntu 15.2.0-4ubuntu4) 15.2.0,CMAKE_CXX_FLAGS:STRING= CMAKE_CXX_FLAGS_RELEASE:STRING=-O3 -DNDEBUG,wikimedia_wikipedia_mxbai,/home/yunchih/code/simsearch/python/out/local_query_embeddings_1024.parquet,/home/yunchih/code/simsearch/python/query_embeddings/combined.jsonl,313,1024,100,10,two_step_mf_RF10,273,0,0.003106,0.000681,0.003377,0.087344,0.001403,0.096862,0.25111553767168043,0.19047619047619047,313
0bbeb0653a569e5394ac94a502549b079f7a055c,meow1,AMD Ryzen 9 9950X 16-Core Processor,c++ (Ubuntu 15.2.0-4ubuntu4) 15.2.0,CMAKE_CXX_FLAGS:STRING= CMAKE_CXX_FLAGS_RELEASE:STRING=-O3 -DNDEBUG,wikimedia_wikipedia_mxbai,/home/yunchih/code/simsearch/python/out/local_query_embeddings_1024.parquet,/home/yunchih/code/simsearch/python/query_embeddings/combined.jsonl,313,1024,100,50,two_step_mf_RF50,273,0,0.001012,0.000621,0.003416,0.086673,0.001412,0.094006,0.25111553767168043,0.19047619047619047,313
0bbeb0653a569e5394ac94a502549b079f7a055c,meow1,AMD Ryzen 9 9950X 16-Core Processor,c++ (Ubuntu 15.2.0-4ubuntu4) 15.2.0,CMAKE_CXX_FLAGS:STRING= CMAKE_CXX_FLAGS_RELEASE:STRING=-O3 -DNDEBUG,wikimedia_wikipedia_mxbai,/home/yunchih/code/simsearch/python/out/local_query_embeddings_1024.parquet,/home/yunchih/code/simsearch/python/query_embeddings/combined.jsonl,313,1024,100,0,float32_avx2,274,0,0.0,0.0,0.0,0.0,0.0,0.011,1.0000000000000004,1.0,100
0bbeb0653a569e5394ac94a502549b079f7a055c,meow1,AMD Ryzen 9 9950X 16-Core Processor,c++ (Ubuntu 15.2.0-4ubuntu4) 15.2.0,CMAKE_CXX_FLAGS:STRING= CMAKE_CXX_FLAGS_RELEASE:STRING=-O3 -DNDEBUG,wikimedia_wikipedia_mxbai,/home/yunchih/code/simsearch/python/out/local_query_embeddings_1024.parquet,/home/yunchih/code/simsearch/python/query_embeddings/combined.jsonl,313,1024,100,0,binary,274,0,0.003436,0.000651,0.001012,0.0,0.0,0.005811,1.0000000000000004,1.0,100
0bbeb0653a569e5394ac94a502549b079f7a055c,meow1,AMD Ryzen 9 9950X 16-Core Processor,c++ (Ubuntu 15.2.0-4ubuntu4) 15.2.0,CMAKE_CXX_FLAGS:STRING= CMAKE_CXX_FLAGS_RELEASE:STRING=-O3 -DNDEBUG,wikimedia_wikipedia_mxbai,/home/yunchih/code/simsearch/python/out/local_query_embeddings_1024.parquet,/home/yunchih/code/simsearch/python/query_embeddings/combined.jsonl,313,1024,100,10,two_step_RF10,274,0,0.003236,0.000621,0.003386,0.011502,0.001402,0.021109,0.25111553767168043,0.19047619047619047,313
0bbeb0653a569e5394ac94a502549b079f7a055c,meow1,AMD Ryzen 9 9950X 16-Core Processor,c++ (Ubuntu 15.2.0-4ubuntu4) 15.2.0,CMAKE_CXX_FLAGS:STRING= CMAKE_CXX_FLAGS_RELEASE:STRING=-O3 -DNDEBUG,wikimedia_wikipedia_mxbai,/home/yunchih/code/simsearch/python/out/local_query_embeddings_1024.parquet,/home/yunchih/code/simsearch/python/query_embeddings/combined.jsonl,313,1024,100,50,two_step_RF50,274,0,0.000992,0.000671,0.003396,0.011452,0.001402,0.018945,0.25111553767168043,0.19047619047619047,313
0bbeb0653a569e5394ac94a502549b079f7a055c,meow1,AMD Ryzen 9 9950X 16-Core Processor,c++ (Ubuntu 15.2.0-4ubuntu4) 15.2.0,CMAKE_CXX_FLAGS:STRING= CMAKE_CXX_FLAGS_RELEASE:STRING=-O3 -DNDEBUG,wikimedia_wikipedia_mxbai,/home/yunchih/code/simsearch/python/out/local_query_embeddings_1024.parquet,/home/yunchih/code/simsearch/python/query_embeddings/combined.jsonl,313,1024,100,10,two_step_mf_RF10,274,0,0.003286,0.000652,0.003376,0.087415,0.001432,0.097092,0.25111553767168043,0.19047619047619047,313
0bbeb0653a569e5394ac94a502549b079f7a055c,meow1,AMD Ryzen 9 9950X 16-Core Processor,c++ (Ubuntu 15.2.0-4ubuntu4) 15.2.0,CMAKE_CXX_FLAGS:STRING= CMAKE_CXX_FLAGS_RELEASE:STRING=-O3 -DNDEBUG,wikimedia_wikipedia_mxbai,/home/yunchih/code/simsearch/python/out/local_query_embeddings_1024.parquet,/home/yunchih/code/simsearch/python/query_embeddings/combined.jsonl,313,1024,100,50,two_step_mf_RF50,274,0,0.001213,0.000621,0.003376,0.086703,0.001383,0.094147,0.25111553767168043,0.19047619047619047,313
0bbeb0653a569e5394ac94a502549b079f7a055c,meow1,AMD Ryzen 9 9950X 16-Core Processor,c++ (Ubuntu 15.2.0-4ubuntu4) 15.2.0,CMAKE_CXX_FLAGS:STRING= CMAKE_CXX_FLAGS_RELEASE:STRING=-O3 -DNDEBUG,wikimedia_wikipedia_mxbai,/home/yunchih/code/simsearch/python/out/local_query_embeddings_1024.parquet,/home/yunchih/code/simsearch/python/query_embeddings/combined.jsonl,313,1024,100,0,float32_avx2,275,0,0.0,0.0,0.0,0.0,0.0,0.012,1.0000000000000004,1.0,100
0bbeb0653a569e5394ac94a502549b079f7a055c,meow1,AMD Ryzen 9 9950X 16-Core Processor,c++ (Ubuntu 15.2.0-4ubuntu4) 15.2.0,CMAKE_CXX_FLAGS:STRING= CMAKE_CXX_FLAGS_RELEASE:STRING=-O3 -DNDEBUG,wikimedia_wikipedia_mxbai,/home/yunchih/code/simsearch/python/out/local_query_embeddings_1024.parquet,/home/yunchih/code/simsearch/python/query_embeddings/combined.jsonl,313,1024,100,0,binary,275,0,0.003606,0.000651,0.001082,0.0,0.0,0.006061,1.0000000000000004,1.0,100
0bbeb0653a569e5394ac94a502549b079f7a055c,meow1,AMD Ryzen 9 9950X 16-Core Processor,c++ (Ubuntu 15.2.0-4ubuntu4) 15.2.0,CMAKE_CXX_FLAGS:STRING= CMAKE_CXX_FLAGS_RELEASE:STRING=-O3 -DNDEBUG,wikimedia_wikipedia_mxbai,/home/yunchih/code/simsearch/python/out/local_query_embeddings_1024.parquet,/home/yunchih/code/simsearch/python/query_embeddings/combined.jsonl,313,1024,100,10,two_step_RF10,275,0,0.003297,0.000631,0.003366,0.011311,0.001363,0.02097,0.25111553767168043,0.19047619047619047,313
0bbeb0653a569e5394ac94a502549b079f7a055c,meow1,AMD Ryzen 9 9950X 16-Core Processor,c++ (Ubuntu 15.2.0-4ubuntu4) 15.2.0,CMAKE_CXX_FLAGS:STRING= CMAKE_CXX_FLAGS_RELEASE:STRING=-O3 -DNDEBUG,wikimedia_wikipedia_mxbai,/home/yunchih/code/simsearch/python/out/local_query_embeddings_1024.parquet,/home/yunchih/code/simsearch/python/query_embeddings/combined.jsonl,313,1024,100,50,two_step_RF50,275,0,0.000822,0.000641,0.003396,0.011462,0.001442,0.018835,0.25111553767168043,0.19047619047619047,313
0bbeb0653a569e5394ac94a502549b079f7a055c,meow1,AMD Ryzen 9 9950X 16-Core Processor,c++ (Ubuntu 15.2.0-4ubuntu4) 15.2.0,CMAKE_CXX_FLAGS:STRING= CMAKE_CXX_FLAGS_RELEASE:STRING=-O3 -DNDEBUG,wikimedia_wikipedia_mxbai,/home/yunchih/code/simsearch/python/out/local_query_embeddings_1024.parquet,/home/yunchih/code/simsearch/python/query_embeddings/combined.jsonl,313,1024,100,10,two_step_mf_RF10,275,0,0.003246,0.000661,0.003377,0.087364,0.001433,0.097072,0.25111553767168043,0.19047619047619047,313
0bbeb0653a569e5394ac94a502549b079f7a055c,meow1,AMD Ryzen 9 9950X 16-Core Processor,c++ (Ubuntu 15.2.0-4ubuntu4) 15.2.0,CMAKE_CXX_FLAGS:STRING= CMAKE_CXX_FLAGS_RELEASE:STRING=-O3 -DNDEBUG,wikimedia_wikipedia_mxbai,/home/yunchih/code/simsearch/python/out/local_query_embeddings_1024.parquet,/home/yunchih/code/simsearch/python/query_embeddings/combined.jsonl,313,1024,100,50,two_step_mf_RF50,275,0,0.000951,0.000641,0.003386,0.086683,0.001453,0.093986,0.25111553767168043,0.19047619047619047,313
0bbeb0653a569e5394ac94a502549b079f7a055c,meow1,AMD Ryzen 9 9950X 16-Core Processor,c++ (Ubuntu 15.2.0-4ubuntu4) 15.2.0,CMAKE_CXX_FLAGS:STRING= CMAKE_CXX_FLAGS_RELEASE:STRING=-O3 -DNDEBUG,wikimedia_wikipedia_mxbai,/home/yunchih/code/simsearch/python/out/local_query_embeddings_1024.parquet,/home/yunchih/code/simsearch/python/query_embeddings/combined.jsonl,313,1024,100,0,float32_avx2,276,0,0.0,0.0,0.0,0.0,0.0,0.011,1.0000000000000004,1.0,100
0bbeb0653a569e5394ac94a502549b079f7a055c,meow1,AMD Ryzen 9 9950X 16-Core Processor,c++ (Ubuntu 15.2.0-4ubuntu4) 15.2.0,CMAKE_CXX_FLAGS:STRING= CMAKE_CXX_FLAGS_RELEASE:STRING=-O3 -DNDEBUG,wikimedia_wikipedia_mxbai,/home/yunchih/code/simsearch/python/out/local_query_embeddings_1024.parquet,/home/yunchih/code/simsearch/python/query_embeddings/combined.jsonl,313,1024,100,0,binary,276,0,0.003406,0.000661,0.001052,0.0,0.0,0.005841,1.0000000000000004,1.0,100
0bbeb0653a569e5394ac94a502549b079f7a055c,meow1,AMD Ryzen 9 9950X 16-Core Processor,c++ (Ubuntu 15.2.0-4ubuntu4) 15.2.0,CMAKE_CXX_FLAGS:STRING= CMAKE_CXX_FLAGS_RELEASE:STRING=-O3 -DNDEBUG,wikimedia_wikipedia_mxbai,/home/yunchih/code/simsearch/python/out/local_query_embeddings_1024.parquet,/home/yunchih/code/simsearch/python/query_embeddings/combined.jsonl,313,1024,100,10,two_step_RF10,276,0,0.003126,0.000631,0.003387,0.011462,0.001412,0.020979,0.25111553767168043,0.19047619047619047,313
0bbeb0653a569e5394ac94a502549b079f7a055c,meow1,AMD Ryzen 9 9950X 16-Core Processor,c++ (Ubuntu 15.2.0-4ubuntu4) 15.2.0,CMAKE_CXX_FLAGS:STRING= CMAKE_CXX_FLAGS_RELEASE:STRING=-O3 -DNDEBUG,wikimedia_wikipedia_mxbai,/home/yunchih/code/simsearch/python/out/local_query_embeddings_1024.parquet,/home/yunchih/code/simsearch/python/query_embeddings/combined.jsonl,313,1024,100,50,two_step_RF50,276,0,0.000932,0.000671,0.003407,0.011351,0.001502,0.018885,0.25111553767168043,0.19047619047619047,313
0bbeb0653a569e5394ac94a502549b079f7a055c,meow1,AMD Ryzen 9 9950X 16-Core Processor,c++ (Ubuntu 15.2.0-4ubuntu4) 15.2.0,CMAKE_CXX_FLAGS:STRING= CMAKE_CXX_FLAGS_RELEASE:STRING=-O3 -DNDEBUG,wikimedia_wikipedia_mxbai,/home/yunchih/code/simsearch/python/out/local_query_embeddings_1024.parquet,/home/yunchih/code/simsearch/python/query_embeddings/combined.jsonl,313,1024,100,10,two_step_mf_RF10,276,0,0.003206,0.000662,0.003376,0.089088,0.001392,0.098666,0.25111553767168043,0.19047619047619047,313
0bbeb0653a569e5394ac94a502549b079f7a055c,meow1,AMD Ryzen 9 9950X 16-Core Processor,c++ (Ubuntu 15.2.0-4ubuntu4) 15.2.0,CMAKE_CXX_FLAGS:STRING= CMAKE_CXX_FLAGS_RELEASE:STRING=-O3 -DNDEBUG,wikimedia_wikipedia_mxbai,/home/yunchih/code/simsearch/python/out/local_query_embeddings_1024.parquet,/home/yunchih/code/simsearch/python/query_embeddings/combined.jsonl,313,1024,100,50,two_step_mf_RF50,276,0,0.001022,0.000631,0.003416,0.086743,0.001382,0.094066,0.25111553767168043,0.19047619047619047,313
0bbeb0653a569e5394ac94a502549b079f7a055c,meow1,AMD Ryzen 9 9950X 16-Core Processor,c++ (Ubuntu 15.2.0-4ubuntu4) 15.2.0,CMAKE_CXX_FLAGS:STRING= CMAKE_CXX_FLAGS_RELEASE:STRING=-O3 -DNDEBUG,wikimedia_wikipedia_mxbai,/home/yunchih/code/simsearch/python/out/local_query_embeddings_1024.parquet,/home/yunchih/code/simsearch/python/query_embeddings/combined.jsonl,313,1024,100,0,float32_avx2,277,0,0.0,0.0,0.0,0.0,0.0,0.011,1.0000000000000004,1.0,100
0bbeb0653a569e5394ac94a502549b079f7a055c,meow1,AMD Ryzen 9 9950X 16-Core Processor,c++ (Ubuntu 15.2.0-4ubuntu4) 15.2.0,CMAKE_CXX_FLAGS:STRING= CMAKE_CXX_FLAGS_RELEASE:STRING=-O3 -DNDEBUG,wikimedia_wikipedia_mxbai,/home/yunchih/code/simsearch/python/out/local_query_embeddings_1024.parquet,/home/yunchih/code/simsearch/python/query_embeddings/combined.jsonl,313,1024,100,0,binary,277,0,0.003547,0.000631,0.001012,0.0,0.0,0.005911,1.0000000000000004,1.0,100
0bbeb0653a569e5394ac94a502549b079f7a055c,meow1,AMD Ryzen 9 9950X 16-Core Processor,c++ (Ubuntu 15.2.0-4ubuntu4) 15.2.0,CMAKE_CXX_FLAGS:STRING= CMAKE_CXX_FLAGS_RELEASE:STRING=-O3 -DNDEBUG,wikimedia_wikipedia_mxbai,/home/yunchih/code/simsearch/python/out/local_query_embeddings_1024.parquet,/home/yunchih/code/simsearch/python/query_embeddings/combined.jsonl,313,1024,100,10,two_step_RF10,277,0,0.003186,0.000601,0.003377,0.011542,0.001423,0.02112,0.25111553767168043,0.19047619047619047,313
0bbeb0653a569e5394ac94a502549b079f7a055c,meow1,AMD Ryzen 9 9950X 16-Core Processor,c++ (Ubuntu 15.2.0-4ubuntu4) 15.2.0,CMAKE_CXX_FLAGS:STRING= CMAKE_CXX_FLAGS_RELEASE:STRING=-O3 -DNDEBUG,wikimedia_wikipedia_mxbai,/home/yunchih/code/simsearch/python/out/local_query_embeddings_1024.parquet,/home/yunchih/code/simsearch/python/query_embeddings/combined.jsonl,313,1024,100,50,two_step_RF50,277,0,0.000952,0.000671,0.003387,0.011412,0.001423,0.018916,0.25111553767168043,0.19047619047619047,313
0bbeb0653a569e5394ac94a502549b079f7a055c,meow1,AMD Ryzen 9 9950X 16-Core Processor,c++ (Ubuntu 15.2.0-4ubuntu4) 15.2.0,CMAKE_CXX_FLAGS:STRING= CMAKE_CXX_FLAGS_RELEASE:STRING=-O3 -DNDEBUG,wikimedia_wikipedia_mxbai,/home/yunchih/code/simsearch/python/out/local_query_embeddings_1024.parquet,/home/yunchih/code/simsearch/python/query_embeddings/combined.jsonl,313,1024,100,10,two_step_mf_RF10,277,0,0.003326,0.000641,0.003417,0.087494,0.001453,0.097293,0.25111553767168043,0.19047619047619047,313
0bbeb0653a569e5394ac94a502549b079f7a055c,meow1,AMD Ryzen 9 9950X 16-Core Processor,c++ (Ubuntu 15.2.0-4ubuntu4) 15.2.0,CMAKE_CXX_FLAGS:STRING= CMAKE_CXX_FLAGS_RELEASE:STRING=-O3 -DNDEBUG,wikimedia_wikipedia_mxbai,/home/yunchih/code/simsearch/python/out/local_query_embeddings_1024.parquet,/home/yunchih/code/simsearch/python/query_embeddings/combined.jsonl,313,1024,100,50,two_step_mf_RF50,277,0,0.001012,0.000651,0.003407,0.086913,0.001373,0.094237,0.25111553767168043,0.19047619047619047,313
0bbeb0653a569e5394ac94a502549b079f7a055c,meow1,AMD Ryzen 9 9950X 16-Core Processor,c++ (Ubuntu 15.2.0-4ubuntu4) 15.2.0,CMAKE_CXX_FLAGS:STRING= CMAKE_CXX_FLAGS_RELEASE:STRING=-O3 -DNDEBUG,wikimedia_wikipedia_mxbai,/home/yunchih/code/simsearch/python/out/local_query_embeddings_1024.parquet,/home/yunchih/code/simsearch/python/query_embeddings/combined.jsonl,313,1024,100,0,float32_avx2,278,0,0.0,0.0,0.0,0.0,0.0,0.011,1.0000000000000004,1.0,100
0bbeb0653a569e5394ac94a502549b079f7a055c,meow1,AMD Ryzen 9 9950X 16-Core Processor,c++ (Ubuntu 15.2.0-4ubuntu4) 15.2.0,CMAKE_CXX_FLAGS:STRING= CMAKE_CXX_FLAGS_RELEASE:STRING=-O3 -DNDEBUG,wikimedia_wikipedia_mxbai,/home/yunchih/code/simsearch/python/out/local_query_embeddings_1024.parquet,/home/yunchih/code/simsearch/python/query_embeddings/combined.jsonl,313,1024,100,0,binary,278,0,0.003437,0.000651,0.001002,0.0,0.0,0.005811,1.0000000000000004,1.0,100
0bbeb0653a569e5394ac94a502549b079f7a055c,meow1,AMD Ryzen 9 9950X 16-Core Processor,c++ (Ubuntu 15.2.0-4ubuntu4) 15.2.0,CMAKE_CXX_FLAGS:STRING= CMAKE_CXX_FLAGS_RELEASE:STRING=-O3 -DNDEBUG,wikimedia_wikipedia_mxbai,/home/yunchih/code/simsearch/python/out/local_query_embeddings_1024.parquet,/home/yunchih/code/simsearch/python/query_embeddings/combined.jsonl,313,1024,100,10,two_step_RF10,278,0,0.003307,0.000641,0.003366,0.011622,0.001382,0.02128,0.25111553767168043,0.19047619047619047,313
0bbeb0653a569e5394ac94a502549b079f7a055c,meow1,AMD Ryzen 9 9950X 16-Core Processor,c++ (Ubuntu 15.2.0-4ubuntu4) 15.2.0,CMAKE_CXX_FLAGS:STRING= CMAKE_CXX_FLAGS_RELEASE:STRING=-O3 -DNDEBUG,wikimedia_wikipedia_mxbai,/home/yunchih/code/simsearch/python/out/local_query_embeddings_1024.parquet,/home/yunchih/code/simsearch/python/query_embeddings/combined.jsonl,313,1024,100,50,two_step_RF50,278,0,0.001112,0.001503,0.003477,0.011342,0.001452,0.020098,0.25111553767168043,0.19047619047619047,313
0bbeb0653a569e5394ac94a502549b079f7a055c,meow1,AMD Ryzen 9 9950X 16-Core Processor,c++ (Ubuntu 15.2.0-4ubuntu4) 15.2.0,CMAKE_CXX_FLAGS:STRING= CMAKE_CXX_FLAGS_RELEASE:STRING=-O3 -DNDEBUG,wikimedia_wikipedia_mxbai,/home/yunchih/code/simsearch/python/out/local_query_embeddings_1024.parquet,/home/yunchih/code/simsearch/python/query_embeddings/combined.jsonl,313,1024,100,10,two_step_mf_RF10,278,0,0.003356,0.000651,0.003377,0.087404,0.001453,0.097172,0.25111553767168043,0.19047619047619047,313
0bbeb0653a569e5394ac94a502549b079f7a055c,meow1,AMD Ryzen 9 9950X 16-Core Processor,c++ (Ubuntu 15.2.0-4ubuntu4) 15.2.0,CMAKE_CXX_FLAGS:STRING= CMAKE_CXX_FLAGS_RELEASE:STRING=-O3 -DNDEBUG,wikimedia_wikipedia_mxbai,/home/yunchih/code/simsearch/python/out/local_query_embeddings_1024.parquet,/home/yunchih/code/simsearch/python/query_embeddings/combined.jsonl,313,1024,100,50,two_step_mf_RF50,278,0,0.001182,0.000631,0.003436,0.086722,0.001432,0.094247,0.25111553767168043,0.19047619047619047,313
0bbeb0653a569e5394ac94a502549b079f7a055c,meow1,AMD Ryzen 9 9950X 16-Core Processor,c++ (Ubuntu 15.2.0-4ubuntu4) 15.2.0,CMAKE_CXX_FLAGS:STRING= CMAKE_CXX_FLAGS_RELEASE:STRING=-O3 -DNDEBUG,wikimedia_wikipedia_mxbai,/home/yunchih/code/simsearch/python/out/local_query_embeddings_1024.parquet,/home/yunchih/code/simsearch/python/query_embeddings/combined.jsonl,313,1024,100,0,float32_avx2,279,0,0.0,0.0,0.0,0.0,0.0,0.012,1.0000000000000004,1.0,100
0bbeb0653a569e5394ac94a502549b079f7a055c,meow1,AMD Ryzen 9 9950X 16-Core Processor,c++ (Ubuntu 15.2.0-4ubuntu4) 15.2.0,CMAKE_CXX_FLAGS:STRING= CMAKE_CXX_FLAGS_RELEASE:STRING=-O3 -DNDEBUG,wikimedia_wikipedia_mxbai,/home/yunchih/code/simsearch/python/out/local_query_embeddings_1024.parquet,/home/yunchih/code/simsearch/python/query_embeddings/combined.jsonl,313,1024,100,0,binary,279,0,0.003426,0.000661,0.001022,0.0,0.0,0.005841,1.0000000000000004,1.0,100
0bbeb0653a569e5394ac94a502549b079f7a055c,meow1,AMD Ryzen 9 9950X 16-Core Processor,c++ (Ubuntu 15.2.0-4ubuntu4) 15.2.0,CMAKE_CXX_FLAGS:STRING= CMAKE_CXX_FLAGS_RELEASE:STRING=-O3 -DNDEBUG,wikimedia_wikipedia_mxbai,/home/yunchih/code/simsearch/python/out/local_query_embeddings_1024.parquet,/home/yunchih/code/simsearch/python/query_embeddings/combined.jsonl,313,1024,100,10,two_step_RF10,279,0,0.003426,0.000631,0.003356,0.011632,0.001392,0.02144,0.25111553767168043,0.19047619047619047,313
0bbeb0653a569e5394ac94a502549b079f7a055c,meow1,AMD Ryzen 9 9950X 16-Core Processor,c++ (Ubuntu 15.2.0-4ubuntu4) 15.2.0,CMAKE_CXX_FLAGS:STRING= CMAKE_CXX_FLAGS_RELEASE:STRING=-O3 -DNDEBUG,wikimedia_wikipedia_mxbai,/home/yunchih/code/simsearch/python/out/local_query_embeddings_1024.parquet,/home/yunchih/code/simsearch/python/query_embeddings/combined.jsonl,313,1024,100,50,two_step_RF50,279,0,0.000882,0.000671,0.003437,0.011422,0.001402,0.018895,0.25111553767168043,0.19047619047619047,313
0bbeb0653a569e5394ac94a502549b079f7a055c,meow1,AMD Ryzen 9 9950X 16-Core Processor,c++ (Ubuntu 15.2.0-4ubuntu4) 15.2.0,CMAKE_CXX_FLAGS:STRING= CMAKE_CXX_FLAGS_RELEASE:STRING=-O3 -DNDEBUG,wikimedia_wikipedia_mxbai,/home/yunchih/code/simsearch/python/out/local_query_embeddings_1024.parquet,/home/yunchih/code/simsearch/python/query_embeddings/combined.jsonl,313,1024,100,10,two_step_mf_RF10,279,0,0.003417,0.000651,0.003407,0.087554,0.001393,0.097403,0.25111553767168043,0.19047619047619047,313
0bbeb0653a569e5394ac94a502549b079f7a055c,meow1,AMD Ryzen 9 9950X 16-Core Processor,c++ (Ubuntu 15.2.0-4ubuntu4) 15.2.0,CMAKE_CXX_FLAGS:STRING= CMAKE_CXX_FLAGS_RELEASE:STRING=-O3 -DNDEBUG,wikimedia_wikipedia_mxbai,/home/yunchih/code/simsearch/python/out/local_query_embeddings_1024.parquet,/home/yunchih/code/simsearch/python/query_embeddings/combined.jsonl,313,1024,100,50,two_step_mf_RF50,279,0,0.000942,0.000651,0.003397,0.088667,0.001382,0.09593,0.25111553767168043,0.19047619047619047,313
0bbeb0653a569e5394ac94a502549b079f7a055c,meow1,AMD Ryzen 9 9950X 16-Core Processor,c++ (Ubuntu 15.2.0-4ubuntu4) 15.2.0,CMAKE_CXX_FLAGS:STRING= CMAKE_CXX_FLAGS_RELEASE:STRING=-O3 -DNDEBUG,wikimedia_wikipedia_mxbai,/home/yunchih/code/simsearch/python/out/local_query_embeddings_1024.parquet,/home/yunchih/code/simsearch/python/query_embeddings/combined.jsonl,313,1024,100,0,float32_avx2,280,0,0.0,0.0,0.0,0.0,0.0,0.011,1.0000000000000004,1.0,100
0bbeb0653a569e5394ac94a502549b079f7a055c,meow1,AMD Ryzen 9 9950X 16-Core Processor,c++ (Ubuntu 15.2.0-4ubuntu4) 15.2.0,CMAKE_CXX_FLAGS:STRING= CMAKE_CXX_FLAGS_RELEASE:STRING=-O3 -DNDEBUG,wikimedia_wikipedia_mxbai,/home/yunchih/code/simsearch/python/out/local_query_embeddings_1024.parquet,/home/yunchih/code/simsearch/python/query_embeddings/combined.jsonl,313,1024,100,0,binary,280,0,0.003477,0.000641,0.001042,0.0,0.0,0.005881,1.0000000000000004,1.0,100
0bbeb0653a569e5394ac94a502549b079f7a055c,meow1,AMD Ryzen 9 9950X 16-Core Processor,c++ (Ubuntu 15.2.0-4ubuntu4) 15.2.0,CMAKE_CXX_FLAGS:STRING= CMAKE_CXX_FLAGS_RELEASE:STRING=-O3 -DNDEBUG,wikimedia_wikipedia_mxbai,/home/yunchih/code/simsearch/python/out/local_query_embeddings_1024.parquet,/home/yunchih/code/simsearch/python/query_embeddings/combined.jsonl,313,1024,100,10,two_step_RF10,280,0,0.003316,0.000611,0.003407,0.011642,0.001423,0.02139,0.25111553767168043,0.19047619047619047,313
0bbeb0653a569e5394ac94a502549b079f7a055c,meow1,AMD Ryzen 9 9950X 16-Core Processor,c++ (Ubuntu 15.2.0-4ubuntu4) 15.2.0,CMAKE_CXX_FLAGS:STRING= CMAKE_CXX_FLAGS_RELEASE:STRING=-O3 -DNDEBUG,wikimedia_wikipedia_mxbai,/home/yunchih/code/simsearch/python/out/local_query_embeddings_1024.parquet,/home/yunchih/code/simsearch/python/query_embeddings/combined.jsonl,313,1024,100,50,two_step_RF50,280,0,0.000872,0.000661,0.003407,0.014488,0.001442,0.021921,0.25111553767168043,0.19047619047619047,313
0bbeb0653a569e5394ac94a502549b079f7a055c,meow1,AMD Ryzen 9 9950X 16-Core Processor,c++ (Ubuntu 15.2.0-4ubuntu4) 15.2.0,CMAKE_CXX_FLAGS:STRING= CMAKE_CXX_FLAGS_RELEASE:STRING=-O3 -DNDEBUG,wikimedia_wikipedia_mxbai,/home/yunchih/code/simsearch/python/out/local_query_embeddings_1024.parquet,/home/yunchih/code/simsearch/python/query_embeddings/combined.jsonl,313,1024,100,10,two_step_mf_RF10,280,0,0.003336,0.000651,0.003376,0.087705,0.001383,0.097393,0.25111553767168043,0.19047619047619047,313
0bbeb0653a569e5394ac94a502549b079f7a055c,meow1,AMD Ryzen 9 9950X 16-Core Processor,c++ (Ubuntu 15.2.0-4ubuntu4) 15.2.0,CMAKE_CXX_FLAGS:STRING= CMAKE_CXX_FLAGS_RELEASE:STRING=-O3 -DNDEBUG,wikimedia_wikipedia_mxbai,/home/yunchih/code/simsearch/python/out/local_query_embeddings_1024.parquet,/home/yunchih/code/simsearch/python/query_embeddings/combined.jsonl,313,1024,100,50,two_step_mf_RF50,280,0,0.001042,0.000661,0.003396,0.088547,0.001393,0.095891,0.25111553767168043,0.19047619047619047,313
0bbeb0653a569e5394ac94a502549b079f7a055c,meow1,AMD Ryzen 9 9950X 16-Core Processor,c++ (Ubuntu 15.2.0-4ubuntu4) 15.2.0,CMAKE_CXX_FLAGS:STRING= CMAKE_CXX_FLAGS_RELEASE:STRING=-O3 -DNDEBUG,wikimedia_wikipedia_mxbai,/home/yunchih/code/simsearch/python/out/local_query_embeddings_1024.parquet,/home/yunchih/code/simsearch/python/query_embeddings/combined.jsonl,313,1024,100,0,float32_avx2,281,0,0.0,0.0,0.0,0.0,0.0,0.012,1.0000000000000004,1.0,100
0bbeb0653a569e5394ac94a502549b079f7a055c,meow1,AMD Ryzen 9 9950X 16-Core Processor,c++ (Ubuntu 15.2.0-4ubuntu4) 15.2.0,CMAKE_CXX_FLAGS:STRING= CMAKE_CXX_FLAGS_RELEASE:STRING=-O3 -DNDEBUG,wikimedia_wikipedia_mxbai,/home/yunchih/code/simsearch/python/out/local_query_embeddings_1024.parquet,/home/yunchih/code/simsearch/python/query_embeddings/combined.jsonl,313,1024,100,0,binary,281,0,0.003557,0.000651,0.001002,0.0,0.0,0.005951,1.0000000000000004,1.0,100
0bbeb0653a569e5394ac94a502549b079f7a055c,meow1,AMD Ryzen 9 9950X 16-Core Processor,c++ (Ubuntu 15.2.0-4ubuntu4) 15.2.0,CMAKE_CXX_FLAGS:STRING= CMAKE_CXX_FLAGS_RELEASE:STRING=-O3 -DNDEBUG,wikimedia_wikipedia_mxbai,/home/yunchih/code/simsearch/python/out/local_query_embeddings_1024.parquet,/home/yunchih/code/simsearch/python/query_embeddings/combined.jsonl,313,1024,100,10,two_step_RF10,281,0,0.003307,0.000601,0.003376,0.011842,0.001433,0.021531,0.25111553767168043,0.19047619047619047,313
0bbeb0653a569e5394ac94a502549b079f7a055c,meow1,AMD Ryzen 9 9950X 16-Core Processor,c++ (Ubuntu 15.2.0-4ubuntu4) 15.2.0,CMAKE_CXX_FLAGS:STRING= CMAKE_CXX_FLAGS_RELEASE:STRING=-O3 -DNDEBUG,wikimedia_wikipedia_mxbai,/home/yunchih/code/simsearch/python/out/local_query_embeddings_1024.parquet,/home/yunchih/code/simsearch/python/query_embeddings/combined.jsonl,313,1024,100,50,two_step_RF50,281,0,0.000871,0.000661,0.003436,0.011582,0.001523,0.019126,0.25111553767168043,0.19047619047619047,313
0bbeb0653a569e5394ac94a502549b079f7a055c,meow1,AMD Ryzen 9 9950X 16-Core Processor,c++ (Ubuntu 15.2.0-4ubuntu4) 15.2.0,CMAKE_CXX_FLAGS:STRING= CMAKE_CXX_FLAGS_RELEASE:STRING=-O3 -DNDEBUG,wikimedia_wikipedia_mxbai,/home/yunchih/code/simsearch/python/out/local_query_embeddings_1024.parquet,/home/yunchih/code/simsearch/python/query_embeddings/combined.jsonl,313,1024,100,10,two_step_mf_RF10,281,0,0.003166,0.000661,0.003356,0.087314,0.001392,0.096872,0.25111553767168043,0.19047619047619047,313
0bbeb0653a569e5394ac94a502549b079f7a055c,meow1,AMD Ryzen 9 9950X 16-Core Processor,c++ (Ubuntu 15.2.0-4ubuntu4) 15.2.0,CMAKE_CXX_FLAGS:STRING= CMAKE_CXX_FLAGS_RELEASE:STRING=-O3 -DNDEBUG,wikimedia_wikipedia_mxbai,/home/yunchih/code/simsearch/python/out/local_query_embeddings_1024.parquet,/home/yunchih/code/simsearch/python/query_embeddings/combined.jsonl,313,1024,100,50,two_step_mf_RF50,281,0,0.001192,0.000632,0.003386,0.086743,0.001433,0.094257,0.25111553767168043,0.19047619047619047,313
0bbeb0653a569e5394ac94a502549b079f7a055c,meow1,AMD Ryzen 9 9950X 16-Core Processor,c++ (Ubuntu 15.2.0-4ubuntu4) 15.2.0,CMAKE_CXX_FLAGS:STRING= CMAKE_CXX_FLAGS_RELEASE:STRING=-O3 -DNDEBUG,wikimedia_wikipedia_mxbai,/home/yunchih/code/simsearch/python/out/local_query_embeddings_1024.parquet,/home/yunchih/code/simsearch/python/query_embeddings/combined.jsonl,313,1024,100,0,float32_avx2,282,0,0.0,0.0,0.0,0.0,0.0,0.011,1.0000000000000004,1.0,100
0bbeb0653a569e5394ac94a502549b079f7a055c,meow1,AMD Ryzen 9 9950X 16-Core Processor,c++ (Ubuntu 15.2.0-4ubuntu4) 15.2.0,CMAKE_CXX_FLAGS:STRING= CMAKE_CXX_FLAGS_RELEASE:STRING=-O3 -DNDEBUG,wikimedia_wikipedia_mxbai,/home/yunchih/code/simsearch/python/out/local_query_embeddings_1024.parquet,/home/yunchih/code/simsearch/python/query_embeddings/combined.jsonl,313,1024,100,0,binary,282,0,0.003467,0.000641,0.001042,0.0,0.0,0.005871,1.0000000000000004,1.0,100
0bbeb0653a569e5394ac94a502549b079f7a055c,meow1,AMD Ryzen 9 9950X 16-Core Processor,c++ (Ubuntu 15.2.0-4ubuntu4) 15.2.0,CMAKE_CXX_FLAGS:STRING= CMAKE_CXX_FLAGS_RELEASE:STRING=-O3 -DNDEBUG,wikimedia_wikipedia_mxbai,/home/yunchih/code/simsearch/python/out/local_query_embeddings_1024.parquet,/home/yunchih/code/simsearch/python/query_embeddings/combined.jsonl,313,1024,100,10,two_step_RF10,282,0,0.003086,0.000621,0.003357,0.011562,0.001423,0.02107,0.25111553767168043,0.19047619047619047,313
0bbeb0653a569e5394ac94a502549b079f7a055c,meow1,AMD Ryzen 9 9950X 16-Core Processor,c++ (Ubuntu 15.2.0-4ubuntu4) 15.2.0,CMAKE_CXX_FLAGS:STRING= CMAKE_CXX_FLAGS_RELEASE:STRING=-O3 -DNDEBUG,wikimedia_wikipedia_mxbai,/home/yunchih/code/simsearch/python/out/local_query_embeddings_1024.parquet,/home/yunchih/code/simsearch/python/query_embeddings/combined.jsonl,313,1024,100,50,two_step_RF50,282,0,0.001002,0.000662,0.003426,0.011521,0.001383,0.018986,0.25111553767168043,0.19047619047619047,313
0bbeb0653a569e5394ac94a502549b079f7a055c,meow1,AMD Ryzen 9 9950X 16-Core Processor,c++ (Ubuntu 15.2.0-4ubuntu4) 15.2.0,CMAKE_CXX_FLAGS:STRING= CMAKE_CXX_FLAGS_RELEASE:STRING=-O3 -DNDEBUG,wikimedia_wikipedia_mxbai,/home/yunchih/code/simsearch/python/out/local_query_embeddings_1024.parquet,/home/yunchih/code/simsearch/python/query_embeddings/combined.jsonl,313,1024,100,10,two_step_mf_RF10,282,0,0.003146,0.000652,0.003366,0.087395,0.001422,0.096922,0.25111553767168043,0.19047619047619047,313
0bbeb0653a569e5394ac94a502549b079f7a055c,meow1,AMD Ryzen 9 9950X 16-Core Processor,c++ (Ubuntu 15.2.0-4ubuntu4) 15.2.0,CMAKE_CXX_FLAGS:STRING= CMAKE_CXX_FLAGS_RELEASE:STRING=-O3 -DNDEBUG,wikimedia_wikipedia_mxbai,/home/yunchih/code/simsearch/python/out/local_query_embeddings_1024.parquet,/home/yunchih/code/simsearch/python/query_embeddings/combined.jsonl,313,1024,100,50,two_step_mf_RF50,282,0,0.001192,0.000641,0.003397,0.086733,0.001413,0.094227,0.25111553767168043,0.19047619047619047,313
0bbeb0653a569e5394ac94a502549b079f7a055c,meow1,AMD Ryzen 9 9950X 16-Core Processor,c++ (Ubuntu 15.2.0-4ubuntu4) 15.2.0,CMAKE_CXX_FLAGS:STRING= CMAKE_CXX_FLAGS_RELEASE:STRING=-O3 -DNDEBUG,wikimedia_wikipedia_mxbai,/home/yunchih/code/simsearch/python/out/local_query_embeddings_1024.parquet,/home/yunchih/code/simsearch/python/query_embeddings/combined.jsonl,313,1024,100,0,float32_avx2,283,0,0.0,0.0,0.0,0.0,0.0,0.011,1.0000000000000004,1.0,100
0bbeb0653a569e5394ac94a502549b079f7a055c,meow1,AMD Ryzen 9 9950X 16-Core Processor,c++ (Ubuntu 15.2.0-4ubuntu4) 15.2.0,CMAKE_CXX_FLAGS:STRING= CMAKE_CXX_FLAGS_RELEASE:STRING=-O3 -DNDEBUG,wikimedia_wikipedia_mxbai,/home/yunchih/code/simsearch/python/out/local_query_embeddings_1024.parquet,/home/yunchih/code/simsearch/python/query_embeddings/combined.jsonl,313,1024,100,0,binary,283,0,0.003537,0.000641,0.001032,0.0,0.0,0.005932,1.0000000000000004,1.0,100
0bbeb0653a569e5394ac94a502549b079f7a055c,meow1,AMD Ryzen 9 9950X 16-Core Processor,c++ (Ubuntu 15.2.0-4ubuntu4) 15.2.0,CMAKE_CXX_FLAGS:STRING= CMAKE_CXX_FLAGS_RELEASE:STRING=-O3 -DNDEBUG,wikimedia_wikipedia_mxbai,/home/yunchih/code/simsearch/python/out/local_query_embeddings_1024.parquet,/home/yunchih/code/simsearch/python/query_embeddings/combined.jsonl,313,1024,100,10,two_step_RF10,283,0,0.003136,0.000631,0.003357,0.011542,0.001403,0.02106,0.25111553767168043,0.19047619047619047,313
0bbeb0653a569e5394ac94a502549b079f7a055c,meow1,AMD Ryzen 9 9950X 16-Core Processor,c++ (Ubuntu 15.2.0-4ubuntu4) 15.2.0,CMAKE_CXX_FLAGS:STRING= CMAKE_CXX_FLAGS_RELEASE:STRING=-O3 -DNDEBUG,wikimedia_wikipedia_mxbai,/home/yunchih/code/simsearch/python/out/local_query_embeddings_1024.parquet,/home/yunchih/code/simsearch/python/query_embeddings/combined.jsonl,313,1024,100,50,two_step_RF50,283,0,0.000852,0.000681,0.003417,0.011532,0.001423,0.018986,0.25111553767168043,0.19047619047619047,313
0bbeb0653a569e5394ac94a502549b079f7a055c,meow1,AMD Ryzen 9 9950X 16-Core Processor,c++ (Ubuntu 15.2.0-4ubuntu4) 15.2.0,CMAKE_CXX_FLAGS:STRING= CMAKE_CXX_FLAGS_RELEASE:STRING=-O3 -DNDEBUG,wikimedia_wikipedia_mxbai,/home/yunchih/code/simsearch/python/out/local_query_embeddings_1024.parquet,/home/yunchih/code/simsearch/python/query_embeddings/combined.jsonl,313,1024,100,10,two_step_mf_RF10,283,0,0.003236,0.000641,0.003356,0.087564,0.001413,0.097202,0.25111553767168043,0.19047619047619047,313
0bbeb0653a569e5394ac94a502549b079f7a055c,meow1,AMD Ryzen 9 9950X 16-Core Processor,c++ (Ubuntu 15.2.0-4ubuntu4) 15.2.0,CMAKE_CXX_FLAGS:STRING= CMAKE_CXX_FLAGS_RELEASE:STRING=-O3 -DNDEBUG,wikimedia_wikipedia_mxbai,/home/yunchih/code/simsearch/python/out/local_query_embeddings_1024.parquet,/home/yunchih/code/simsearch/python/query_embeddings/combined.jsonl,313,1024,100,50,two_step_mf_RF50,283,0,0.001042,0.000641,0.003397,0.086943,0.001413,0.094297,0.25111553767168043,0.19047619047619047,313
0bbeb0653a569e5394ac94a502549b079f7a055c,meow1,AMD Ryzen 9 9950X 16-Core Processor,c++ (Ubuntu 15.2.0-4ubuntu4) 15.2.0,CMAKE_CXX_FLAGS:STRING= CMAKE_CXX_FLAGS_RELEASE:STRING=-O3 -DNDEBUG,wikimedia_wikipedia_mxbai,/home/yunchih/code/simsearch/python/out/local_query_embeddings_1024.parquet,/home/yunchih/code/simsearch/python/query_embeddings/combined.jsonl,313,1024,100,0,float32_avx2,284,0,0.0,0.0,0.0,0.0,0.0,0.012,1.0000000000000004,1.0,100
0bbeb0653a569e5394ac94a502549b079f7a055c,meow1,AMD Ryzen 9 9950X 16-Core Processor,c++ (Ubuntu 15.2.0-4ubuntu4) 15.2.0,CMAKE_CXX_FLAGS:STRING= CMAKE_CXX_FLAGS_RELEASE:STRING=-O3 -DNDEBUG,wikimedia_wikipedia_mxbai,/home/yunchih/code/simsearch/python/out/local_query_embeddings_1024.parquet,/home/yunchih/code/simsearch/python/query_embeddings/combined.jsonl,313,1024,100,0,binary,284,0,0.003487,0.000621,0.000992,0.0,0.0,0.005821,1.0000000000000004,1.0,100
0bbeb0653a569e5394ac94a502549b079f7a055c,meow1,AMD Ryzen 9 9950X 16-Core Processor,c++ (Ubuntu 15.2.0-4ubuntu4) 15.2.0,CMAKE_CXX_FLAGS:STRING= CMAKE_CXX_FLAGS_RELEASE:STRING=-O3 -DNDEBUG,wikimedia_wikipedia_mxbai,/home/yunchih/code/simsearch/python/out/local_query_embeddings_1024.parquet,/home/yunchih/code/simsearch/python/query_embeddings/combined.jsonl,313,1024,100,10,two_step_RF10,284,0,0.003266,0.000631,0.003366,0.011441,0.001443,0.021109,0.25111553767168043,0.19047619047619047,313
0bbeb0653a569e5394ac94a502549b079f7a055c,meow1,AMD Ryzen 9 9950X 16-Core Processor,c++ (Ubuntu 15.2.0-4ubuntu4) 15.2.0,CMAKE_CXX_FLAGS:STRING= CMAKE_CXX_FLAGS_RELEASE:STRING=-O3 -DNDEBUG,wikimedia_wikipedia_mxbai,/home/yunchih/code/simsearch/python/out/local_query_embeddings_1024.parquet,/home/yunchih/code/simsearch/python/query_embeddings/combined.jsonl,313,1024,100,50,two_step_RF50,284,0,0.000941,0.000661,0.003426,0.011411,0.001443,0.018915,0.25111553767168043,0.19047619047619047,313
0bbeb0653a569e5394ac94a502549b079f7a055c,meow1,AMD Ryzen 9 9950X 16-Core Processor,c++ (Ubuntu 15.2.0-4ubuntu4) 15.2.0,CMAKE_CXX_FLAGS:STRING= CMAKE_CXX_FLAGS_RELEASE:STRING=-O3 -DNDEBUG,wikimedia_wikipedia_mxbai,/home/yunchih/code/simsearch/python/out/local_query_embeddings_1024.parquet,/home/yunchih/code/simsearch/python/query_embeddings/combined.jsonl,313,1024,100,10,two_step_mf_RF10,284,0,0.003216,0.000652,0.003376,0.089448,0.001393,0.099016,0.25111553767168043,0.19047619047619047,313
0bbeb0653a569e5394ac94a502549b079f7a055c,meow1,AMD Ryzen 9 9950X 16-Core Processor,c++ (Ubuntu 15.2.0-4ubuntu4) 15.2.0,CMAKE_CXX_FLAGS:STRING= CMAKE_CXX_FLAGS_RELEASE:STRING=-O3 -DNDEBUG,wikimedia_wikipedia_mxbai,/home/yunchih/code/simsearch/python/out/local_query_embeddings_1024.parquet,/home/yunchih/code/simsearch/python/query_embeddings/combined.jsonl,313,1024,100,50,two_step_mf_RF50,284,0,0.001032,0.000621,0.003407,0.086683,0.001343,0.093937,0.25111553767168043,0.19047619047619047,313
0bbeb0653a569e5394ac94a502549b079f7a055c,meow1,AMD Ryzen 9 9950X 16-Core Processor,c++ (Ubuntu 15.2.0-4ubuntu4) 15.2.0,CMAKE_CXX_FLAGS:STRING= CMAKE_CXX_FLAGS_RELEASE:STRING=-O3 -DNDEBUG,wikimedia_wikipedia_mxbai,/home/yunchih/code/simsearch/python/out/local_query_embeddings_1024.parquet,/home/yunchih/code/simsearch/python/query_embeddings/combined.jsonl,313,1024,100,0,float32_avx2,285,0,0.0,0.0,0.0,0.0,0.0,0.012,1.0000000000000004,1.0,100
0bbeb0653a569e5394ac94a502549b079f7a055c,meow1,AMD Ryzen 9 9950X 16-Core Processor,c++ (Ubuntu 15.2.0-4ubuntu4) 15.2.0,CMAKE_CXX_FLAGS:STRING= CMAKE_CXX_FLAGS_RELEASE:STRING=-O3 -DNDEBUG,wikimedia_wikipedia_mxbai,/home/yunchih/code/simsearch/python/out/local_query_embeddings_1024.parquet,/home/yunchih/code/simsearch/python/query_embeddings/combined.jsonl,313,1024,100,0,binary,285,0,0.003536,0.000661,0.001012,0.0,0.0,0.005941,1.0000000000000004,1.0,100
0bbeb0653a569e5394ac94a502549b079f7a055c,meow1,AMD Ryzen 9 9950X 16-Core Processor,c++ (Ubuntu 15.2.0-4ubuntu4) 15.2.0,CMAKE_CXX_FLAGS:STRING= CMAKE_CXX_FLAGS_RELEASE:STRING=-O3 -DNDEBUG,wikimedia_wikipedia_mxbai,/home/yunchih/code/simsearch/python/out/local_query_embeddings_1024.parquet,/home/yunchih/code/simsearch/python/query_embeddings/combined.jsonl,313,1024,100,10,two_step_RF10,285,0,0.003206,0.000621,0.003427,0.011521,0.001423,0.02118,0.25111553767168043,0.19047619047619047,313
0bbeb0653a569e5394ac94a502549b079f7a055c,meow1,AMD Ryzen 9 9950X 16-Core Processor,c++ (Ubuntu 15.2.0-4ubuntu4) 15.2.0,CMAKE_CXX_FLAGS:STRING= CMAKE_CXX_FLAGS_RELEASE:STRING=-O3 -DNDEBUG,wikimedia_wikipedia_mxbai,/home/yunchih/code/simsearch/python/out/local_query_embeddings_1024.parquet,/home/yunchih/code/simsearch/python/query_embeddings/combined.jsonl,313,1024,100,50,two_step_RF50,285,0,0.000801,0.000691,0.003397,0.011442,0.001423,0.018806,0.25111553767168043,0.19047619047619047,313
0bbeb0653a569e5394ac94a502549b079f7a055c,meow1,AMD Ryzen 9 9950X 16-Core Processor,c++ (Ubuntu 15.2.0-4ubuntu4) 15.2.0,CMAKE_CXX_FLAGS:STRING= CMAKE_CXX_FLAGS_RELEASE:STRING=-O3 -DNDEBUG,wikimedia_wikipedia_mxbai,/home/yunchih/code/simsearch/python/out/local_query_embeddings_1024.parquet,/home/yunchih/code/simsearch/python/query_embeddings/combined.jsonl,313,1024,100,10,two_step_mf_RF10,285,0,0.003196,0.000682,0.003356,0.087315,0.001392,0.096902,0.25111553767168043,0.19047619047619047,313
0bbeb0653a569e5394ac94a502549b079f7a055c,meow1,AMD Ryzen 9 9950X 16-Core Processor,c++ (Ubuntu 15.2.0-4ubuntu4) 15.2.0,CMAKE_CXX_FLAGS:STRING= CMAKE_CXX_FLAGS_RELEASE:STRING=-O3 -DNDEBUG,wikimedia_wikipedia_mxbai,/home/yunchih/code/simsearch/python/out/local_query_embeddings_1024.parquet,/home/yunchih/code/simsearch/python/query_embeddings/combined.jsonl,313,1024,100,50,two_step_mf_RF50,285,0,0.001132,0.000621,0.003377,0.086733,0.001393,0.094147,0.25111553767168043,0.19047619047619047,313
0bbeb0653a569e5394ac94a502549b079f7a055c,meow1,AMD Ryzen 9 9950X 16-Core Processor,c++ (Ubuntu 15.2.0-4ubuntu4) 15.2.0,CMAKE_CXX_FLAGS:STRING= CMAKE_CXX_FLAGS_RELEASE:STRING=-O3 -DNDEBUG,wikimedia_wikipedia_mxbai,/home/yunchih/code/simsearch/python/out/local_query_embeddings_1024.parquet,/home/yunchih/code/simsearch/python/query_embeddings/combined.jsonl,313,1024,100,0,float32_avx2,286,0,0.0,0.0,0.0,0.0,0.0,0.011,1.0000000000000004,1.0,100
0bbeb0653a569e5394ac94a502549b079f7a055c,meow1,AMD Ryzen 9 9950X 16-Core Processor,c++ (Ubuntu 15.2.0-4ubuntu4) 15.2.0,CMAKE_CXX_FLAGS:STRING= CMAKE_CXX_FLAGS_RELEASE:STRING=-O3 -DNDEBUG,wikimedia_wikipedia_mxbai,/home/yunchih/code/simsearch/python/out/local_query_embeddings_1024.parquet,/home/yunchih/code/simsearch/python/query_embeddings/combined.jsonl,313,1024,100,0,binary,286,0,0.003657,0.000671,0.001002,0.0,0.0,0.006032,1.0000000000000004,1.0,100
0bbeb0653a569e5394ac94a502549b079f7a055c,meow1,AMD Ryzen 9 9950X 16-Core Processor,c++ (Ubuntu 15.2.0-4ubuntu4) 15.2.0,CMAKE_CXX_FLAGS:STRING= CMAKE_CXX_FLAGS_RELEASE:STRING=-O3 -DNDEBUG,wikimedia_wikipedia_mxbai,/home/yunchih/code/simsearch/python/out/local_query_embeddings_1024.parquet,/home/yunchih/code/simsearch/python/query_embeddings/combined.jsonl,313,1024,100,10,two_step_RF10,286,0,0.003186,0.000621,0.003377,0.011512,0.001412,0.02109,0.25111553767168043,0.19047619047619047,313
0bbeb0653a569e5394ac94a502549b079f7a055c,meow1,AMD Ryzen 9 9950X 16-Core Processor,c++ (Ubuntu 15.2.0-4ubuntu4) 15.2.0,CMAKE_CXX_FLAGS:STRING= CMAKE_CXX_FLAGS_RELEASE:STRING=-O3 -DNDEBUG,wikimedia_wikipedia_mxbai,/home/yunchih/code/simsearch/python/out/local_query_embeddings_1024.parquet,/home/yunchih/code/simsearch/python/query_embeddings/combined.jsonl,313,1024,100,50,two_step_RF50,286,0,0.000912,0.000681,0.003416,0.011371,0.001433,0.018835,0.25111553767168043,0.19047619047619047,313
0bbeb0653a569e5394ac94a502549b079f7a055c,meow1,AMD Ryzen 9 9950X 16-Core Processor,c++ (Ubuntu 15.2.0-4ubuntu4) 15.2.0,CMAKE_CXX_FLAGS:STRING= CMAKE_CXX_FLAGS_RELEASE:STRING=-O3 -DNDEBUG,wikimedia_wikipedia_mxbai,/home/yunchih/code/simsearch/python/out/local_query_embeddings_1024.parquet,/home/yunchih/code/simsearch/python/query_embeddings/combined.jsonl,313,1024,100,10,two_step_mf_RF10,286,0,0.003307,0.000671,0.003396,0.087414,0.001383,0.097083,0.25111553767168043,0.19047619047619047,313
0bbeb0653a569e5394ac94a502549b079f7a055c,meow1,AMD Ryzen 9 9950X 16-Core Processor,c++ (Ubuntu 15.2.0-4ubuntu4) 15.2.0,CMAKE_CXX_FLAGS:STRING= CMAKE_CXX_FLAGS_RELEASE:STRING=-O3 -DNDEBUG,wikimedia_wikipedia_mxbai,/home/yunchih/code/simsearch/python/out/local_query_embeddings_1024.parquet,/home/yunchih/code/simsearch/python/query_embeddings/combined.jsonl,313,1024,100,50,two_step_mf_RF50,286,0,0.001092,0.000652,0.003396,0.086693,0.001403,0.094097,0.25111553767168043,0.19047619047619047,313
0bbeb0653a569e5394ac94a502549b079f7a055c,meow1,AMD Ryzen 9 9950X 16-Core Processor,c++ (Ubuntu 15.2.0-4ubuntu4) 15.2.0,CMAKE_CXX_FLAGS:STRING= CMAKE_CXX_FLAGS_RELEASE:STRING=-O3 -DNDEBUG,wikimedia_wikipedia_mxbai,/home/yunchih/code/simsearch/python/out/local_query_embeddings_1024.parquet,/home/yunchih/code/simsearch/python/query_embeddings/combined.jsonl,313,1024,100,0,float32_avx2,287,0,0.0,0.0,0.0,0.0,0.0,0.011,1.0000000000000004,1.0,100
0bbeb0653a569e5394ac94a502549b079f7a055c,meow1,AMD Ryzen 9 9950X 16-Core Processor,c++ (Ubuntu 15.2.0-4ubuntu4) 15.2.0,CMAKE_CXX_FLAGS:STRING= CMAKE_CXX_FLAGS_RELEASE:STRING=-O3 -DNDEBUG,wikimedia_wikipedia_mxbai,/home/yunchih/code/simsearch/python/out/local_query_embeddings_1024.parquet,/home/yunchih/code/simsearch/python/query_embeddings/combined.jsonl,313,1024,100,0,binary,287,0,0.003436,0.000671,0.001002,0.0,0.0,0.005851,1.0000000000000004,1.0,100
0bbeb0653a569e5394ac94a502549b079f7a055c,meow1,AMD Ryzen 9 9950X 16-Core Processor,c++ (Ubuntu 15.2.0-4ubuntu4) 15.2.0,CMAKE_CXX_FLAGS:STRING= CMAKE_CXX_FLAGS_RELEASE:STRING=-O3 -DNDEBUG,wikimedia_wikipedia_mxbai,/home/yunchih/code/simsearch/python/out/local_query_embeddings_1024.parquet,/home/yunchih/code/simsearch/python/query_embeddings/combined.jsonl,313,1024,100,10,two_step_RF10,287,0,0.003146,0.000631,0.003397,0.011562,0.001453,0.02117,0.25111553767168043,0.19047619047619047,313
0bbeb0653a569e5394ac94a502549b079f7a055c,meow1,AMD Ryzen 9 9950X 16-Core Processor,c++ (Ubuntu 15.2.0-4ubuntu4) 15.2.0,CMAKE_CXX_FLAGS:STRING= CMAKE_CXX_FLAGS_RELEASE:STRING=-O3 -DNDEBUG,wikimedia_wikipedia_mxbai,/home/yunchih/code/simsearch/python/out/local_query_embeddings_1024.parquet,/home/yunchih/code/simsearch/python/query_embeddings/combined.jsonl,313,1024,100,50,two_step_RF50,287,0,0.000752,0.000671,0.003386,0.011341,0.001463,0.018655,0.25111553767168043,0.19047619047619047,313
0bbeb0653a569e5394ac94a502549b079f7a055c,meow1,AMD Ryzen 9 9950X 16-Core Processor,c++ (Ubuntu 15.2.0-4ubuntu4) 15.2.0,CMAKE_CXX_FLAGS:STRING= CMAKE_CXX_FLAGS_RELEASE:STRING=-O3 -DNDEBUG,wikimedia_wikipedia_mxbai,/home/yunchih/code/simsearch/python/out/local_query_embeddings_1024.parquet,/home/yunchih/code/simsearch/python/query_embeddings/combined.jsonl,313,1024,100,10,two_step_mf_RF10,287,0,0.003246,0.000661,0.003387,0.087354,0.001433,0.097062,0.25111553767168043,0.19047619047619047,313
0bbeb0653a569e5394ac94a502549b079f7a055c,meow1,AMD Ryzen 9 9950X 16-Core Processor,c++ (Ubuntu 15.2.0-4ubuntu4) 15.2.0,CMAKE_CXX_FLAGS:STRING= CMAKE_CXX_FLAGS_RELEASE:STRING=-O3 -DNDEBUG,wikimedia_wikipedia_mxbai,/home/yunchih/code/simsearch/python/out/local_query_embeddings_1024.parquet,/home/yunchih/code/simsearch/python/query_embeddings/combined.jsonl,313,1024,100,50,two_step_mf_RF50,287,0,0.001012,0.000621,0.003377,0.088647,0.001392,0.095991,0.25111553767168043,0.19047619047619047,313
0bbeb0653a569e5394ac94a502549b079f7a055c,meow1,AMD Ryzen 9 9950X 16-Core Processor,c++ (Ubuntu 15.2.0-4ubuntu4) 15.2.0,CMAKE_CXX_FLAGS:STRING= CMAKE_CXX_FLAGS_RELEASE:STRING=-O3 -DNDEBUG,wikimedia_wikipedia_mxbai,/home/yunchih/code/simsearch/python/out/local_query_embeddings_1024.parquet,/home/yunchih/code/simsearch/python/query_embeddings/combined.jsonl,313,1024,100,0,float32_avx2,288,0,0.0,0.0,0.0,0.0,0.0,0.012,1.0000000000000004,1.0,100
0bbeb0653a569e5394ac94a502549b079f7a055c,meow1,AMD Ryzen 9 9950X 16-Core Processor,c++ (Ubuntu 15.2.0-4ubuntu4) 15.2.0,CMAKE_CXX_FLAGS:STRING= CMAKE_CXX_FLAGS_RELEASE:STRING=-O3 -DNDEBUG,wikimedia_wikipedia_mxbai,/home/yunchih/code/simsearch/python/out/local_query_embeddings_1024.parquet,/home/yunchih/code/simsearch/python/query_embeddings/combined.jsonl,313,1024,100,0,binary,288,0,0.003376,0.000651,0.001022,0.0,0.0,0.00575,1.0000000000000004,1.0,100
0bbeb0653a569e5394ac94a502549b079f7a055c,meow1,AMD Ryzen 9 9950X 16-Core Processor,c++ (Ubuntu 15.2.0-4ubuntu4) 15.2.0,CMAKE_CXX_FLAGS:STRING= CMAKE_CXX_FLAGS_RELEASE:STRING=-O3 -DNDEBUG,wikimedia_wikipedia_mxbai,/home/yunchih/code/simsearch/python/out/local_query_embeddings_1024.parquet,/home/yunchih/code/simsearch/python/query_embeddings/combined.jsonl,313,1024,100,10,two_step_RF10,288,0,0.003106,0.000601,0.003376,0.011562,0.001422,0.021039,0.25111553767168043,0.19047619047619047,313
0bbeb0653a569e5394ac94a502549b079f7a055c,meow1,AMD Ryzen 9 9950X 16-Core Processor,c++ (Ubuntu 15.2.0-4ubuntu4) 15.2.0,CMAKE_CXX_FLAGS:STRING= CMAKE_CXX_FLAGS_RELEASE:STRING=-O3 -DNDEBUG,wikimedia_wikipedia_mxbai,/home/yunchih/code/simsearch/python/out/local_query_embeddings_1024.parquet,/home/yunchih/code/simsearch/python/query_embeddings/combined.jsonl,313,1024,100,50,two_step_RF50,288,0,0.000772,0.000661,0.003417,0.011422,0.001422,0.018725,0.25111553767168043,0.19047619047619047,313
0bbeb0653a569e5394ac94a502549b079f7a055c,meow1,AMD Ryzen 9 9950X 16-Core Processor,c++ (Ubuntu 15.2.0-4ubuntu4) 15.2.0,CMAKE_CXX_FLAGS:STRING= CMAKE_CXX_FLAGS_RELEASE:STRING=-O3 -DNDEBUG,wikimedia_wikipedia_mxbai,/home/yunchih/code/simsearch/python/out/local_query_embeddings_1024.parquet,/home/yunchih/code/simsearch/python/query_embeddings/combined.jsonl,313,1024,100,10,two_step_mf_RF10,288,0,0.003116,0.000681,0.003417,0.087494,0.001433,0.097082,0.25111553767168043,0.19047619047619047,313
0bbeb0653a569e5394ac94a502549b079f7a055c,meow1,AMD Ryzen 9 9950X 16-Core Processor,c++ (Ubuntu 15.2.0-4ubuntu4) 15.2.0,CMAKE_CXX_FLAGS:STRING= CMAKE_CXX_FLAGS_RELEASE:STRING=-O3 -DNDEBUG,wikimedia_wikipedia_mxbai,/home/yunchih/code/simsearch/python/out/local_query_embeddings_1024.parquet,/home/yunchih/code/simsearch/python/query_embeddings/combined.jsonl,313,1024,100,50,two_step_mf_RF50,288,0,0.001123,0.000611,0.003416,0.086813,0.001372,0.094207,0.25111553767168043,0.19047619047619047,313
0bbeb0653a569e5394ac94a502549b079f7a055c,meow1,AMD Ryzen 9 9950X 16-Core Processor,c++ (Ubuntu 15.2.0-4ubuntu4) 15.2.0,CMAKE_CXX_FLAGS:STRING= CMAKE_CXX_FLAGS_RELEASE:STRING=-O3 -DNDEBUG,wikimedia_wikipedia_mxbai,/home/yunchih/code/simsearch/python/out/local_query_embeddings_1024.parquet,/home/yunchih/code/simsearch/python/query_embeddings/combined.jsonl,313,1024,100,0,float32_avx2,289,0,0.0,0.0,0.0,0.0,0.0,0.011,1.0000000000000004,1.0,100
0bbeb0653a569e5394ac94a502549b079f7a055c,meow1,AMD Ryzen 9 9950X 16-Core Processor,c++ (Ubuntu 15.2.0-4ubuntu4) 15.2.0,CMAKE_CXX_FLAGS:STRING= CMAKE_CXX_FLAGS_RELEASE:STRING=-O3 -DNDEBUG,wikimedia_wikipedia_mxbai,/home/yunchih/code/simsearch/python/out/local_query_embeddings_1024.parquet,/home/yunchih/code/simsearch/python/query_embeddings/combined.jsonl,313,1024,100,0,binary,289,0,0.003607,0.000641,0.001042,0.0,0.0,0.006021,1.0000000000000004,1.0,100
0bbeb0653a569e5394ac94a502549b079f7a055c,meow1,AMD Ryzen 9 9950X 16-Core Processor,c++ (Ubuntu 15.2.0-4ubuntu4) 15.2.0,CMAKE_CXX_FLAGS:STRING= CMAKE_CXX_FLAGS_RELEASE:STRING=-O3 -DNDEBUG,wikimedia_wikipedia_mxbai,/home/yunchih/code/simsearch/python/out/local_query_embeddings_1024.parquet,/home/yunchih/code/simsearch/python/query_embeddings/combined.jsonl,313,1024,100,10,two_step_RF10,289,0,0.003226,0.000622,0.003376,0.011591,0.001393,0.0212,0.25111553767168043,0.19047619047619047,313
0bbeb0653a569e5394ac94a502549b079f7a055c,meow1,AMD Ryzen 9 9950X 16-Core Processor,c++ (Ubuntu 15.2.0-4ubuntu4) 15.2.0,CMAKE_CXX_FLAGS:STRING= CMAKE_CXX_FLAGS_RELEASE:STRING=-O3 -DNDEBUG,wikimedia_wikipedia_mxbai,/home/yunchih/code/simsearch/python/out/local_query_embeddings_1024.parquet,/home/yunchih/code/simsearch/python/query_embeddings/combined.jsonl,313,1024,100,50,two_step_RF50,289,0,0.000931,0.000672,0.003426,0.011411,0.001433,0.018916,0.25111553767168043,0.19047619047619047,313
0bbeb0653a569e5394ac94a502549b079f7a055c,meow1,AMD Ryzen 9 9950X 16-Core Processor,c++ (Ubuntu 15.2.0-4ubuntu4) 15.2.0,CMAKE_CXX_FLAGS:STRING= CMAKE_CXX_FLAGS_RELEASE:STRING=-O3 -DNDEBUG,wikimedia_wikipedia_mxbai,/home/yunchih/code/simsearch/python/out/local_query_embeddings_1024.parquet,/home/yunchih/code/simsearch/python/query_embeddings/combined.jsonl,313,1024,100,10,two_step_mf_RF10,289,0,0.003126,0.000642,0.003366,0.087394,0.001393,0.096882,0.25111553767168043,0.19047619047619047,313
0bbeb0653a569e5394ac94a502549b079f7a055c,meow1,AMD Ryzen 9 9950X 16-Core Processor,c++ (Ubuntu 15.2.0-4ubuntu4) 15.2.0,CMAKE_CXX_FLAGS:STRING= CMAKE_CXX_FLAGS_RELEASE:STRING=-O3 -DNDEBUG,wikimedia_wikipedia_mxbai,/home/yunchih/code/simsearch/python/out/local_query_embeddings_1024.parquet,/home/yunchih/code/simsearch/python/query_embeddings/combined.jsonl,313,1024,100,50,two_step_mf_RF50,289,0,0.001062,0.000632,0.003406,0.086763,0.001403,0.094137,0.25111553767168043,0.19047619047619047,313
0bbeb0653a569e5394ac94a502549b079f7a055c,meow1,AMD Ryzen 9 9950X 16-Core Processor,c++ (Ubuntu 15.2.0-4ubuntu4) 15.2.0,CMAKE_CXX_FLAGS:STRING= CMAKE_CXX_FLAGS_RELEASE:STRING=-O3 -DNDEBUG,wikimedia_wikipedia_mxbai,/home/yunchih/code/simsearch/python/out/local_query_embeddings_1024.parquet,/home/yunchih/code/simsearch/python/query_embeddings/combined.jsonl,313,1024,100,0,float32_avx2,290,0,0.0,0.0,0.0,0.0,0.0,0.011,1.0000000000000004,1.0,100
0bbeb0653a569e5394ac94a502549b079f7a055c,meow1,AMD Ryzen 9 9950X 16-Core Processor,c++ (Ubuntu 15.2.0-4ubuntu4) 15.2.0,CMAKE_CXX_FLAGS:STRING= CMAKE_CXX_FLAGS_RELEASE:STRING=-O3 -DNDEBUG,wikimedia_wikipedia_mxbai,/home/yunchih/code/simsearch/python/out/local_query_embeddings_1024.parquet,/home/yunchih/code/simsearch/python/query_embeddings/combined.jsonl,313,1024,100,0,binary,290,0,0.003327,0.000651,0.001042,0.0,0.0,0.005741,1.0000000000000004,1.0,100
0bbeb0653a569e5394ac94a502549b079f7a055c,meow1,AMD Ryzen 9 9950X 16-Core Processor,c++ (Ubuntu 15.2.0-4ubuntu4) 15.2.0,CMAKE_CXX_FLAGS:STRING= CMAKE_CXX_FLAGS_RELEASE:STRING=-O3 -DNDEBUG,wikimedia_wikipedia_mxbai,/home/yunchih/code/simsearch/python/out/local_query_embeddings_1024.parquet,/home/yunchih/code/simsearch/python/query_embeddings/combined.jsonl,313,1024,100,10,two_step_RF10,290,0,0.003247,0.000631,0.003376,0.011501,0.001433,0.02117,0.25111553767168043,0.19047619047619047,313
0bbeb0653a569e5394ac94a502549b079f7a055c,meow1,AMD Ryzen 9 9950X 16-Core Processor,c++ (Ubuntu 15.2.0-4ubuntu4) 15.2.0,CMAKE_CXX_FLAGS:STRING= CMAKE_CXX_FLAGS_RELEASE:STRING=-O3 -DNDEBUG,wikimedia_wikipedia_mxbai,/home/yunchih/code/simsearch/python/out/local_query_embeddings_1024.parquet,/home/yunchih/code/simsearch/python/query_embeddings/combined.jsonl,313,1024,100,50,two_step_RF50,290,0,0.000651,0.000691,0.003387,0.011342,0.001432,0.018514,0.25111553767168043,0.19047619047619047,313
0bbeb0653a569e5394ac94a502549b079f7a055c,meow1,AMD Ryzen 9 9950X 16-Core Processor,c++ (Ubuntu 15.2.0-4ubuntu4) 15.2.0,CMAKE_CXX_FLAGS:STRING= CMAKE_CXX_FLAGS_RELEASE:STRING=-O3 -DNDEBUG,wikimedia_wikipedia_mxbai,/home/yunchih/code/simsearch/python/out/local_query_embeddings_1024.parquet,/home/yunchih/code/simsearch/python/query_embeddings/combined.jsonl,313,1024,100,10,two_step_mf_RF10,290,0,0.003246,0.000651,0.003427,0.087374,0.001433,0.097042,0.25111553767168043,0.19047619047619047,313
0bbeb0653a569e5394ac94a502549b079f7a055c,meow1,AMD Ryzen 9 9950X 16-Core Processor,c++ (Ubuntu 15.2.0-4ubuntu4) 15.2.0,CMAKE_CXX_FLAGS:STRING= CMAKE_CXX_FLAGS_RELEASE:STRING=-O3 -DNDEBUG,wikimedia_wikipedia_mxbai,/home/yunchih/code/simsearch/python/out/local_query_embeddings_1024.parquet,/home/yunchih/code/simsearch/python/query_embeddings/combined.jsonl,313,1024,100,50,two_step_mf_RF50,290,0,0.001112,0.000641,0.003396,0.086743,0.001372,0.094116,0.25111553767168043,0.19047619047619047,313
0bbeb0653a569e5394ac94a502549b079f7a055c,meow1,AMD Ryzen 9 9950X 16-Core Processor,c++ (Ubuntu 15.2.0-4ubuntu4) 15.2.0,CMAKE_CXX_FLAGS:STRING= CMAKE_CXX_FLAGS_RELEASE:STRING=-O3 -DNDEBUG,wikimedia_wikipedia_mxbai,/home/yunchih/code/simsearch/python/out/local_query_embeddings_1024.parquet,/home/yunchih/code/simsearch/python/query_embeddings/combined.jsonl,313,1024,100,0,float32_avx2,291,0,0.0,0.0,0.0,0.0,0.0,0.012,1.0000000000000004,1.0,100
0bbeb0653a569e5394ac94a502549b079f7a055c,meow1,AMD Ryzen 9 9950X 16-Core Processor,c++ (Ubuntu 15.2.0-4ubuntu4) 15.2.0,CMAKE_CXX_FLAGS:STRING= CMAKE_CXX_FLAGS_RELEASE:STRING=-O3 -DNDEBUG,wikimedia_wikipedia_mxbai,/home/yunchih/code/simsearch/python/out/local_query_embeddings_1024.parquet,/home/yunchih/code/simsearch/python/query_embeddings/combined.jsonl,313,1024,100,0,binary,291,0,0.003476,0.000642,0.001031,0.0,0.0,0.005871,1.0000000000000004,1.0,100
0bbeb0653a569e5394ac94a502549b079f7a055c,meow1,AMD Ryzen 9 9950X 16-Core Processor,c++ (Ubuntu 15.2.0-4ubuntu4) 15.2.0,CMAKE_CXX_FLAGS:STRING= CMAKE_CXX_FLAGS_RELEASE:STRING=-O3 -DNDEBUG,wikimedia_wikipedia_mxbai,/home/yunchih/code/simsearch/python/out/local_query_embeddings_1024.parquet,/home/yunchih/code/simsearch/python/query_embeddings/combined.jsonl,313,1024,100,10,two_step_RF10,291,0,0.003126,0.000601,0.003417,0.011542,0.001413,0.02109,0.25111553767168043,0.19047619047619047,313
0bbeb0653a569e5394ac94a502549b079f7a055c,meow1,AMD Ryzen 9 9950X 16-Core Processor,c++ (Ubuntu 15.2.0-4ubuntu4) 15.2.0,CMAKE_CXX_FLAGS:STRING= CMAKE_CXX_FLAGS_RELEASE:STRING=-O3 -DNDEBUG,wikimedia_wikipedia_mxbai,/home/yunchih/code/simsearch/python/out/local_query_embeddings_1024.parquet,/home/yunchih/code/simsearch/python/query_embeddings/combined.jsonl,313,1024,100,50,two_step_RF50,291,0,0.000932,0.000671,0.003406,0.011401,0.001433,0.018916,0.25111553767168043,0.19047619047619047,313
0bbeb0653a569e5394ac94a502549b079f7a055c,meow1,AMD Ryzen 9 9950X 16-Core Processor,c++ (Ubuntu 15.2.0-4ubuntu4) 15.2.0,CMAKE_CXX_FLAGS:STRING= CMAKE_CXX_FLAGS_RELEASE:STRING=-O3 -DNDEBUG,wikimedia_wikipedia_mxbai,/home/yunchih/code/simsearch/python/out/local_query_embeddings_1024.parquet,/home/yunchih/code/simsearch/python/query_embeddings/combined.jsonl,313,1024,100,10,two_step_mf_RF10,291,0,0.003276,0.000641,0.003417,0.087494,0.001403,0.097202,0.25111553767168043,0.19047619047619047,313
0bbeb0653a569e5394ac94a502549b079f7a055c,meow1,AMD Ryzen 9 9950X 16-Core Processor,c++ (Ubuntu 15.2.0-4ubuntu4) 15.2.0,CMAKE_CXX_FLAGS:STRING= CMAKE_CXX_FLAGS_RELEASE:STRING=-O3 -DNDEBUG,wikimedia_wikipedia_mxbai,/home/yunchih/code/simsearch/python/out/local_query_embeddings_1024.parquet,/home/yunchih/code/simsearch/python/query_embeddings/combined.jsonl,313,1024,100,50,two_step_mf_RF50,291,0,0.000912,0.000631,0.003387,0.086883,0.001353,0.094037,0.25111553767168043,0.19047619047619047,313
0bbeb0653a569e5394ac94a502549b079f7a055c,meow1,AMD Ryzen 9 9950X 16-Core Processor,c++ (Ubuntu 15.2.0-4ubuntu4) 15.2.0,CMAKE_CXX_FLAGS:STRING= CMAKE_CXX_FLAGS_RELEASE:STRING=-O3 -DNDEBUG,wikimedia_wikipedia_mxbai,/home/yunchih/code/simsearch/python/out/local_query_embeddings_1024.parquet,/home/yunchih/code/simsearch/python/query_embeddings/combined.jsonl,313,1024,100,0,float32_avx2,292,0,0.0,0.0,0.0,0.0,0.0,0.012,1.0000000000000004,1.0,100
0bbeb0653a569e5394ac94a502549b079f7a055c,meow1,AMD Ryzen 9 9950X 16-Core Processor,c++ (Ubuntu 15.2.0-4ubuntu4) 15.2.0,CMAKE_CXX_FLAGS:STRING= CMAKE_CXX_FLAGS_RELEASE:STRING=-O3 -DNDEBUG,wikimedia_wikipedia_mxbai,/home/yunchih/code/simsearch/python/out/local_query_embeddings_1024.parquet,/home/yunchih/code/simsearch/python/query_embeddings/combined.jsonl,313,1024,100,0,binary,292,0,0.003357,0.000651,0.001062,0.0,0.0,0.005791,1.0000000000000004,1.0,100
0bbeb0653a569e5394ac94a502549b079f7a055c,meow1,AMD Ryzen 9 9950X 16-Core Processor,c++ (Ubuntu 15.2.0-4ubuntu4) 15.2.0,CMAKE_CXX_FLAGS:STRING= CMAKE_CXX_FLAGS_RELEASE:STRING=-O3 -DNDEBUG,wikimedia_wikipedia_mxbai,/home/yunchih/code/simsearch/python/out/local_query_embeddings_1024.parquet,/home/yunchih/code/simsearch/python/query_embeddings/combined.jsonl,313,1024,100,10,two_step_RF10,292,0,0.003246,0.000631,0.003387,0.011422,0.001422,0.021079,0.25111553767168043,0.19047619047619047,313
0bbeb0653a569e5394ac94a502549b079f7a055c,meow1,AMD Ryzen 9 9950X 16-Core Processor,c++ (Ubuntu 15.2.0-4ubuntu4) 15.2.0,CMAKE_CXX_FLAGS:STRING= CMAKE_CXX_FLAGS_RELEASE:STRING=-O3 -DNDEBUG,wikimedia_wikipedia_mxbai,/home/yunchih/code/simsearch/python/out/local_query_embeddings_1024.parquet,/home/yunchih/code/simsearch/python/query_embeddings/combined.jsonl,313,1024,100,50,two_step_RF50,292,0,0.000932,0.000661,0.003407,0.011442,0.001463,0.018936,0.25111553767168043,0.19047619047619047,313
0bbeb0653a569e5394ac94a502549b079f7a055c,meow1,AMD Ryzen 9 9950X 16-Core Processor,c++ (Ubuntu 15.2.0-4ubuntu4) 15.2.0,CMAKE_CXX_FLAGS:STRING= CMAKE_CXX_FLAGS_RELEASE:STRING=-O3 -DNDEBUG,wikimedia_wikipedia_mxbai,/home/yunchih/code/simsearch/python/out/local_query_embeddings_1024.parquet,/home/yunchih/code/simsearch/python/query_embeddings/combined.jsonl,313,1024,100,10,two_step_mf_RF10,292,0,0.003666,0.000641,0.003376,0.088987,0.001432,0.099046,0.25111553767168043,0.19047619047619047,313
0bbeb0653a569e5394ac94a502549b079f7a055c,meow1,AMD Ryzen 9 9950X 16-Core Processor,c++ (Ubuntu 15.2.0-4ubuntu4) 15.2.0,CMAKE_CXX_FLAGS:STRING= CMAKE_CXX_FLAGS_RELEASE:STRING=-O3 -DNDEBUG,wikimedia_wikipedia_mxbai,/home/yunchih/code/simsearch/python/out/local_query_embeddings_1024.parquet,/home/yunchih/code/simsearch/python/query_embeddings/combined.jsonl,313,1024,100,50,two_step_mf_RF50,292,0,0.001293,0.000651,0.003366,0.086703,0.001392,0.094267,0.25111553767168043,0.19047619047619047,313
0bbeb0653a569e5394ac94a502549b079f7a055c,meow1,AMD Ryzen 9 9950X 16-Core Processor,c++ (Ubuntu 15.2.0-4ubuntu4) 15.2.0,CMAKE_CXX_FLAGS:STRING= CMAKE_CXX_FLAGS_RELEASE:STRING=-O3 -DNDEBUG,wikimedia_wikipedia_mxbai,/home/yunchih/code/simsearch/python/out/local_query_embeddings_1024.parquet,/home/yunchih/code/simsearch/python/query_embeddings/combined.jsonl,313,1024,100,0,float32_avx2,293,0,0.0,0.0,0.0,0.0,0.0,0.012,1.0000000000000004,1.0,100
0bbeb0653a569e5394ac94a502549b079f7a055c,meow1,AMD Ryzen 9 9950X 16-Core Processor,c++ (Ubuntu 15.2.0-4ubuntu4) 15.2.0,CMAKE_CXX_FLAGS:STRING= CMAKE_CXX_FLAGS_RELEASE:STRING=-O3 -DNDEBUG,wikimedia_wikipedia_mxbai,/home/yunchih/code/simsearch/python/out/local_query_embeddings_1024.parquet,/home/yunchih/code/simsearch/python/query_embeddings/combined.jsonl,313,1024,100,0,binary,293,0,0.003377,0.000661,0.001112,0.0,0.0,0.005891,1.0000000000000004,1.0,100
0bbeb0653a569e5394ac94a502549b079f7a055c,meow1,AMD Ryzen 9 9950X 16-Core Processor,c++ (Ubuntu 15.2.0-4ubuntu4) 15.2.0,CMAKE_CXX_FLAGS:STRING= CMAKE_CXX_FLAGS_RELEASE:STRING=-O3 -DNDEBUG,wikimedia_wikipedia_mxbai,/home/yunchih/code/simsearch/python/out/local_query_embeddings_1024.parquet,/home/yunchih/code/simsearch/python/query_embeddings/combined.jsonl,313,1024,100,10,two_step_RF10,293,0,0.003056,0.000631,0.003416,0.011502,0.001432,0.021019,0.25111553767168043,0.19047619047619047,313
0bbeb0653a569e5394ac94a502549b079f7a055c,meow1,AMD Ryzen 9 9950X 16-Core Processor,c++ (Ubuntu 15.2.0-4ubuntu4) 15.2.0,CMAKE_CXX_FLAGS:STRING= CMAKE_CXX_FLAGS_RELEASE:STRING=-O3 -DNDEBUG,wikimedia_wikipedia_mxbai,/home/yunchih/code/simsearch/python/out/local_query_embeddings_1024.parquet,/home/yunchih/code/simsearch/python/query_embeddings/combined.jsonl,313,1024,100,50,two_step_RF50,293,0,0.000902,0.000681,0.003437,0.011341,0.001442,0.018895,0.25111553767168043,0.19047619047619047,313
0bbeb0653a569e5394ac94a502549b079f7a055c,meow1,AMD Ryzen 9 9950X 16-Core Processor,c++ (Ubuntu 15.2.0-4ubuntu4) 15.2.0,CMAKE_CXX_FLAGS:STRING= CMAKE_CXX_FLAGS_RELEASE:STRING=-O3 -DNDEBUG,wikimedia_wikipedia_mxbai,/home/yunchih/code/simsearch/python/out/local_query_embeddings_1024.parquet,/home/yunchih/code/simsearch/python/query_embeddings/combined.jsonl,313,1024,100,10,two_step_mf_RF10,293,0,0.003196,0.000661,0.003396,0.087414,0.001383,0.097023,0.25111553767168043,0.19047619047619047,313
0bbeb0653a569e5394ac94a502549b079f7a055c,meow1,AMD Ryzen 9 9950X 16-Core Processor,c++ (Ubuntu 15.2.0-4ubuntu4) 15.2.0,CMAKE_CXX_FLAGS:STRING= CMAKE_CXX_FLAGS_RELEASE:STRING=-O3 -DNDEBUG,wikimedia_wikipedia_mxbai,/home/yunchih/code/simsearch/python/out/local_query_embeddings_1024.parquet,/home/yunchih/code/simsearch/python/query_embeddings/combined.jsonl,313,1024,100,50,two_step_mf_RF50,293,0,0.001102,0.000651,0.003396,0.086693,0.001362,0.094076,0.25111553767168043,0.19047619047619047,313
0bbeb0653a569e5394ac94a502549b079f7a055c,meow1,AMD Ryzen 9 9950X 16-Core Processor,c++ (Ubuntu 15.2.0-4ubuntu4) 15.2.0,CMAKE_CXX_FLAGS:STRING= CMAKE_CXX_FLAGS_RELEASE:STRING=-O3 -DNDEBUG,wikimedia_wikipedia_mxbai,/home/yunchih/code/simsearch/python/out/local_query_embeddings_1024.parquet,/home/yunchih/code/simsearch/python/query_embeddings/combined.jsonl,313,1024,100,0,float32_avx2,294,0,0.0,0.0,0.0,0.0,0.0,0.012,1.0000000000000004,1.0,100
0bbeb0653a569e5394ac94a502549b079f7a055c,meow1,AMD Ryzen 9 9950X 16-Core Processor,c++ (Ubuntu 15.2.0-4ubuntu4) 15.2.0,CMAKE_CXX_FLAGS:STRING= CMAKE_CXX_FLAGS_RELEASE:STRING=-O3 -DNDEBUG,wikimedia_wikipedia_mxbai,/home/yunchih/code/simsearch/python/out/local_query_embeddings_1024.parquet,/home/yunchih/code/simsearch/python/query_embeddings/combined.jsonl,313,1024,100,0,binary,294,0,0.003387,0.000661,0.001022,0.0,0.0,0.005791,1.0000000000000004,1.0,100
0bbeb0653a569e5394ac94a502549b079f7a055c,meow1,AMD Ryzen 9 9950X 16-Core Processor,c++ (Ubuntu 15.2.0-4ubuntu4) 15.2.0,CMAKE_CXX_FLAGS:STRING= CMAKE_CXX_FLAGS_RELEASE:STRING=-O3 -DNDEBUG,wikimedia_wikipedia_mxbai,/home/yunchih/code/simsearch/python/out/local_query_embeddings_1024.parquet,/home/yunchih/code/simsearch/python/query_embeddings/combined.jsonl,313,1024,100,10,two_step_RF10,294,0,0.003206,0.000632,0.003376,0.011662,0.001433,0.02131,0.25111553767168043,0.19047619047619047,313
0bbeb0653a569e5394ac94a502549b079f7a055c,meow1,AMD Ryzen 9 9950X 16-Core Processor,c++ (Ubuntu 15.2.0-4ubuntu4) 15.2.0,CMAKE_CXX_FLAGS:STRING= CMAKE_CXX_FLAGS_RELEASE:STRING=-O3 -DNDEBUG,wikimedia_wikipedia_mxbai,/home/yunchih/code/simsearch/python/out/local_query_embeddings_1024.parquet,/home/yunchih/code/simsearch/python/query_embeddings/combined.jsonl,313,1024,100,50,two_step_RF50,294,0,0.000822,0.000661,0.003396,0.011341,0.001423,0.018645,0.25111553767168043,0.19047619047619047,313
0bbeb0653a569e5394ac94a502549b079f7a055c,meow1,AMD Ryzen 9 9950X 16-Core Processor,c++ (Ubuntu 15.2.0-4ubuntu4) 15.2.0,CMAKE_CXX_FLAGS:STRING= CMAKE_CXX_FLAGS_RELEASE:STRING=-O3 -DNDEBUG,wikimedia_wikipedia_mxbai,/home/yunchih/code/simsearch/python/out/local_query_embeddings_1024.parquet,/home/yunchih/code/simsearch/python/query_embeddings/combined.jsonl,313,1024,100,10,two_step_mf_RF10,294,0,0.003176,0.000651,0.003406,0.087504,0.001383,0.097062,0.25111553767168043,0.19047619047619047,313
0bbeb0653a569e5394ac94a502549b079f7a055c,meow1,AMD Ryzen 9 9950X 16-Core Processor,c++ (Ubuntu 15.2.0-4ubuntu4) 15.2.0,CMAKE_CXX_FLAGS:STRING= CMAKE_CXX_FLAGS_RELEASE:STRING=-O3 -DNDEBUG,wikimedia_wikipedia_mxbai,/home/yunchih/code/simsearch/python/out/local_query_embeddings_1024.parquet,/home/yunchih/code/simsearch/python/query_embeddings/combined.jsonl,313,1024,100,50,two_step_mf_RF50,294,0,0.001031,0.000631,0.003406,0.086874,0.001342,0.094146,0.25111553767168043,0.19047619047619047,313
0bbeb0653a569e5394ac94a502549b079f7a055c,meow1,AMD Ryzen 9 9950X 16-Core Processor,c++ (Ubuntu 15.2.0-4ubuntu4) 15.2.0,CMAKE_CXX_FLAGS:STRING= CMAKE_CXX_FLAGS_RELEASE:STRING=-O3 -DNDEBUG,wikimedia_wikipedia_mxbai,/home/yunchih/code/simsearch/python/out/local_query_embeddings_1024.parquet,/home/yunchih/code/simsearch/python/query_embeddings/combined.jsonl,313,1024,100,0,float32_avx2,295,0,0.0,0.0,0.0,0.0,0.0,0.012,1.0000000000000004,1.0,100
0bbeb0653a569e5394ac94a502549b079f7a055c,meow1,AMD Ryzen 9 9950X 16-Core Processor,c++ (Ubuntu 15.2.0-4ubuntu4) 15.2.0,CMAKE_CXX_FLAGS:STRING= CMAKE_CXX_FLAGS_RELEASE:STRING=-O3 -DNDEBUG,wikimedia_wikipedia_mxbai,/home/yunchih/code/simsearch/python/out/local_query_embeddings_1024.parquet,/home/yunchih/code/simsearch/python/query_embeddings/combined.jsonl,313,1024,100,0,binary,295,0,0.003577,0.000641,0.001012,0.0,0.0,0.005982,1.0000000000000004,1.0,100
0bbeb0653a569e5394ac94a502549b079f7a055c,meow1,AMD Ryzen 9 9950X 16-Core Processor,c++ (Ubuntu 15.2.0-4ubuntu4) 15.2.0,CMAKE_CXX_FLAGS:STRING= CMAKE_CXX_FLAGS_RELEASE:STRING=-O3 -DNDEBUG,wikimedia_wikipedia_mxbai,/home/yunchih/code/simsearch/python/out/local_query_embeddings_1024.parquet,/home/yunchih/code/simsearch/python/query_embeddings/combined.jsonl,313,1024,100,10,two_step_RF10,295,0,0.003196,0.000612,0.003376,0.011532,0.001403,0.02111,0.25111553767168043,0.19047619047619047,313
0bbeb0653a569e5394ac94a502549b079f7a055c,meow1,AMD Ryzen 9 9950X 16-Core Processor,c++ (Ubuntu 15.2.0-4ubuntu4) 15.2.0,CMAKE_CXX_FLAGS:STRING= CMAKE_CXX_FLAGS_RELEASE:STRING=-O3 -DNDEBUG,wikimedia_wikipedia_mxbai,/home/yunchih/code/simsearch/python/out/local_query_embeddings_1024.parquet,/home/yunchih/code/simsearch/python/query_embeddings/combined.jsonl,313,1024,100,50,two_step_RF50,295,0,0.000981,0.000651,0.003406,0.011451,0.001473,0.019006,0.25111553767168043,0.19047619047619047,313
0bbeb0653a569e5394ac94a502549b079f7a055c,meow1,AMD Ryzen 9 9950X 16-Core Processor,c++ (Ubuntu 15.2.0-4ubuntu4) 15.2.0,CMAKE_CXX_FLAGS:STRING= CMAKE_CXX_FLAGS_RELEASE:STRING=-O3 -DNDEBUG,wikimedia_wikipedia_mxbai,/home/yunchih/code/simsearch/python/out/local_query_embeddings_1024.parquet,/home/yunchih/code/simsearch/python/query_embeddings/combined.jsonl,313,1024,100,10,two_step_mf_RF10,295,0,0.003447,0.000641,0.003387,0.087585,0.001372,0.097403,0.25111553767168043,0.19047619047619047,313
0bbeb0653a569e5394ac94a502549b079f7a055c,meow1,AMD Ryzen 9 9950X 16-Core Processor,c++ (Ubuntu 15.2.0-4ubuntu4) 15.2.0,CMAKE_CXX_FLAGS:STRING= CMAKE_CXX_FLAGS_RELEASE:STRING=-O3 -DNDEBUG,wikimedia_wikipedia_mxbai,/home/yunchih/code/simsearch/python/out/local_query_embeddings_1024.parquet,/home/yunchih/code/simsearch/python/query_embeddings/combined.jsonl,313,1024,100,50,two_step_mf_RF50,295,0,0.001002,0.000621,0.005,0.086863,0.001413,0.09577,0.25111553767168043,0.19047619047619047,313
0bbeb0653a569e5394ac94a502549b079f7a055c,meow1,AMD Ryzen 9 9950X 16-Core Processor,c++ (Ubuntu 15.2.0-4ubuntu4) 15.2.0,CMAKE_CXX_FLAGS:STRING= CMAKE_CXX_FLAGS_RELEASE:STRING=-O3 -DNDEBUG,wikimedia_wikipedia_mxbai,/home/yunchih/code/simsearch/python/out/local_query_embeddings_1024.parquet,/home/yunchih/code/simsearch/python/query_embeddings/combined.jsonl,313,1024,100,0,float32_avx2,296,0,0.0,0.0,0.0,0.0,0.0,0.012,1.0000000000000004,1.0,100
0bbeb0653a569e5394ac94a502549b079f7a055c,meow1,AMD Ryzen 9 9950X 16-Core Processor,c++ (Ubuntu 15.2.0-4ubuntu4) 15.2.0,CMAKE_CXX_FLAGS:STRING= CMAKE_CXX_FLAGS_RELEASE:STRING=-O3 -DNDEBUG,wikimedia_wikipedia_mxbai,/home/yunchih/code/simsearch/python/out/local_query_embeddings_1024.parquet,/home/yunchih/code/simsearch/python/query_embeddings/combined.jsonl,313,1024,100,0,binary,296,0,0.003246,0.000651,0.001062,0.0,0.0,0.005661,1.0000000000000004,1.0,100
0bbeb0653a569e5394ac94a502549b079f7a055c,meow1,AMD Ryzen 9 9950X 16-Core Processor,c++ (Ubuntu 15.2.0-4ubuntu4) 15.2.0,CMAKE_CXX_FLAGS:STRING= CMAKE_CXX_FLAGS_RELEASE:STRING=-O3 -DNDEBUG,wikimedia_wikipedia_mxbai,/home/yunchih/code/simsearch/python/out/local_query_embeddings_1024.parquet,/home/yunchih/code/simsearch/python/query_embeddings/combined.jsonl,313,1024,100,10,two_step_RF10,296,0,0.003006,0.000631,0.003386,0.011582,0.001402,0.020969,0.25111553767168043,0.19047619047619047,313
0bbeb0653a569e5394ac94a502549b079f7a055c,meow1,AMD Ryzen 9 9950X 16-Core Processor,c++ (Ubuntu 15.2.0-4ubuntu4) 15.2.0,CMAKE_CXX_FLAGS:STRING= CMAKE_CXX_FLAGS_RELEASE:STRING=-O3 -DNDEBUG,wikimedia_wikipedia_mxbai,/home/yunchih/code/simsearch/python/out/local_query_embeddings_1024.parquet,/home/yunchih/code/simsearch/python/query_embeddings/combined.jsonl,313,1024,100,50,two_step_RF50,296,0,0.000891,0.000661,0.003406,0.011411,0.001423,0.018805,0.25111553767168043,0.19047619047619047,313
0bbeb0653a569e5394ac94a502549b079f7a055c,meow1,AMD Ryzen 9 9950X 16-Core Processor,c++ (Ubuntu 15.2.0-4ubuntu4) 15.2.0,CMAKE_CXX_FLAGS:STRING= CMAKE_CXX_FLAGS_RELEASE:STRING=-O3 -DNDEBUG,wikimedia_wikipedia_mxbai,/home/yunchih/code/simsearch/python/out/local_query_embeddings_1024.parquet,/home/yunchih/code/simsearch/python/query_embeddings/combined.jsonl,313,1024,100,10,two_step_mf_RF10,296,0,0.003156,0.000671,0.003376,0.087354,0.001433,0.096902,0.25111553767168043,0.19047619047619047,313
0bbeb0653a569e5394ac94a502549b079f7a055c,meow1,AMD Ryzen 9 9950X 16-Core Processor,c++ (Ubuntu 15.2.0-4ubuntu4) 15.2.0,CMAKE_CXX_FLAGS:STRING= CMAKE_CXX_FLAGS_RELEASE:STRING=-O3 -DNDEBUG,wikimedia_wikipedia_mxbai,/home/yunchih/code/simsearch/python/out/local_query_embeddings_1024.parquet,/home/yunchih/code/simsearch/python/query_embeddings/combined.jsonl,313,1024,100,50,two_step_mf_RF50,296,0,0.000982,0.000652,0.003376,0.086803,0.001373,0.094037,0.25111553767168043,0.19047619047619047,313
0bbeb0653a569e5394ac94a502549b079f7a055c,meow1,AMD Ryzen 9 9950X 16-Core Processor,c++ (Ubuntu 15.2.0-4ubuntu4) 15.2.0,CMAKE_CXX_FLAGS:STRING= CMAKE_CXX_FLAGS_RELEASE:STRING=-O3 -DNDEBUG,wikimedia_wikipedia_mxbai,/home/yunchih/code/simsearch/python/out/local_query_embeddings_1024.parquet,/home/yunchih/code/simsearch/python/query_embeddings/combined.jsonl,313,1024,100,0,float32_avx2,297,0,0.0,0.0,0.0,0.0,0.0,0.012,1.0000000000000004,1.0,100
0bbeb0653a569e5394ac94a502549b079f7a055c,meow1,AMD Ryzen 9 9950X 16-Core Processor,c++ (Ubuntu 15.2.0-4ubuntu4) 15.2.0,CMAKE_CXX_FLAGS:STRING= CMAKE_CXX_FLAGS_RELEASE:STRING=-O3 -DNDEBUG,wikimedia_wikipedia_mxbai,/home/yunchih/code/simsearch/python/out/local_query_embeddings_1024.parquet,/home/yunchih/code/simsearch/python/query_embeddings/combined.jsonl,313,1024,100,0,binary,297,0,0.003407,0.000651,0.001002,0.0,0.0,0.005801,1.0000000000000004,1.0,100
0bbeb0653a569e5394ac94a502549b079f7a055c,meow1,AMD Ryzen 9 9950X 16-Core Processor,c++ (Ubuntu 15.2.0-4ubuntu4) 15.2.0,CMAKE_CXX_FLAGS:STRING= CMAKE_CXX_FLAGS_RELEASE:STRING=-O3 -DNDEBUG,wikimedia_wikipedia_mxbai,/home/yunchih/code/simsearch/python/out/local_query_embeddings_1024.parquet,/home/yunchih/code/simsearch/python/query_embeddings/combined.jsonl,313,1024,100,10,two_step_RF10,297,0,0.003326,0.000631,0.003387,0.011732,0.001423,0.0215,0.25111553767168043,0.19047619047619047,313
0bbeb0653a569e5394ac94a502549b079f7a055c,meow1,AMD Ryzen 9 9950X 16-Core Processor,c++ (Ubuntu 15.2.0-4ubuntu4) 15.2.0,CMAKE_CXX_FLAGS:STRING= CMAKE_CXX_FLAGS_RELEASE:STRING=-O3 -DNDEBUG,wikimedia_wikipedia_mxbai,/home/yunchih/code/simsearch/python/out/local_query_embeddings_1024.parquet,/home/yunchih/code/simsearch/python/query_embeddings/combined.jsonl,313,1024,100,50,two_step_RF50,297,0,0.000811,0.000682,0.003376,0.011451,0.001473,0.018845,0.25111553767168043,0.19047619047619047,313
0bbeb0653a569e5394ac94a502549b079f7a055c,meow1,AMD Ryzen 9 9950X 16-Core Processor,c++ (Ubuntu 15.2.0-4ubuntu4) 15.2.0,CMAKE_CXX_FLAGS:STRING= CMAKE_CXX_FLAGS_RELEASE:STRING=-O3 -DNDEBUG,wikimedia_wikipedia_mxbai,/home/yunchih/code/simsearch/python/out/local_query_embeddings_1024.parquet,/home/yunchih/code/simsearch/python/query_embeddings/combined.jsonl,313,1024,100,10,two_step_mf_RF10,297,0,0.003236,0.000661,0.003407,0.087474,0.001383,0.097112,0.25111553767168043,0.19047619047619047,313
0bbeb0653a569e5394ac94a502549b079f7a055c,meow1,AMD Ryzen 9 9950X 16-Core Processor,c++ (Ubuntu 15.2.0-4ubuntu4) 15.2.0,CMAKE_CXX_FLAGS:STRING= CMAKE_CXX_FLAGS_RELEASE:STRING=-O3 -DNDEBUG,wikimedia_wikipedia_mxbai,/home/yunchih/code/simsearch/python/out/local_query_embeddings_1024.parquet,/home/yunchih/code/simsearch/python/query_embeddings/combined.jsonl,313,1024,100,50,two_step_mf_RF50,297,0,0.000882,0.000641,0.003416,0.086863,0.001403,0.094077,0.25111553767168043,0.19047619047619047,313
0bbeb0653a569e5394ac94a502549b079f7a055c,meow1,AMD Ryzen 9 9950X 16-Core Processor,c++ (Ubuntu 15.2.0-4ubuntu4) 15.2.0,CMAKE_CXX_FLAGS:STRING= CMAKE_CXX_FLAGS_RELEASE:STRING=-O3 -DNDEBUG,wikimedia_wikipedia_mxbai,/home/yunchih/code/simsearch/python/out/local_query_embeddings_1024.parquet,/home/yunchih/code/simsearch/python/query_embeddings/combined.jsonl,313,1024,100,0,float32_avx2,298,0,0.0,0.0,0.0,0.0,0.0,0.011,1.0000000000000004,1.0,100
0bbeb0653a569e5394ac94a502549b079f7a055c,meow1,AMD Ryzen 9 9950X 16-Core Processor,c++ (Ubuntu 15.2.0-4ubuntu4) 15.2.0,CMAKE_CXX_FLAGS:STRING= CMAKE_CXX_FLAGS_RELEASE:STRING=-O3 -DNDEBUG,wikimedia_wikipedia_mxbai,/home/yunchih/code/simsearch/python/out/local_query_embeddings_1024.parquet,/home/yunchih/code/simsearch/python/query_embeddings/combined.jsonl,313,1024,100,0,binary,298,0,0.003546,0.000642,0.001042,0.0,0.0,0.005961,1.0000000000000004,1.0,100
0bbeb0653a569e5394ac94a502549b079f7a055c,meow1,AMD Ryzen 9 9950X 16-Core Processor,c++ (Ubuntu 15.2.0-4ubuntu4) 15.2.0,CMAKE_CXX_FLAGS:STRING= CMAKE_CXX_FLAGS_RELEASE:STRING=-O3 -DNDEBUG,wikimedia_wikipedia_mxbai,/home/yunchih/code/simsearch/python/out/local_query_embeddings_1024.parquet,/home/yunchih/code/simsearch/python/query_embeddings/combined.jsonl,313,1024,100,10,two_step_RF10,298,0,0.003116,0.000621,0.003366,0.011471,0.001433,0.020999,0.25111553767168043,0.19047619047619047,313
0bbeb0653a569e5394ac94a502549b079f7a055c,meow1,AMD Ryzen 9 9950X 16-Core Processor,c++ (Ubuntu 15.2.0-4ubuntu4) 15.2.0,CMAKE_CXX_FLAGS:STRING= CMAKE_CXX_FLAGS_RELEASE:STRING=-O3 -DNDEBUG,wikimedia_wikipedia_mxbai,/home/yunchih/code/simsearch/python/out/local_query_embeddings_1024.parquet,/home/yunchih/code/simsearch/python/query_embeddings/combined.jsonl,313,1024,100,50,two_step_RF50,298,0,0.000781,0.000692,0.003426,0.011471,0.001433,0.018805,0.25111553767168043,0.19047619047619047,313
0bbeb0653a569e5394ac94a502549b079f7a055c,meow1,AMD Ryzen 9 9950X 16-Core Processor,c++ (Ubuntu 15.2.0-4ubuntu4) 15.2.0,CMAKE_CXX_FLAGS:STRING= CMAKE_CXX_FLAGS_RELEASE:STRING=-O3 -DNDEBUG,wikimedia_wikipedia_mxbai,/home/yunchih/code/simsearch/python/out/local_query_embeddings_1024.parquet,/home/yunchih/code/simsearch/python/query_embeddings/combined.jsonl,313,1024,100,10,two_step_mf_RF10,298,0,0.003106,0.000641,0.003397,0.087554,0.001433,0.097082,0.25111553767168043,0.19047619047619047,313
0bbeb0653a569e5394ac94a502549b079f7a055c,meow1,AMD Ryzen 9 9950X 16-Core Processor,c++ (Ubuntu 15.2.0-4ubuntu4) 15.2.0,CMAKE_CXX_FLAGS:STRING= CMAKE_CXX_FLAGS_RELEASE:STRING=-O3 -DNDEBUG,wikimedia_wikipedia_mxbai,/home/yunchih/code/simsearch/python/out/local_query_embeddings_1024.parquet,/home/yunchih/code/simsearch/python/query_embeddings/combined.jsonl,313,1024,100,50,two_step_mf_RF50,298,0,0.000992,0.000621,0.003406,0.086883,0.001763,0.094527,0.25111553767168043,0.19047619047619047,313
0bbeb0653a569e5394ac94a502549b079f7a055c,meow1,AMD Ryzen 9 9950X 16-Core Processor,c++ (Ubuntu 15.2.0-4ubuntu4) 15.2.0,CMAKE_CXX_FLAGS:STRING= CMAKE_CXX_FLAGS_RELEASE:STRING=-O3 -DNDEBUG,wikimedia_wikipedia_mxbai,/home/yunchih/code/simsearch/python/out/local_query_embeddings_1024.parquet,/home/yunchih/code/simsearch/python/query_embeddings/combined.jsonl,313,1024,100,0,float32_avx2,299,0,0.0,0.0,0.0,0.0,0.0,0.011,1.0000000000000004,1.0,100
0bbeb0653a569e5394ac94a502549b079f7a055c,meow1,AMD Ryzen 9 9950X 16-Core Processor,c++ (Ubuntu 15.2.0-4ubuntu4) 15.2.0,CMAKE_CXX_FLAGS:STRING= CMAKE_CXX_FLAGS_RELEASE:STRING=-O3 -DNDEBUG,wikimedia_wikipedia_mxbai,/home/yunchih/code/simsearch/python/out/local_query_embeddings_1024.parquet,/home/yunchih/code/simsearch/python/query_embeddings/combined.jsonl,313,1024,100,0,binary,299,0,0.003497,0.000641,0.001022,0.0,0.0,0.005901,1.0000000000000004,1.0,100
0bbeb0653a569e5394ac94a502549b079f7a055c,meow1,AMD Ryzen 9 9950X 16-Core Processor,c++ (Ubuntu 15.2.0-4ubuntu4) 15.2.0,CMAKE_CXX_FLAGS:STRING= CMAKE_CXX_FLAGS_RELEASE:STRING=-O3 -DNDEBUG,wikimedia_wikipedia_mxbai,/home/yunchih/code/simsearch/python/out/local_query_embeddings_1024.parquet,/home/yunchih/code/simsearch/python/query_embeddings/combined.jsonl,313,1024,100,10,two_step_RF10,299,0,0.003226,0.000601,0.003387,0.011562,0.001473,0.02124,0.25111553767168043,0.19047619047619047,313
0bbeb0653a569e5394ac94a502549b079f7a055c,meow1,AMD Ryzen 9 9950X 16-Core Processor,c++ (Ubuntu 15.2.0-4ubuntu4) 15.2.0,CMAKE_CXX_FLAGS:STRING= CMAKE_CXX_FLAGS_RELEASE:STRING=-O3 -DNDEBUG,wikimedia_wikipedia_mxbai,/home/yunchih/code/simsearch/python/out/local_query_embeddings_1024.parquet,/home/yunchih/code/simsearch/python/query_embeddings/combined.jsonl,313,1024,100,50,two_step_RF50,299,0,0.000882,0.000651,0.003387,0.011412,0.001493,0.018856,0.25111553767168043,0.19047619047619047,313
0bbeb0653a569e5394ac94a502549b079f7a055c,meow1,AMD Ryzen 9 9950X 16-Core Processor,c++ (Ubuntu 15.2.0-4ubuntu4) 15.2.0,CMAKE_CXX_FLAGS:STRING= CMAKE_CXX_FLAGS_RELEASE:STRING=-O3 -DNDEBUG,wikimedia_wikipedia_mxbai,/home/yunchih/code/simsearch/python/out/local_query_embeddings_1024.parquet,/home/yunchih/code/simsearch/python/query_embeddings/combined.jsonl,313,1024,100,10,two_step_mf_RF10,299,0,0.003326,0.000651,0.003396,0.087485,0.001432,0.097273,0.25111553767168043,0.19047619047619047,313
0bbeb0653a569e5394ac94a502549b079f7a055c,meow1,AMD Ryzen 9 9950X 16-Core Processor,c++ (Ubuntu 15.2.0-4ubuntu4) 15.2.0,CMAKE_CXX_FLAGS:STRING= CMAKE_CXX_FLAGS_RELEASE:STRING=-O3 -DNDEBUG,wikimedia_wikipedia_mxbai,/home/yunchih/code/simsearch/python/out/local_query_embeddings_1024.parquet,/home/yunchih/code/simsearch/python/query_embeddings/combined.jsonl,313,1024,100,50,two_step_mf_RF50,299,0,0.001162,0.000621,0.003386,0.086853,0.001413,0.094317,0.25111553767168043,0.19047619047619047,313
0bbeb0653a569e5394ac94a502549b079f7a055c,meow1,AMD Ryzen 9 9950X 16-Core Processor,c++ (Ubuntu 15.2.0-4ubuntu4) 15.2.0,CMAKE_CXX_FLAGS:STRING= CMAKE_CXX_FLAGS_RELEASE:STRING=-O3 -DNDEBUG,wikimedia_wikipedia_mxbai,/home/yunchih/code/simsearch/python/out/local_query_embeddings_1024.parquet,/home/yunchih/code/simsearch/python/query_embeddings/combined.jsonl,313,1024,100,0,float32_avx2,300,0,0.0,0.0,0.0,0.0,0.0,0.011,1.0000000000000004,1.0,100
0bbeb0653a569e5394ac94a502549b079f7a055c,meow1,AMD Ryzen 9 9950X 16-Core Processor,c++ (Ubuntu 15.2.0-4ubuntu4) 15.2.0,CMAKE_CXX_FLAGS:STRING= CMAKE_CXX_FLAGS_RELEASE:STRING=-O3 -DNDEBUG,wikimedia_wikipedia_mxbai,/home/yunchih/code/simsearch/python/out/local_query_embeddings_1024.parquet,/home/yunchih/code/simsearch/python/query_embeddings/combined.jsonl,313,1024,100,0,binary,300,0,0.003457,0.000661,0.001032,0.0,0.0,0.005861,1.0000000000000004,1.0,100
0bbeb0653a569e5394ac94a502549b079f7a055c,meow1,AMD Ryzen 9 9950X 16-Core Processor,c++ (Ubuntu 15.2.0-4ubuntu4) 15.2.0,CMAKE_CXX_FLAGS:STRING= CMAKE_CXX_FLAGS_RELEASE:STRING=-O3 -DNDEBUG,wikimedia_wikipedia_mxbai,/home/yunchih/code/simsearch/python/out/local_query_embeddings_1024.parquet,/home/yunchih/code/simsearch/python/query_embeddings/combined.jsonl,313,1024,100,10,two_step_RF10,300,0,0.003206,0.000611,0.003367,0.011482,0.001393,0.02101,0.25111553767168043,0.19047619047619047,313
0bbeb0653a569e5394ac94a502549b079f7a055c,meow1,AMD Ryzen 9 9950X 16-Core Processor,c++ (Ubuntu 15.2.0-4ubuntu4) 15.2.0,CMAKE_CXX_FLAGS:STRING= CMAKE_CXX_FLAGS_RELEASE:STRING=-O3 -DNDEBUG,wikimedia_wikipedia_mxbai,/home/yunchih/code/simsearch/python/out/local_query_embeddings_1024.parquet,/home/yunchih/code/simsearch/python/query_embeddings/combined.jsonl,313,1024,100,50,two_step_RF50,300,0,0.000972,0.000682,0.005079,0.011531,0.001483,0.020769,0.25111553767168043,0.19047619047619047,313
0bbeb0653a569e5394ac94a502549b079f7a055c,meow1,AMD Ryzen 9 9950X 16-Core Processor,c++ (Ubuntu 15.2.0-4ubuntu4) 15.2.0,CMAKE_CXX_FLAGS:STRING= CMAKE_CXX_FLAGS_RELEASE:STRING=-O3 -DNDEBUG,wikimedia_wikipedia_mxbai,/home/yunchih/code/simsearch/python/out/local_query_embeddings_1024.parquet,/home/yunchih/code/simsearch/python/query_embeddings/combined.jsonl,313,1024,100,10,two_step_mf_RF10,300,0,0.003356,0.000661,0.003357,0.087314,0.001453,0.097102,0.25111553767168043,0.19047619047619047,313
0bbeb0653a569e5394ac94a502549b079f7a055c,meow1,AMD Ryzen 9 9950X 16-Core Processor,c++ (Ubuntu 15.2.0-4ubuntu4) 15.2.0,CMAKE_CXX_FLAGS:STRING= CMAKE_CXX_FLAGS_RELEASE:STRING=-O3 -DNDEBUG,wikimedia_wikipedia_mxbai,/home/yunchih/code/simsearch/python/out/local_query_embeddings_1024.parquet,/home/yunchih/code/simsearch/python/query_embeddings/combined.jsonl,313,1024,100,50,two_step_mf_RF50,300,0,0.001132,0.000651,0.003396,0.086693,0.001402,0.094126,0.25111553767168043,0.19047619047619047,313
0bbeb0653a569e5394ac94a502549b079f7a055c,meow1,AMD Ryzen 9 9950X 16-Core Processor,c++ (Ubuntu 15.2.0-4ubuntu4) 15.2.0,CMAKE_CXX_FLAGS:STRING= CMAKE_CXX_FLAGS_RELEASE:STRING=-O3 -DNDEBUG,wikimedia_wikipedia_mxbai,/home/yunchih/code/simsearch/python/out/local_query_embeddings_1024.parquet,/home/yunchih/code/simsearch/python/query_embeddings/combined.jsonl,313,1024,100,0,float32_avx2,301,0,0.0,0.0,0.0,0.0,0.0,0.012,1.0000000000000004,1.0,100
0bbeb0653a569e5394ac94a502549b079f7a055c,meow1,AMD Ryzen 9 9950X 16-Core Processor,c++ (Ubuntu 15.2.0-4ubuntu4) 15.2.0,CMAKE_CXX_FLAGS:STRING= CMAKE_CXX_FLAGS_RELEASE:STRING=-O3 -DNDEBUG,wikimedia_wikipedia_mxbai,/home/yunchih/code/simsearch/python/out/local_query_embeddings_1024.parquet,/home/yunchih/code/simsearch/python/query_embeddings/combined.jsonl,313,1024,100,0,binary,301,0,0.003347,0.000641,0.001022,0.0,0.0,0.005731,1.0000000000000004,1.0,100
0bbeb0653a569e5394ac94a502549b079f7a055c,meow1,AMD Ryzen 9 9950X 16-Core Processor,c++ (Ubuntu 15.2.0-4ubuntu4) 15.2.0,CMAKE_CXX_FLAGS:STRING= CMAKE_CXX_FLAGS_RELEASE:STRING=-O3 -DNDEBUG,wikimedia_wikipedia_mxbai,/home/yunchih/code/simsearch/python/out/local_query_embeddings_1024.parquet,/home/yunchih/code/simsearch/python/query_embeddings/combined.jsonl,313,1024,100,10,two_step_RF10,301,0,0.003166,0.000632,0.003396,0.011481,0.001393,0.02105,0.25111553767168043,0.19047619047619047,313
0bbeb0653a569e5394ac94a502549b079f7a055c,meow1,AMD Ryzen 9 9950X 16-Core Processor,c++ (Ubuntu 15.2.0-4ubuntu4) 15.2.0,CMAKE_CXX_FLAGS:STRING= CMAKE_CXX_FLAGS_RELEASE:STRING=-O3 -DNDEBUG,wikimedia_wikipedia_mxbai,/home/yunchih/code/simsearch/python/out/local_query_embeddings_1024.parquet,/home/yunchih/code/simsearch/python/query_embeddings/combined.jsonl,313,1024,100,50,two_step_RF50,301,0,0.000821,0.000692,0.003396,0.011421,0.001423,0.018785,0.25111553767168043,0.19047619047619047,313
0bbeb0653a569e5394ac94a502549b079f7a055c,meow1,AMD Ryzen 9 9950X 16-Core Processor,c++ (Ubuntu 15.2.0-4ubuntu4) 15.2.0,CMAKE_CXX_FLAGS:STRING= CMAKE_CXX_FLAGS_RELEASE:STRING=-O3 -DNDEBUG,wikimedia_wikipedia_mxbai,/home/yunchih/code/simsearch/python/out/local_query_embeddings_1024.parquet,/home/yunchih/code/simsearch/python/query_embeddings/combined.jsonl,313,1024,100,10,two_step_mf_RF10,301,0,0.003266,0.000651,0.003376,0.087384,0.001413,0.097072,0.25111553767168043,0.19047619047619047,313
0bbeb0653a569e5394ac94a502549b079f7a055c,meow1,AMD Ryzen 9 9950X 16-Core Processor,c++ (Ubuntu 15.2.0-4ubuntu4) 15.2.0,CMAKE_CXX_FLAGS:STRING= CMAKE_CXX_FLAGS_RELEASE:STRING=-O3 -DNDEBUG,wikimedia_wikipedia_mxbai,/home/yunchih/code/simsearch/python/out/local_query_embeddings_1024.parquet,/home/yunchih/code/simsearch/python/query_embeddings/combined.jsonl,313,1024,100,50,two_step_mf_RF50,301,0,0.001042,0.000641,0.003406,0.086663,0.001392,0.094036,0.25111553767168043,0.19047619047619047,313
0bbeb0653a569e5394ac94a502549b079f7a055c,meow1,AMD Ryzen 9 9950X 16-Core Processor,c++ (Ubuntu 15.2.0-4ubuntu4) 15.2.0,CMAKE_CXX_FLAGS:STRING= CMAKE_CXX_FLAGS_RELEASE:STRING=-O3 -DNDEBUG,wikimedia_wikipedia_mxbai,/home/yunchih/code/simsearch/python/out/local_query_embeddings_1024.parquet,/home/yunchih/code/simsearch/python/query_embeddings/combined.jsonl,313,1024,100,0,float32_avx2,302,0,0.0,0.0,0.0,0.0,0.0,0.011,1.0000000000000004,1.0,100
0bbeb0653a569e5394ac94a502549b079f7a055c,meow1,AMD Ryzen 9 9950X 16-Core Processor,c++ (Ubuntu 15.2.0-4ubuntu4) 15.2.0,CMAKE_CXX_FLAGS:STRING= CMAKE_CXX_FLAGS_RELEASE:STRING=-O3 -DNDEBUG,wikimedia_wikipedia_mxbai,/home/yunchih/code/simsearch/python/out/local_query_embeddings_1024.parquet,/home/yunchih/code/simsearch/python/query_embeddings/combined.jsonl,313,1024,100,0,binary,302,0,0.003466,0.000652,0.001052,0.0,0.0,0.005891,1.0000000000000004,1.0,100
0bbeb0653a569e5394ac94a502549b079f7a055c,meow1,AMD Ryzen 9 9950X 16-Core Processor,c++ (Ubuntu 15.2.0-4ubuntu4) 15.2.0,CMAKE_CXX_FLAGS:STRING= CMAKE_CXX_FLAGS_RELEASE:STRING=-O3 -DNDEBUG,wikimedia_wikipedia_mxbai,/home/yunchih/code/simsearch/python/out/local_query_embeddings_1024.parquet,/home/yunchih/code/simsearch/python/query_embeddings/combined.jsonl,313,1024,100,10,two_step_RF10,302,0,0.003246,0.000621,0.003376,0.011662,0.001422,0.0213,0.25111553767168043,0.19047619047619047,313
0bbeb0653a569e5394ac94a502549b079f7a055c,meow1,AMD Ryzen 9 9950X 16-Core Processor,c++ (Ubuntu 15.2.0-4ubuntu4) 15.2.0,CMAKE_CXX_FLAGS:STRING= CMAKE_CXX_FLAGS_RELEASE:STRING=-O3 -DNDEBUG,wikimedia_wikipedia_mxbai,/home/yunchih/code/simsearch/python/out/local_query_embeddings_1024.parquet,/home/yunchih/code/simsearch/python/query_embeddings/combined.jsonl,313,1024,100,50,two_step_RF50,302,0,0.000772,0.000641,0.003396,0.011421,0.001473,0.018745,0.25111553767168043,0.19047619047619047,313
0bbeb0653a569e5394ac94a502549b079f7a055c,meow1,AMD Ryzen 9 9950X 16-Core Processor,c++ (Ubuntu 15.2.0-4ubuntu4) 15.2.0,CMAKE_CXX_FLAGS:STRING= CMAKE_CXX_FLAGS_RELEASE:STRING=-O3 -DNDEBUG,wikimedia_wikipedia_mxbai,/home/yunchih/code/simsearch/python/out/local_query_embeddings_1024.parquet,/home/yunchih/code/simsearch/python/query_embeddings/combined.jsonl,313,1024,100,10,two_step_mf_RF10,302,0,0.003186,0.000631,0.003417,0.087495,0.001372,0.097032,0.25111553767168043,0.19047619047619047,313
0bbeb0653a569e5394ac94a502549b079f7a055c,meow1,AMD Ryzen 9 9950X 16-Core Processor,c++ (Ubuntu 15.2.0-4ubuntu4) 15.2.0,CMAKE_CXX_FLAGS:STRING= CMAKE_CXX_FLAGS_RELEASE:STRING=-O3 -DNDEBUG,wikimedia_wikipedia_mxbai,/home/yunchih/code/simsearch/python/out/local_query_embeddings_1024.parquet,/home/yunchih/code/simsearch/python/query_embeddings/combined.jsonl,313,1024,100,50,two_step_mf_RF50,302,0,0.001082,0.000631,0.003397,0.086863,0.001403,0.094237,0.25111553767168043,0.19047619047619047,313
0bbeb0653a569e5394ac94a502549b079f7a055c,meow1,AMD Ryzen 9 9950X 16-Core Processor,c++ (Ubuntu 15.2.0-4ubuntu4) 15.2.0,CMAKE_CXX_FLAGS:STRING= CMAKE_CXX_FLAGS_RELEASE:STRING=-O3 -DNDEBUG,wikimedia_wikipedia_mxbai,/home/yunchih/code/simsearch/python/out/local_query_embeddings_1024.parquet,/home/yunchih/code/simsearch/python/query_embeddings/combined.jsonl,313,1024,100,0,float32_avx2,303,0,0.0,0.0,0.0,0.0,0.0,0.012,1.0000000000000004,1.0,100
0bbeb0653a569e5394ac94a502549b079f7a055c,meow1,AMD Ryzen 9 9950X 16-Core Processor,c++ (Ubuntu 15.2.0-4ubuntu4) 15.2.0,CMAKE_CXX_FLAGS:STRING= CMAKE_CXX_FLAGS_RELEASE:STRING=-O3 -DNDEBUG,wikimedia_wikipedia_mxbai,/home/yunchih/code/simsearch/python/out/local_query_embeddings_1024.parquet,/home/yunchih/code/simsearch/python/query_embeddings/combined.jsonl,313,1024,100,0,binary,303,0,0.003376,0.000661,0.001052,0.0,0.0,0.005841,1.0000000000000004,1.0,100
0bbeb0653a569e5394ac94a502549b079f7a055c,meow1,AMD Ryzen 9 9950X 16-Core Processor,c++ (Ubuntu 15.2.0-4ubuntu4) 15.2.0,CMAKE_CXX_FLAGS:STRING= CMAKE_CXX_FLAGS_RELEASE:STRING=-O3 -DNDEBUG,wikimedia_wikipedia_mxbai,/home/yunchih/code/simsearch/python/out/local_query_embeddings_1024.parquet,/home/yunchih/code/simsearch/python/query_embeddings/combined.jsonl,313,1024,100,10,two_step_RF10,303,0,0.003296,0.000601,0.003407,0.011512,0.001423,0.02124,0.25111553767168043,0.19047619047619047,313
0bbeb0653a569e5394ac94a502549b079f7a055c,meow1,AMD Ryzen 9 9950X 16-Core Processor,c++ (Ubuntu 15.2.0-4ubuntu4) 15.2.0,CMAKE_CXX_FLAGS:STRING= CMAKE_CXX_FLAGS_RELEASE:STRING=-O3 -DNDEBUG,wikimedia_wikipedia_mxbai,/home/yunchih/code/simsearch/python/out/local_query_embeddings_1024.parquet,/home/yunchih/code/simsearch/python/query_embeddings/combined.jsonl,313,1024,100,50,two_step_RF50,303,0,0.000752,0.000671,0.003387,0.011372,0.001482,0.018715,0.25111553767168043,0.19047619047619047,313
0bbeb0653a569e5394ac94a502549b079f7a055c,meow1,AMD Ryzen 9 9950X 16-Core Processor,c++ (Ubuntu 15.2.0-4ubuntu4) 15.2.0,CMAKE_CXX_FLAGS:STRING= CMAKE_CXX_FLAGS_RELEASE:STRING=-O3 -DNDEBUG,wikimedia_wikipedia_mxbai,/home/yunchih/code/simsearch/python/out/local_query_embeddings_1024.parquet,/home/yunchih/code/simsearch/python/query_embeddings/combined.jsonl,313,1024,100,10,two_step_mf_RF10,303,0,0.003267,0.000631,0.003356,0.089398,0.001382,0.099016,0.25111553767168043,0.19047619047619047,313
0bbeb0653a569e5394ac94a502549b079f7a055c,meow1,AMD Ryzen 9 9950X 16-Core Processor,c++ (Ubuntu 15.2.0-4ubuntu4) 15.2.0,CMAKE_CXX_FLAGS:STRING= CMAKE_CXX_FLAGS_RELEASE:STRING=-O3 -DNDEBUG,wikimedia_wikipedia_mxbai,/home/yunchih/code/simsearch/python/out/local_query_embeddings_1024.parquet,/home/yunchih/code/simsearch/python/query_embeddings/combined.jsonl,313,1024,100,50,two_step_mf_RF50,303,0,0.001002,0.000621,0.003417,0.086683,0.001353,0.093977,0.25111553767168043,0.19047619047619047,313
0bbeb0653a569e5394ac94a502549b079f7a055c,meow1,AMD Ryzen 9 9950X 16-Core Processor,c++ (Ubuntu 15.2.0-4ubuntu4) 15.2.0,CMAKE_CXX_FLAGS:STRING= CMAKE_CXX_FLAGS_RELEASE:STRING=-O3 -DNDEBUG,wikimedia_wikipedia_mxbai,/home/yunchih/code/simsearch/python/out/local_query_embeddings_1024.parquet,/home/yunchih/code/simsearch/python/query_embeddings/combined.jsonl,313,1024,100,0,float32_avx2,304,0,0.0,0.0,0.0,0.0,0.0,0.012,1.0000000000000004,1.0,100
0bbeb0653a569e5394ac94a502549b079f7a055c,meow1,AMD Ryzen 9 9950X 16-Core Processor,c++ (Ubuntu 15.2.0-4ubuntu4) 15.2.0,CMAKE_CXX_FLAGS:STRING= CMAKE_CXX_FLAGS_RELEASE:STRING=-O3 -DNDEBUG,wikimedia_wikipedia_mxbai,/home/yunchih/code/simsearch/python/out/local_query_embeddings_1024.parquet,/home/yunchih/code/simsearch/python/query_embeddings/combined.jsonl,313,1024,100,0,binary,304,0,0.003466,0.000651,0.001022,0.0,0.0,0.005851,1.0000000000000004,1.0,100
0bbeb0653a569e5394ac94a502549b079f7a055c,meow1,AMD Ryzen 9 9950X 16-Core Processor,c++ (Ubuntu 15.2.0-4ubuntu4) 15.2.0,CMAKE_CXX_FLAGS:STRING= CMAKE_CXX_FLAGS_RELEASE:STRING=-O3 -DNDEBUG,wikimedia_wikipedia_mxbai,/home/yunchih/code/simsearch/python/out/local_query_embeddings_1024.parquet,/home/yunchih/code/simsearch/python/query_embeddings/combined.jsonl,313,1024,100,10,two_step_RF10,304,0,0.003236,0.000621,0.003387,0.011522,0.001403,0.02117,0.25111553767168043,0.19047619047619047,313
0bbeb0653a569e5394ac94a502549b079f7a055c,meow1,AMD Ryzen 9 9950X 16-Core Processor,c++ (Ubuntu 15.2.0-4ubuntu4) 15.2.0,CMAKE_CXX_FLAGS:STRING= CMAKE_CXX_FLAGS_RELEASE:STRING=-O3 -DNDEBUG,wikimedia_wikipedia_mxbai,/home/yunchih/code/simsearch/python/out/local_query_embeddings_1024.parquet,/home/yunchih/code/simsearch/python/query_embeddings/combined.jsonl,313,1024,100,50,two_step_RF50,304,0,0.000952,0.000661,0.003426,0.011401,0.001493,0.018975,0.25111553767168043,0.19047619047619047,313
0bbeb0653a569e5394ac94a502549b079f7a055c,meow1,AMD Ryzen 9 9950X 16-Core Processor,c++ (Ubuntu 15.2.0-4ubuntu4) 15.2.0,CMAKE_CXX_FLAGS:STRING= CMAKE_CXX_FLAGS_RELEASE:STRING=-O3 -DNDEBUG,wikimedia_wikipedia_mxbai,/home/yunchih/code/simsearch/python/out/local_query_embeddings_1024.parquet,/home/yunchih/code/simsearch/python/query_embeddings/combined.jsonl,313,1024,100,10,two_step_mf_RF10,304,0,0.003186,0.000651,0.003367,0.087454,0.001412,0.097022,0.25111553767168043,0.19047619047619047,313
0bbeb0653a569e5394ac94a502549b079f7a055c,meow1,AMD Ryzen 9 9950X 16-Core Processor,c++ (Ubuntu 15.2.0-4ubuntu4) 15.2.0,CMAKE_CXX_FLAGS:STRING= CMAKE_CXX_FLAGS_RELEASE:STRING=-O3 -DNDEBUG,wikimedia_wikipedia_mxbai,/home/yunchih/code/simsearch/python/out/local_query_embeddings_1024.parquet,/home/yunchih/code/simsearch/python/query_embeddings/combined.jsonl,313,1024,100,50,two_step_mf_RF50,304,0,0.001202,0.000641,0.003417,0.086753,0.001403,0.094287,0.25111553767168043,0.19047619047619047,313
0bbeb0653a569e5394ac94a502549b079f7a055c,meow1,AMD Ryzen 9 9950X 16-Core Processor,c++ (Ubuntu 15.2.0-4ubuntu4) 15.2.0,CMAKE_CXX_FLAGS:STRING= CMAKE_CXX_FLAGS_RELEASE:STRING=-O3 -DNDEBUG,wikimedia_wikipedia_mxbai,/home/yunchih/code/simsearch/python/out/local_query_embeddings_1024.parquet,/home/yunchih/code/simsearch/python/query_embeddings/combined.jsonl,313,1024,100,0,float32_avx2,305,0,0.0,0.0,0.0,0.0,0.0,0.011,1.0000000000000004,1.0,100
0bbeb0653a569e5394ac94a502549b079f7a055c,meow1,AMD Ryzen 9 9950X 16-Core Processor,c++ (Ubuntu 15.2.0-4ubuntu4) 15.2.0,CMAKE_CXX_FLAGS:STRING= CMAKE_CXX_FLAGS_RELEASE:STRING=-O3 -DNDEBUG,wikimedia_wikipedia_mxbai,/home/yunchih/code/simsearch/python/out/local_query_embeddings_1024.parquet,/home/yunchih/code/simsearch/python/query_embeddings/combined.jsonl,313,1024,100,0,binary,305,0,0.003386,0.000642,0.001022,0.0,0.0,0.005801,1.0000000000000004,1.0,100
0bbeb0653a569e5394ac94a502549b079f7a055c,meow1,AMD Ryzen 9 9950X 16-Core Processor,c++ (Ubuntu 15.2.0-4ubuntu4) 15.2.0,CMAKE_CXX_FLAGS:STRING= CMAKE_CXX_FLAGS_RELEASE:STRING=-O3 -DNDEBUG,wikimedia_wikipedia_mxbai,/home/yunchih/code/simsearch/python/out/local_query_embeddings_1024.parquet,/home/yunchih/code/simsearch/python/query_embeddings/combined.jsonl,313,1024,100,10,two_step_RF10,305,0,0.003046,0.000661,0.003347,0.011632,0.001423,0.02109,0.25111553767168043,0.19047619047619047,313
0bbeb0653a569e5394ac94a502549b079f7a055c,meow1,AMD Ryzen 9 9950X 16-Core Processor,c++ (Ubuntu 15.2.0-4ubuntu4) 15.2.0,CMAKE_CXX_FLAGS:STRING= CMAKE_CXX_FLAGS_RELEASE:STRING=-O3 -DNDEBUG,wikimedia_wikipedia_mxbai,/home/yunchih/code/simsearch/python/out/local_query_embeddings_1024.parquet,/home/yunchih/code/simsearch/python/query_embeddings/combined.jsonl,313,1024,100,50,two_step_RF50,305,0,0.000902,0.000691,0.003417,0.011472,0.001473,0.019016,0.25111553767168043,0.19047619047619047,313
0bbeb0653a569e5394ac94a502549b079f7a055c,meow1,AMD Ryzen 9 9950X 16-Core Processor,c++ (Ubuntu 15.2.0-4ubuntu4) 15.2.0,CMAKE_CXX_FLAGS:STRING= CMAKE_CXX_FLAGS_RELEASE:STRING=-O3 -DNDEBUG,wikimedia_wikipedia_mxbai,/home/yunchih/code/simsearch/python/out/local_query_embeddings_1024.parquet,/home/yunchih/code/simsearch/python/query_embeddings/combined.jsonl,313,1024,100,10,two_step_mf_RF10,305,0,0.003146,0.000641,0.003417,0.087504,0.001363,0.097032,0.25111553767168043,0.19047619047619047,313
0bbeb0653a569e5394ac94a502549b079f7a055c,meow1,AMD Ryzen 9 9950X 16-Core Processor,c++ (Ubuntu 15.2.0-4ubuntu4) 15.2.0,CMAKE_CXX_FLAGS:STRING= CMAKE_CXX_FLAGS_RELEASE:STRING=-O3 -DNDEBUG,wikimedia_wikipedia_mxbai,/home/yunchih/code/simsearch/python/out/local_query_embeddings_1024.parquet,/home/yunchih/code/simsearch/python/query_embeddings/combined.jsonl,313,1024,100,50,two_step_mf_RF50,305,0,0.001082,0.000641,0.003417,0.086903,0.001373,0.094277,0.25111553767168043,0.19047619047619047,313
0bbeb0653a569e5394ac94a502549b079f7a055c,meow1,AMD Ryzen 9 9950X 16-Core Processor,c++ (Ubuntu 15.2.0-4ubuntu4) 15.2.0,CMAKE_CXX_FLAGS:STRING= CMAKE_CXX_FLAGS_RELEASE:STRING=-O3 -DNDEBUG,wikimedia_wikipedia_mxbai,/home/yunchih/code/simsearch/python/out/local_query_embeddings_1024.parquet,/home/yunchih/code/simsearch/python/query_embeddings/combined.jsonl,313,1024,100,0,float32_avx2,306,0,0.0,0.0,0.0,0.0,0.0,0.011,1.0000000000000004,1.0,100
0bbeb0653a569e5394ac94a502549b079f7a055c,meow1,AMD Ryzen 9 9950X 16-Core Processor,c++ (Ubuntu 15.2.0-4ubuntu4) 15.2.0,CMAKE_CXX_FLAGS:STRING= CMAKE_CXX_FLAGS_RELEASE:STRING=-O3 -DNDEBUG,wikimedia_wikipedia_mxbai,/home/yunchih/code/simsearch/python/out/local_query_embeddings_1024.parquet,/home/yunchih/code/simsearch/python/query_embeddings/combined.jsonl,313,1024,100,0,binary,306,0,0.003497,0.000651,0.001052,0.0,0.0,0.005892,1.0000000000000004,1.0,100
0bbeb0653a569e5394ac94a502549b079f7a055c,meow1,AMD Ryzen 9 9950X 16-Core Processor,c++ (Ubuntu 15.2.0-4ubuntu4) 15.2.0,CMAKE_CXX_FLAGS:STRING= CMAKE_CXX_FLAGS_RELEASE:STRING=-O3 -DNDEBUG,wikimedia_wikipedia_mxbai,/home/yunchih/code/simsearch/python/out/local_query_embeddings_1024.parquet,/home/yunchih/code/simsearch/python/query_embeddings/combined.jsonl,313,1024,100,10,two_step_RF10,306,0,0.003216,0.000601,0.003396,0.011542,0.001392,0.021119,0.25111553767168043,0.19047619047619047,313
0bbeb0653a569e5394ac94a502549b079f7a055c,meow1,AMD Ryzen 9 9950X 16-Core Processor,c++ (Ubuntu 15.2.0-4ubuntu4) 15.2.0,CMAKE_CXX_FLAGS:STRING= CMAKE_CXX_FLAGS_RELEASE:STRING=-O3 -DNDEBUG,wikimedia_wikipedia_mxbai,/home/yunchih/code/simsearch/python/out/local_query_embeddings_1024.parquet,/home/yunchih/code/simsearch/python/query_embeddings/combined.jsonl,313,1024,100,50,two_step_RF50,306,0,0.000701,0.000711,0.003387,0.011432,0.001463,0.018716,0.25111553767168043,0.19047619047619047,313
0bbeb0653a569e5394ac94a502549b079f7a055c,meow1,AMD Ryzen 9 9950X 16-Core Processor,c++ (Ubuntu 15.2.0-4ubuntu4) 15.2.0,CMAKE_CXX_FLAGS:STRING= CMAKE_CXX_FLAGS_RELEASE:STRING=-O3 -DNDEBUG,wikimedia_wikipedia_mxbai,/home/yunchih/code/simsearch/python/out/local_query_embeddings_1024.parquet,/home/yunchih/code/simsearch/python/query_embeddings/combined.jsonl,313,1024,100,10,two_step_mf_RF10,306,0,0.003256,0.000651,0.003376,0.087514,0.001413,0.097143,0.25111553767168043,0.19047619047619047,313
0bbeb0653a569e5394ac94a502549b079f7a055c,meow1,AMD Ryzen 9 9950X 16-Core Processor,c++ (Ubuntu 15.2.0-4ubuntu4) 15.2.0,CMAKE_CXX_FLAGS:STRING= CMAKE_CXX_FLAGS_RELEASE:STRING=-O3 -DNDEBUG,wikimedia_wikipedia_mxbai,/home/yunchih/code/simsearch/python/out/local_query_embeddings_1024.parquet,/home/yunchih/code/simsearch/python/query_embeddings/combined.jsonl,313,1024,100,50,two_step_mf_RF50,306,0,0.001022,0.000621,0.003446,0.088746,0.001473,0.096191,0.25111553767168043,0.19047619047619047,313
0bbeb0653a569e5394ac94a502549b079f7a055c,meow1,AMD Ryzen 9 9950X 16-Core Processor,c++ (Ubuntu 15.2.0-4ubuntu4) 15.2.0,CMAKE_CXX_FLAGS:STRING= CMAKE_CXX_FLAGS_RELEASE:STRING=-O3 -DNDEBUG,wikimedia_wikipedia_mxbai,/home/yunchih/code/simsearch/python/out/local_query_embeddings_1024.parquet,/home/yunchih/code/simsearch/python/query_embeddings/combined.jsonl,313,1024,100,0,float32_avx2,307,0,0.0,0.0,0.0,0.0,0.0,0.012,1.0000000000000004,1.0,100
0bbeb0653a569e5394ac94a502549b079f7a055c,meow1,AMD Ryzen 9 9950X 16-Core Processor,c++ (Ubuntu 15.2.0-4ubuntu4) 15.2.0,CMAKE_CXX_FLAGS:STRING= CMAKE_CXX_FLAGS_RELEASE:STRING=-O3 -DNDEBUG,wikimedia_wikipedia_mxbai,/home/yunchih/code/simsearch/python/out/local_query_embeddings_1024.parquet,/home/yunchih/code/simsearch/python/query_embeddings/combined.jsonl,313,1024,100,0,binary,307,0,0.003416,0.000641,0.001072,0.0,0.0,0.005871,1.0000000000000004,1.0,100
0bbeb0653a569e5394ac94a502549b079f7a055c,meow1,AMD Ryzen 9 9950X 16-Core Processor,c++ (Ubuntu 15.2.0-4ubuntu4) 15.2.0,CMAKE_CXX_FLAGS:STRING= CMAKE_CXX_FLAGS_RELEASE:STRING=-O3 -DNDEBUG,wikimedia_wikipedia_mxbai,/home/yunchih/code/simsearch/python/out/local_query_embeddings_1024.parquet,/home/yunchih/code/simsearch/python/query_embeddings/combined.jsonl,313,1024,100,10,two_step_RF10,307,0,0.003126,0.000631,0.003367,0.011492,0.001413,0.02101,0.25111553767168043,0.19047619047619047,313
0bbeb0653a569e5394ac94a502549b079f7a055c,meow1,AMD Ryzen 9 9950X 16-Core Processor,c++ (Ubuntu 15.2.0-4ubuntu4) 15.2.0,CMAKE_CXX_FLAGS:STRING= CMAKE_CXX_FLAGS_RELEASE:STRING=-O3 -DNDEBUG,wikimedia_wikipedia_mxbai,/home/yunchih/code/simsearch/python/out/local_query_embeddings_1024.parquet,/home/yunchih/code/simsearch/python/query_embeddings/combined.jsonl,313,1024,100,50,two_step_RF50,307,0,0.000752,0.000671,0.003457,0.011442,0.001382,0.018756,0.25111553767168043,0.19047619047619047,313
0bbeb0653a569e5394ac94a502549b079f7a055c,meow1,AMD Ryzen 9 9950X 16-Core Processor,c++ (Ubuntu 15.2.0-4ubuntu4) 15.2.0,CMAKE_CXX_FLAGS:STRING= CMAKE_CXX_FLAGS_RELEASE:STRING=-O3 -DNDEBUG,wikimedia_wikipedia_mxbai,/home/yunchih/code/simsearch/python/out/local_query_embeddings_1024.parquet,/home/yunchih/code/simsearch/python/query_embeddings/combined.jsonl,313,1024,100,10,two_step_mf_RF10,307,0,0.003116,0.000662,0.003376,0.087264,0.001323,0.096712,0.25111553767168043,0.19047619047619047,313
0bbeb0653a569e5394ac94a502549b079f7a055c,meow1,AMD Ryzen 9 9950X 16-Core Processor,c++ (Ubuntu 15.2.0-4ubuntu4) 15.2.0,CMAKE_CXX_FLAGS:STRING= CMAKE_CXX_FLAGS_RELEASE:STRING=-O3 -DNDEBUG,wikimedia_wikipedia_mxbai,/home/yunchih/code/simsearch/python/out/local_query_embeddings_1024.parquet,/home/yunchih/code/simsearch/python/query_embeddings/combined.jsonl,313,1024,100,50,two_step_mf_RF50,307,0,0.001092,0.000661,0.003387,0.086693,0.001383,0.094097,0.25111553767168043,0.19047619047619047,313
0bbeb0653a569e5394ac94a502549b079f7a055c,meow1,AMD Ryzen 9 9950X 16-Core Processor,c++ (Ubuntu 15.2.0-4ubuntu4) 15.2.0,CMAKE_CXX_FLAGS:STRING= CMAKE_CXX_FLAGS_RELEASE:STRING=-O3 -DNDEBUG,wikimedia_wikipedia_mxbai,/home/yunchih/code/simsearch/python/out/local_query_embeddings_1024.parquet,/home/yunchih/code/simsearch/python/query_embeddings/combined.jsonl,313,1024,100,0,float32_avx2,308,0,0.0,0.0,0.0,0.0,0.0,0.011,1.0000000000000004,1.0,100
0bbeb0653a569e5394ac94a502549b079f7a055c,meow1,AMD Ryzen 9 9950X 16-Core Processor,c++ (Ubuntu 15.2.0-4ubuntu4) 15.2.0,CMAKE_CXX_FLAGS:STRING= CMAKE_CXX_FLAGS_RELEASE:STRING=-O3 -DNDEBUG,wikimedia_wikipedia_mxbai,/home/yunchih/code/simsearch/python/out/local_query_embeddings_1024.parquet,/home/yunchih/code/simsearch/python/query_embeddings/combined.jsonl,313,1024,100,0,binary,308,0,0.003476,0.000641,0.000982,0.0,0.0,0.005831,1.0000000000000004,1.0,100
0bbeb0653a569e5394ac94a502549b079f7a055c,meow1,AMD Ryzen 9 9950X 16-Core Processor,c++ (Ubuntu 15.2.0-4ubuntu4) 15.2.0,CMAKE_CXX_FLAGS:STRING= CMAKE_CXX_FLAGS_RELEASE:STRING=-O3 -DNDEBUG,wikimedia_wikipedia_mxbai,/home/yunchih/code/simsearch/python/out/local_query_embeddings_1024.parquet,/home/yunchih/code/simsearch/python/query_embeddings/combined.jsonl,313,1024,100,10,two_step_RF10,308,0,0.003316,0.000631,0.003377,0.013095,0.001383,0.022773,0.25111553767168043,0.19047619047619047,313
0bbeb0653a569e5394ac94a502549b079f7a055c,meow1,AMD Ryzen 9 9950X 16-Core Processor,c++ (Ubuntu 15.2.0-4ubuntu4) 15.2.0,CMAKE_CXX_FLAGS:STRING= CMAKE_CXX_FLAGS_RELEASE:STRING=-O3 -DNDEBUG,wikimedia_wikipedia_mxbai,/home/yunchih/code/simsearch/python/out/local_query_embeddings_1024.parquet,/home/yunchih/code/simsearch/python/query_embeddings/combined.jsonl,313,1024,100,50,two_step_RF50,308,0,0.000851,0.000682,0.003376,0.011381,0.001433,0.018745,0.25111553767168043,0.19047619047619047,313
0bbeb0653a569e5394ac94a502549b079f7a055c,meow1,AMD Ryzen 9 9950X 16-Core Processor,c++ (Ubuntu 15.2.0-4ubuntu4) 15.2.0,CMAKE_CXX_FLAGS:STRING= CMAKE_CXX_FLAGS_RELEASE:STRING=-O3 -DNDEBUG,wikimedia_wikipedia_mxbai,/home/yunchih/code/simsearch/python/out/local_query_embeddings_1024.parquet,/home/yunchih/code/simsearch/python/query_embeddings/combined.jsonl,313,1024,100,10,two_step_mf_RF10,308,0,0.003357,0.000651,0.003367,0.087404,0.001433,0.097183,0.25111553767168043,0.19047619047619047,313
0bbeb0653a569e5394ac94a502549b079f7a055c,meow1,AMD Ryzen 9 9950X 16-Core Processor,c++ (Ubuntu 15.2.0-4ubuntu4) 15.2.0,CMAKE_CXX_FLAGS:STRING= CMAKE_CXX_FLAGS_RELEASE:STRING=-O3 -DNDEBUG,wikimedia_wikipedia_mxbai,/home/yunchih/code/simsearch/python/out/local_query_embeddings_1024.parquet,/home/yunchih/code/simsearch/python/query_embeddings/combined.jsonl,313,1024,100,50,two_step_mf_RF50,308,0,0.001072,0.000641,0.003396,0.086703,0.001403,0.094067,0.25111553767168043,0.19047619047619047,313
0bbeb0653a569e5394ac94a502549b079f7a055c,meow1,AMD Ryzen 9 9950X 16-Core Processor,c++ (Ubuntu 15.2.0-4ubuntu4) 15.2.0,CMAKE_CXX_FLAGS:STRING= CMAKE_CXX_FLAGS_RELEASE:STRING=-O3 -DNDEBUG,wikimedia_wikipedia_mxbai,/home/yunchih/code/simsearch/python/out/local_query_embeddings_1024.parquet,/home/yunchih/code/simsearch/python/query_embeddings/combined.jsonl,313,1024,100,0,float32_avx2,309,0,0.0,0.0,0.0,0.0,0.0,0.012,1.0000000000000004,1.0,100
0bbeb0653a569e5394ac94a502549b079f7a055c,meow1,AMD Ryzen 9 9950X 16-Core Processor,c++ (Ubuntu 15.2.0-4ubuntu4) 15.2.0,CMAKE_CXX_FLAGS:STRING= CMAKE_CXX_FLAGS_RELEASE:STRING=-O3 -DNDEBUG,wikimedia_wikipedia_mxbai,/home/yunchih/code/simsearch/python/out/local_query_embeddings_1024.parquet,/home/yunchih/code/simsearch/python/query_embeddings/combined.jsonl,313,1024,100,0,binary,309,0,0.003636,0.000682,0.001022,0.0,0.0,0.006072,1.0000000000000004,1.0,100
0bbeb0653a569e5394ac94a502549b079f7a055c,meow1,AMD Ryzen 9 9950X 16-Core Processor,c++ (Ubuntu 15.2.0-4ubuntu4) 15.2.0,CMAKE_CXX_FLAGS:STRING= CMAKE_CXX_FLAGS_RELEASE:STRING=-O3 -DNDEBUG,wikimedia_wikipedia_mxbai,/home/yunchih/code/simsearch/python/out/local_query_embeddings_1024.parquet,/home/yunchih/code/simsearch/python/query_embeddings/combined.jsonl,313,1024,100,10,two_step_RF10,309,0,0.003146,0.000621,0.003377,0.011532,0.001453,0.0211,0.25111553767168043,0.19047619047619047,313
0bbeb0653a569e5394ac94a502549b079f7a055c,meow1,AMD Ryzen 9 9950X 16-Core Processor,c++ (Ubuntu 15.2.0-4ubuntu4) 15.2.0,CMAKE_CXX_FLAGS:STRING= CMAKE_CXX_FLAGS_RELEASE:STRING=-O3 -DNDEBUG,wikimedia_wikipedia_mxbai,/home/yunchih/code/simsearch/python/out/local_query_embeddings_1024.parquet,/home/yunchih/code/simsearch/python/query_embeddings/combined.jsonl,313,1024,100,50,two_step_RF50,309,0,0.000882,0.000651,0.003386,0.011392,0.001433,0.018806,0.25111553767168043,0.19047619047619047,313
0bbeb0653a569e5394ac94a502549b079f7a055c,meow1,AMD Ryzen 9 9950X 16-Core Processor,c++ (Ubuntu 15.2.0-4ubuntu4) 15.2.0,CMAKE_CXX_FLAGS:STRING= CMAKE_CXX_FLAGS_RELEASE:STRING=-O3 -DNDEBUG,wikimedia_wikipedia_mxbai,/home/yunchih/code/simsearch/python/out/local_query_embeddings_1024.parquet,/home/yunchih/code/simsearch/python/query_embeddings/combined.jsonl,313,1024,100,10,two_step_mf_RF10,309,0,0.003206,0.000661,0.003386,0.087324,0.001442,0.096993,0.25111553767168043,0.19047619047619047,313
0bbeb0653a569e5394ac94a502549b079f7a055c,meow1,AMD Ryzen 9 9950X 16-Core Processor,c++ (Ubuntu 15.2.0-4ubuntu4) 15.2.0,CMAKE_CXX_FLAGS:STRING= CMAKE_CXX_FLAGS_RELEASE:STRING=-O3 -DNDEBUG,wikimedia_wikipedia_mxbai,/home/yunchih/code/simsearch/python/out/local_query_embeddings_1024.parquet,/home/yunchih/code/simsearch/python/query_embeddings/combined.jsonl,313,1024,100,50,two_step_mf_RF50,309,0,0.001052,0.000631,0.003386,0.086783,0.001412,0.094147,0.25111553767168043,0.19047619047619047,313
0bbeb0653a569e5394ac94a502549b079f7a055c,meow1,AMD Ryzen 9 9950X 16-Core Processor,c++ (Ubuntu 15.2.0-4ubuntu4) 15.2.0,CMAKE_CXX_FLAGS:STRING= CMAKE_CXX_FLAGS_RELEASE:STRING=-O3 -DNDEBUG,wikimedia_wikipedia_mxbai,/home/yunchih/code/simsearch/python/out/local_query_embeddings_1024.parquet,/home/yunchih/code/simsearch/python/query_embeddings/combined.jsonl,313,1024,100,0,float32_avx2,310,0,0.0,0.0,0.0,0.0,0.0,0.011,1.0000000000000004,1.0,100
0bbeb0653a569e5394ac94a502549b079f7a055c,meow1,AMD Ryzen 9 9950X 16-Core Processor,c++ (Ubuntu 15.2.0-4ubuntu4) 15.2.0,CMAKE_CXX_FLAGS:STRING= CMAKE_CXX_FLAGS_RELEASE:STRING=-O3 -DNDEBUG,wikimedia_wikipedia_mxbai,/home/yunchih/code/simsearch/python/out/local_query_embeddings_1024.parquet,/home/yunchih/code/simsearch/python/query_embeddings/combined.jsonl,313,1024,100,0,binary,310,0,0.003436,0.000652,0.001022,0.0,0.0,0.005821,1.0000000000000004,1.0,100
0bbeb0653a569e5394ac94a502549b079f7a055c,meow1,AMD Ryzen 9 9950X 16-Core Processor,c++ (Ubuntu 15.2.0-4ubuntu4) 15.2.0,CMAKE_CXX_FLAGS:STRING= CMAKE_CXX_FLAGS_RELEASE:STRING=-O3 -DNDEBUG,wikimedia_wikipedia_mxbai,/home/yunchih/code/simsearch/python/out/local_query_embeddings_1024.parquet,/home/yunchih/code/simsearch/python/query_embeddings/combined.jsonl,313,1024,100,10,two_step_RF10,310,0,0.003297,0.000611,0.003396,0.011562,0.001432,0.02126,0.25111553767168043,0.19047619047619047,313
0bbeb0653a569e5394ac94a502549b079f7a055c,meow1,AMD Ryzen 9 9950X 16-Core Processor,c++ (Ubuntu 15.2.0-4ubuntu4) 15.2.0,CMAKE_CXX_FLAGS:STRING= CMAKE_CXX_FLAGS_RELEASE:STRING=-O3 -DNDEBUG,wikimedia_wikipedia_mxbai,/home/yunchih/code/simsearch/python/out/local_query_embeddings_1024.parquet,/home/yunchih/code/simsearch/python/query_embeddings/combined.jsonl,313,1024,100,50,two_step_RF50,310,0,0.000931,0.000671,0.003396,0.011391,0.001413,0.018815,0.25111553767168043,0.19047619047619047,313
0bbeb0653a569e5394ac94a502549b079f7a055c,meow1,AMD Ryzen 9 9950X 16-Core Processor,c++ (Ubuntu 15.2.0-4ubuntu4) 15.2.0,CMAKE_CXX_FLAGS:STRING= CMAKE_CXX_FLAGS_RELEASE:STRING=-O3 -DNDEBUG,wikimedia_wikipedia_mxbai,/home/yunchih/code/simsearch/python/out/local_query_embeddings_1024.parquet,/home/yunchih/code/simsearch/python/query_embeddings/combined.jsonl,313,1024,100,10,two_step_mf_RF10,310,0,0.003236,0.000662,0.003366,0.087394,0.001393,0.096982,0.25111553767168043,0.19047619047619047,313
0bbeb0653a569e5394ac94a502549b079f7a055c,meow1,AMD Ryzen 9 9950X 16-Core Processor,c++ (Ubuntu 15.2.0-4ubuntu4) 15.2.0,CMAKE_CXX_FLAGS:STRING= CMAKE_CXX_FLAGS_RELEASE:STRING=-O3 -DNDEBUG,wikimedia_wikipedia_mxbai,/home/yunchih/code/simsearch/python/out/local_query_embeddings_1024.parquet,/home/yunchih/code/simsearch/python/query_embeddings/combined.jsonl,313,1024,100,50,two_step_mf_RF50,310,0,0.001122,0.000651,0.003396,0.086733,0.001393,0.094167,0.25111553767168043,0.19047619047619047,313
0bbeb0653a569e5394ac94a502549b079f7a055c,meow1,AMD Ryzen 9 9950X 16-Core Processor,c++ (Ubuntu 15.2.0-4ubuntu4) 15.2.0,CMAKE_CXX_FLAGS:STRING= CMAKE_CXX_FLAGS_RELEASE:STRING=-O3 -DNDEBUG,wikimedia_wikipedia_mxbai,/home/yunchih/code/simsearch/python/out/local_query_embeddings_1024.parquet,/home/yunchih/code/simsearch/python/query_embeddings/combined.jsonl,313,1024,100,0,float32_avx2,311,0,0.0,0.0,0.0,0.0,0.0,0.012,1.0000000000000004,1.0,100
0bbeb0653a569e5394ac94a502549b079f7a055c,meow1,AMD Ryzen 9 9950X 16-Core Processor,c++ (Ubuntu 15.2.0-4ubuntu4) 15.2.0,CMAKE_CXX_FLAGS:STRING= CMAKE_CXX_FLAGS_RELEASE:STRING=-O3 -DNDEBUG,wikimedia_wikipedia_mxbai,/home/yunchih/code/simsearch/python/out/local_query_embeddings_1024.parquet,/home/yunchih/code/simsearch/python/query_embeddings/combined.jsonl,313,1024,100,0,binary,311,0,0.003516,0.000642,0.001031,0.0,0.0,0.005941,1.0000000000000004,1.0,100
0bbeb0653a569e5394ac94a502549b079f7a055c,meow1,AMD Ryzen 9 9950X 16-Core Processor,c++ (Ubuntu 15.2.0-4ubuntu4) 15.2.0,CMAKE_CXX_FLAGS:STRING= CMAKE_CXX_FLAGS_RELEASE:STRING=-O3 -DNDEBUG,wikimedia_wikipedia_mxbai,/home/yunchih/code/simsearch/python/out/local_query_embeddings_1024.parquet,/home/yunchih/code/simsearch/python/query_embeddings/combined.jsonl,313,1024,100,10,two_step_RF10,311,0,0.003136,0.000611,0.003336,0.011592,0.001452,0.021129,0.25111553767168043,0.19047619047619047,313
0bbeb0653a569e5394ac94a502549b079f7a055c,meow1,AMD Ryzen 9 9950X 16-Core Processor,c++ (Ubuntu 15.2.0-4ubuntu4) 15.2.0,CMAKE_CXX_FLAGS:STRING= CMAKE_CXX_FLAGS_RELEASE:STRING=-O3 -DNDEBUG,wikimedia_wikipedia_mxbai,/home/yunchih/code/simsearch/python/out/local_query_embeddings_1024.parquet,/home/yunchih/code/simsearch/python/query_embeddings/combined.jsonl,313,1024,100,50,two_step_RF50,311,0,0.000922,0.000681,0.003396,0.011341,0.001483,0.018865,0.25111553767168043,0.19047619047619047,313
0bbeb0653a569e5394ac94a502549b079f7a055c,meow1,AMD Ryzen 9 9950X 16-Core Processor,c++ (Ubuntu 15.2.0-4ubuntu4) 15.2.0,CMAKE_CXX_FLAGS:STRING= CMAKE_CXX_FLAGS_RELEASE:STRING=-O3 -DNDEBUG,wikimedia_wikipedia_mxbai,/home/yunchih/code/simsearch/python/out/local_query_embeddings_1024.parquet,/home/yunchih/code/simsearch/python/query_embeddings/combined.jsonl,313,1024,100,10,two_step_mf_RF10,311,0,0.003316,0.000652,0.003406,0.089228,0.001383,0.098956,0.25111553767168043,0.19047619047619047,313
0bbeb0653a569e5394ac94a502549b079f7a055c,meow1,AMD Ryzen 9 9950X 16-Core Processor,c++ (Ubuntu 15.2.0-4ubuntu4) 15.2.0,CMAKE_CXX_FLAGS:STRING= CMAKE_CXX_FLAGS_RELEASE:STRING=-O3 -DNDEBUG,wikimedia_wikipedia_mxbai,/home/yunchih/code/simsearch/python/out/local_query_embeddings_1024.parquet,/home/yunchih/code/simsearch/python/query_embeddings/combined.jsonl,313,1024,100,50,two_step_mf_RF50,311,0,0.001072,0.000641,0.003456,0.086663,0.001442,0.094166,0.25111553767168043,0.19047619047619047,313
0bbeb0653a569e5394ac94a502549b079f7a055c,meow1,AMD Ryzen 9 9950X 16-Core Processor,c++ (Ubuntu 15.2.0-4ubuntu4) 15.2.0,CMAKE_CXX_FLAGS:STRING= CMAKE_CXX_FLAGS_RELEASE:STRING=-O3 -DNDEBUG,wikimedia_wikipedia_mxbai,/home/yunchih/code/simsearch/python/out/local_query_embeddings_1024.parquet,/home/yunchih/code/simsearch/python/query_embeddings/combined.jsonl,313,1024,100,0,float32_avx2,312,0,0.0,0.0,0.0,0.0,0.0,0.012,1.0000000000000004,1.0,100
0bbeb0653a569e5394ac94a502549b079f7a055c,meow1,AMD Ryzen 9 9950X 16-Core Processor,c++ (Ubuntu 15.2.0-4ubuntu4) 15.2.0,CMAKE_CXX_FLAGS:STRING= CMAKE_CXX_FLAGS_RELEASE:STRING=-O3 -DNDEBUG,wikimedia_wikipedia_mxbai,/home/yunchih/code/simsearch/python/out/local_query_embeddings_1024.parquet,/home/yunchih/code/simsearch/python/query_embeddings/combined.jsonl,313,1024,100,0,binary,312,0,0.003457,0.000651,0.001032,0.0,0.0,0.005861,1.0000000000000004,1.0,100
0bbeb0653a569e5394ac94a502549b079f7a055c,meow1,AMD Ryzen 9 9950X 16-Core Processor,c++ (Ubuntu 15.2.0-4ubuntu4) 15.2.0,CMAKE_CXX_FLAGS:STRING= CMAKE_CXX_FLAGS_RELEASE:STRING=-O3 -DNDEBUG,wikimedia_wikipedia_mxbai,/home/yunchih/code/simsearch/python/out/local_query_embeddings_1024.parquet,/home/yunchih/code/simsearch/python/query_embeddings/combined.jsonl,313,1024,100,10,two_step_RF10,312,0,0.003186,0.000621,0.003376,0.011441,0.001403,0.021009,0.25111553767168043,0.19047619047619047,313
0bbeb0653a569e5394ac94a502549b079f7a055c,meow1,AMD Ryzen 9 9950X 16-Core Processor,c++ (Ubuntu 15.2.0-4ubuntu4) 15.2.0,CMAKE_CXX_FLAGS:STRING= CMAKE_CXX_FLAGS_RELEASE:STRING=-O3 -DNDEBUG,wikimedia_wikipedia_mxbai,/home/yunchih/code/simsearch/python/out/local_query_embeddings_1024.parquet,/home/yunchih/code/simsearch/python/query_embeddings/combined.jsonl,313,1024,100,50,two_step_RF50,312,0,0.000931,0.000682,0.003416,0.011411,0.001443,0.018886,0.25111553767168043,0.19047619047619047,313
0bbeb0653a569e5394ac94a502549b079f7a055c,meow1,AMD Ryzen 9 9950X 16-Core Processor,c++ (Ubuntu 15.2.0-4ubuntu4) 15.2.0,CMAKE_CXX_FLAGS:STRING= CMAKE_CXX_FLAGS_RELEASE:STRING=-O3 -DNDEBUG,wikimedia_wikipedia_mxbai,/home/yunchih/code/simsearch/python/out/local_query_embeddings_1024.parquet,/home/yunchih/code/simsearch/python/query_embeddings/combined.jsonl,313,1024,100,10,two_step_mf_RF10,312,0,0.003366,0.000652,0.003386,0.087415,0.001432,0.097212,0.25111553767168043,0.19047619047619047,313
0bbeb0653a569e5394ac94a502549b079f7a055c,meow1,AMD Ryzen 9 9950X 16-Core Processor,c++ (Ubuntu 15.2.0-4ubuntu4) 15.2.0,CMAKE_CXX_FLAGS:STRING= CMAKE_CXX_FLAGS_RELEASE:STRING=-O3 -DNDEBUG,wikimedia_wikipedia_mxbai,/home/yunchih/code/simsearch/python/out/local_query_embeddings_1024.parquet,/home/yunchih/code/simsearch/python/query_embeddings/combined.jsonl,313,1024,100,50,two_step_mf_RF50,312,0,0.001313,0.000641,0.003376,0.086683,0.001372,0.094257,0.25111553767168043,0.19047619047619047,313
