git_commit,machine,cpu_model,compiler,compile_flags,dataset,dataset_path,query_path,N,d,k,RF,method,query_id,repeat_id,T_query_sketch_ms,T_binary_scan_ms,T_candidate_selection_ms,T_rescore_ms,T_final_topk_ms,T_total_ms,ndcg100,jaccard,num_survivors
0bbeb0653a569e5394ac94a502549b079f7a055c,meow1,AMD Ryzen 9 9950X 16-Core Processor,c++ (Ubuntu 15.2.0-4ubuntu4) 15.2.0,CMAKE_CXX_FLAGS:STRING= CMAKE_CXX_FLAGS_RELEASE:STRING=-O3 -DNDEBUG,wikimedia_wikipedia_mxbai,/home/yunchih/code/simsearch/python/out/local_query_embeddings_1024.parquet,/home/yunchih/code/simsearch/python/query_embeddings/combined.jsonl,100,1024,100,0,float32_avx2,0,0,0.0,0.0,0.0,0.0,0.0,0.006,0.7028487523930469,1.0,100
0bbeb0653a569e5394ac94a502549b079f7a055c,meow1,AMD Ryzen 9 9950X 16-Core Processor,c++ (Ubuntu 15.2.0-4ubuntu4) 15.2.0,CMAKE_CXX_FLAGS:STRING= CMAKE_CXX_FLAGS_RELEASE:STRING=-O3 -DNDEBUG,wikimedia_wikipedia_mxbai,/home/yunchih/code/simsearch/python/out/local_query_embeddings_1024.parquet,/home/yunchih/code/simsearch/python/query_embeddings/combined.jsonl,100,1024,100,0,binary,0,0,0.003707,0.000571,0.001924,0.0,0.0,0.007343,1.0000000000000004,1.0,100
0bbeb0653a569e5394ac94a502549b079f7a055c,meow1,AMD Ryzen 9 9950X 16-Core Processor,c++ (Ubuntu 15.2.0-4ubuntu4) 15.2.0,CMAKE_CXX_FLAGS:STRING= CMAKE_CXX_FLAGS_RELEASE:STRING=-O3 -DNDEBUG,wikimedia_wikipedia_mxbai,/home/yunchih/code/simsearch/python/out/local_query_embeddings_1024.parquet,/home/yunchih/code/simsearch/python/query_embeddings/combined.jsonl,100,1024,100,10,two_step_RF10,0,0,0.003637,0.00021,0.001283,0.003456,8.1e-05,0.010189,1.0000000000000004,1.0,100
0bbeb0653a569e5394ac94a502549b079f7a055c,meow1,AMD Ryzen 9 9950X 16-Core Processor,c++ (Ubuntu 15.2.0-4ubuntu4) 15.2.0,CMAKE_CXX_FLAGS:STRING= CMAKE_CXX_FLAGS_RELEASE:STRING=-O3 -DNDEBUG,wikimedia_wikipedia_mxbai,/home/yunchih/code/simsearch/python/out/local_query_embeddings_1024.parquet,/home/yunchih/code/simsearch/python/query_embeddings/combined.jsonl,100,1024,100,10,two_step_mf_RF10,0,0,0.003576,0.00021,0.001122,0.033122,0.002174,0.041548,0.7114191485626543,1.0,100
0bbeb0653a569e5394ac94a502549b079f7a055c,meow1,AMD Ryzen 9 9950X 16-Core Processor,c++ (Ubuntu 15.2.0-4ubuntu4) 15.2.0,CMAKE_CXX_FLAGS:STRING= CMAKE_CXX_FLAGS_RELEASE:STRING=-O3 -DNDEBUG,wikimedia_wikipedia_mxbai,/home/yunchih/code/simsearch/python/out/local_query_embeddings_1024.parquet,/home/yunchih/code/simsearch/python/query_embeddings/combined.jsonl,100,1024,100,0,float32_avx2,1,0,0.0,0.0,0.0,0.0,0.0,0.004,0.7028487523930469,1.0,100
0bbeb0653a569e5394ac94a502549b079f7a055c,meow1,AMD Ryzen 9 9950X 16-Core Processor,c++ (Ubuntu 15.2.0-4ubuntu4) 15.2.0,CMAKE_CXX_FLAGS:STRING= CMAKE_CXX_FLAGS_RELEASE:STRING=-O3 -DNDEBUG,wikimedia_wikipedia_mxbai,/home/yunchih/code/simsearch/python/out/local_query_embeddings_1024.parquet,/home/yunchih/code/simsearch/python/query_embeddings/combined.jsonl,100,1024,100,0,binary,1,0,0.003797,0.00028,0.001573,0.0,0.0,0.006563,1.0000000000000004,1.0,100
0bbeb0653a569e5394ac94a502549b079f7a055c,meow1,AMD Ryzen 9 9950X 16-Core Processor,c++ (Ubuntu 15.2.0-4ubuntu4) 15.2.0,CMAKE_CXX_FLAGS:STRING= CMAKE_CXX_FLAGS_RELEASE:STRING=-O3 -DNDEBUG,wikimedia_wikipedia_mxbai,/home/yunchih/code/simsearch/python/out/local_query_embeddings_1024.parquet,/home/yunchih/code/simsearch/python/query_embeddings/combined.jsonl,100,1024,100,10,two_step_RF10,1,0,0.003416,0.000211,0.001052,0.003156,2e-05,0.008947,1.0000000000000004,1.0,100
0bbeb0653a569e5394ac94a502549b079f7a055c,meow1,AMD Ryzen 9 9950X 16-Core Processor,c++ (Ubuntu 15.2.0-4ubuntu4) 15.2.0,CMAKE_CXX_FLAGS:STRING= CMAKE_CXX_FLAGS_RELEASE:STRING=-O3 -DNDEBUG,wikimedia_wikipedia_mxbai,/home/yunchih/code/simsearch/python/out/local_query_embeddings_1024.parquet,/home/yunchih/code/simsearch/python/query_embeddings/combined.jsonl,100,1024,100,10,two_step_mf_RF10,1,0,0.003516,0.000211,0.001012,0.029185,0.001823,0.036688,0.7114191485626543,1.0,100
0bbeb0653a569e5394ac94a502549b079f7a055c,meow1,AMD Ryzen 9 9950X 16-Core Processor,c++ (Ubuntu 15.2.0-4ubuntu4) 15.2.0,CMAKE_CXX_FLAGS:STRING= CMAKE_CXX_FLAGS_RELEASE:STRING=-O3 -DNDEBUG,wikimedia_wikipedia_mxbai,/home/yunchih/code/simsearch/python/out/local_query_embeddings_1024.parquet,/home/yunchih/code/simsearch/python/query_embeddings/combined.jsonl,100,1024,100,0,float32_avx2,2,0,0.0,0.0,0.0,0.0,0.0,0.003,0.7028487523930469,1.0,100
0bbeb0653a569e5394ac94a502549b079f7a055c,meow1,AMD Ryzen 9 9950X 16-Core Processor,c++ (Ubuntu 15.2.0-4ubuntu4) 15.2.0,CMAKE_CXX_FLAGS:STRING= CMAKE_CXX_FLAGS_RELEASE:STRING=-O3 -DNDEBUG,wikimedia_wikipedia_mxbai,/home/yunchih/code/simsearch/python/out/local_query_embeddings_1024.parquet,/home/yunchih/code/simsearch/python/query_embeddings/combined.jsonl,100,1024,100,0,binary,2,0,0.003516,0.000221,0.001132,0.0,0.0,0.005731,1.0000000000000004,1.0,100
0bbeb0653a569e5394ac94a502549b079f7a055c,meow1,AMD Ryzen 9 9950X 16-Core Processor,c++ (Ubuntu 15.2.0-4ubuntu4) 15.2.0,CMAKE_CXX_FLAGS:STRING= CMAKE_CXX_FLAGS_RELEASE:STRING=-O3 -DNDEBUG,wikimedia_wikipedia_mxbai,/home/yunchih/code/simsearch/python/out/local_query_embeddings_1024.parquet,/home/yunchih/code/simsearch/python/query_embeddings/combined.jsonl,100,1024,100,10,two_step_RF10,2,0,0.003677,0.00021,0.000992,0.003136,2e-05,0.009047,1.0000000000000004,1.0,100
0bbeb0653a569e5394ac94a502549b079f7a055c,meow1,AMD Ryzen 9 9950X 16-Core Processor,c++ (Ubuntu 15.2.0-4ubuntu4) 15.2.0,CMAKE_CXX_FLAGS:STRING= CMAKE_CXX_FLAGS_RELEASE:STRING=-O3 -DNDEBUG,wikimedia_wikipedia_mxbai,/home/yunchih/code/simsearch/python/out/local_query_embeddings_1024.parquet,/home/yunchih/code/simsearch/python/query_embeddings/combined.jsonl,100,1024,100,10,two_step_mf_RF10,2,0,0.003296,0.00021,0.001052,0.029084,0.001573,0.036088,0.7114191485626543,1.0,100
0bbeb0653a569e5394ac94a502549b079f7a055c,meow1,AMD Ryzen 9 9950X 16-Core Processor,c++ (Ubuntu 15.2.0-4ubuntu4) 15.2.0,CMAKE_CXX_FLAGS:STRING= CMAKE_CXX_FLAGS_RELEASE:STRING=-O3 -DNDEBUG,wikimedia_wikipedia_mxbai,/home/yunchih/code/simsearch/python/out/local_query_embeddings_1024.parquet,/home/yunchih/code/simsearch/python/query_embeddings/combined.jsonl,100,1024,100,0,float32_avx2,3,0,0.0,0.0,0.0,0.0,0.0,0.003,0.7028487523930469,1.0,100
0bbeb0653a569e5394ac94a502549b079f7a055c,meow1,AMD Ryzen 9 9950X 16-Core Processor,c++ (Ubuntu 15.2.0-4ubuntu4) 15.2.0,CMAKE_CXX_FLAGS:STRING= CMAKE_CXX_FLAGS_RELEASE:STRING=-O3 -DNDEBUG,wikimedia_wikipedia_mxbai,/home/yunchih/code/simsearch/python/out/local_query_embeddings_1024.parquet,/home/yunchih/code/simsearch/python/query_embeddings/combined.jsonl,100,1024,100,0,binary,3,0,0.003567,0.00023,0.001082,0.0,0.0,0.00569,1.0000000000000004,1.0,100
0bbeb0653a569e5394ac94a502549b079f7a055c,meow1,AMD Ryzen 9 9950X 16-Core Processor,c++ (Ubuntu 15.2.0-4ubuntu4) 15.2.0,CMAKE_CXX_FLAGS:STRING= CMAKE_CXX_FLAGS_RELEASE:STRING=-O3 -DNDEBUG,wikimedia_wikipedia_mxbai,/home/yunchih/code/simsearch/python/out/local_query_embeddings_1024.parquet,/home/yunchih/code/simsearch/python/query_embeddings/combined.jsonl,100,1024,100,10,two_step_RF10,3,0,0.003427,0.0002,0.000982,0.003136,2e-05,0.008747,1.0000000000000004,1.0,100
0bbeb0653a569e5394ac94a502549b079f7a055c,meow1,AMD Ryzen 9 9950X 16-Core Processor,c++ (Ubuntu 15.2.0-4ubuntu4) 15.2.0,CMAKE_CXX_FLAGS:STRING= CMAKE_CXX_FLAGS_RELEASE:STRING=-O3 -DNDEBUG,wikimedia_wikipedia_mxbai,/home/yunchih/code/simsearch/python/out/local_query_embeddings_1024.parquet,/home/yunchih/code/simsearch/python/query_embeddings/combined.jsonl,100,1024,100,10,two_step_mf_RF10,3,0,0.003337,0.00021,0.001002,0.029145,0.001363,0.035898,0.7114191485626543,1.0,100
0bbeb0653a569e5394ac94a502549b079f7a055c,meow1,AMD Ryzen 9 9950X 16-Core Processor,c++ (Ubuntu 15.2.0-4ubuntu4) 15.2.0,CMAKE_CXX_FLAGS:STRING= CMAKE_CXX_FLAGS_RELEASE:STRING=-O3 -DNDEBUG,wikimedia_wikipedia_mxbai,/home/yunchih/code/simsearch/python/out/local_query_embeddings_1024.parquet,/home/yunchih/code/simsearch/python/query_embeddings/combined.jsonl,100,1024,100,0,float32_avx2,4,0,0.0,0.0,0.0,0.0,0.0,0.003,0.7028487523930469,1.0,100
0bbeb0653a569e5394ac94a502549b079f7a055c,meow1,AMD Ryzen 9 9950X 16-Core Processor,c++ (Ubuntu 15.2.0-4ubuntu4) 15.2.0,CMAKE_CXX_FLAGS:STRING= CMAKE_CXX_FLAGS_RELEASE:STRING=-O3 -DNDEBUG,wikimedia_wikipedia_mxbai,/home/yunchih/code/simsearch/python/out/local_query_embeddings_1024.parquet,/home/yunchih/code/simsearch/python/query_embeddings/combined.jsonl,100,1024,100,0,binary,4,0,0.003677,0.000231,0.001022,0.0,0.0,0.005681,1.0000000000000004,1.0,100
0bbeb0653a569e5394ac94a502549b079f7a055c,meow1,AMD Ryzen 9 9950X 16-Core Processor,c++ (Ubuntu 15.2.0-4ubuntu4) 15.2.0,CMAKE_CXX_FLAGS:STRING= CMAKE_CXX_FLAGS_RELEASE:STRING=-O3 -DNDEBUG,wikimedia_wikipedia_mxbai,/home/yunchih/code/simsearch/python/out/local_query_embeddings_1024.parquet,/home/yunchih/code/simsearch/python/query_embeddings/combined.jsonl,100,1024,100,10,two_step_RF10,4,0,0.003406,0.000201,0.001001,0.003066,2e-05,0.008656,1.0000000000000004,1.0,100
0bbeb0653a569e5394ac94a502549b079f7a055c,meow1,AMD Ryzen 9 9950X 16-Core Processor,c++ (Ubuntu 15.2.0-4ubuntu4) 15.2.0,CMAKE_CXX_FLAGS:STRING= CMAKE_CXX_FLAGS_RELEASE:STRING=-O3 -DNDEBUG,wikimedia_wikipedia_mxbai,/home/yunchih/code/simsearch/python/out/local_query_embeddings_1024.parquet,/home/yunchih/code/simsearch/python/query_embeddings/combined.jsonl,100,1024,100,10,two_step_mf_RF10,4,0,0.003407,0.00021,0.001002,0.029095,0.001463,0.036058,0.7114191485626543,1.0,100
0bbeb0653a569e5394ac94a502549b079f7a055c,meow1,AMD Ryzen 9 9950X 16-Core Processor,c++ (Ubuntu 15.2.0-4ubuntu4) 15.2.0,CMAKE_CXX_FLAGS:STRING= CMAKE_CXX_FLAGS_RELEASE:STRING=-O3 -DNDEBUG,wikimedia_wikipedia_mxbai,/home/yunchih/code/simsearch/python/out/local_query_embeddings_1024.parquet,/home/yunchih/code/simsearch/python/query_embeddings/combined.jsonl,100,1024,100,0,float32_avx2,5,0,0.0,0.0,0.0,0.0,0.0,0.003,0.7028487523930469,1.0,100
0bbeb0653a569e5394ac94a502549b079f7a055c,meow1,AMD Ryzen 9 9950X 16-Core Processor,c++ (Ubuntu 15.2.0-4ubuntu4) 15.2.0,CMAKE_CXX_FLAGS:STRING= CMAKE_CXX_FLAGS_RELEASE:STRING=-O3 -DNDEBUG,wikimedia_wikipedia_mxbai,/home/yunchih/code/simsearch/python/out/local_query_embeddings_1024.parquet,/home/yunchih/code/simsearch/python/query_embeddings/combined.jsonl,100,1024,100,0,binary,5,0,0.003627,0.000221,0.001042,0.0,0.0,0.005621,1.0000000000000004,1.0,100
0bbeb0653a569e5394ac94a502549b079f7a055c,meow1,AMD Ryzen 9 9950X 16-Core Processor,c++ (Ubuntu 15.2.0-4ubuntu4) 15.2.0,CMAKE_CXX_FLAGS:STRING= CMAKE_CXX_FLAGS_RELEASE:STRING=-O3 -DNDEBUG,wikimedia_wikipedia_mxbai,/home/yunchih/code/simsearch/python/out/local_query_embeddings_1024.parquet,/home/yunchih/code/simsearch/python/query_embeddings/combined.jsonl,100,1024,100,10,two_step_RF10,5,0,0.003326,0.00021,0.000992,0.003096,2e-05,0.008606,1.0000000000000004,1.0,100
0bbeb0653a569e5394ac94a502549b079f7a055c,meow1,AMD Ryzen 9 9950X 16-Core Processor,c++ (Ubuntu 15.2.0-4ubuntu4) 15.2.0,CMAKE_CXX_FLAGS:STRING= CMAKE_CXX_FLAGS_RELEASE:STRING=-O3 -DNDEBUG,wikimedia_wikipedia_mxbai,/home/yunchih/code/simsearch/python/out/local_query_embeddings_1024.parquet,/home/yunchih/code/simsearch/python/query_embeddings/combined.jsonl,100,1024,100,10,two_step_mf_RF10,5,0,0.003427,0.00021,0.001032,0.029095,0.001533,0.036128,0.7114191485626543,1.0,100
0bbeb0653a569e5394ac94a502549b079f7a055c,meow1,AMD Ryzen 9 9950X 16-Core Processor,c++ (Ubuntu 15.2.0-4ubuntu4) 15.2.0,CMAKE_CXX_FLAGS:STRING= CMAKE_CXX_FLAGS_RELEASE:STRING=-O3 -DNDEBUG,wikimedia_wikipedia_mxbai,/home/yunchih/code/simsearch/python/out/local_query_embeddings_1024.parquet,/home/yunchih/code/simsearch/python/query_embeddings/combined.jsonl,100,1024,100,0,float32_avx2,6,0,0.0,0.0,0.0,0.0,0.0,0.003,0.7028487523930469,1.0,100
0bbeb0653a569e5394ac94a502549b079f7a055c,meow1,AMD Ryzen 9 9950X 16-Core Processor,c++ (Ubuntu 15.2.0-4ubuntu4) 15.2.0,CMAKE_CXX_FLAGS:STRING= CMAKE_CXX_FLAGS_RELEASE:STRING=-O3 -DNDEBUG,wikimedia_wikipedia_mxbai,/home/yunchih/code/simsearch/python/out/local_query_embeddings_1024.parquet,/home/yunchih/code/simsearch/python/query_embeddings/combined.jsonl,100,1024,100,0,binary,6,0,0.003677,0.000211,0.001052,0.0,0.0,0.005721,1.0000000000000004,1.0,100
0bbeb0653a569e5394ac94a502549b079f7a055c,meow1,AMD Ryzen 9 9950X 16-Core Processor,c++ (Ubuntu 15.2.0-4ubuntu4) 15.2.0,CMAKE_CXX_FLAGS:STRING= CMAKE_CXX_FLAGS_RELEASE:STRING=-O3 -DNDEBUG,wikimedia_wikipedia_mxbai,/home/yunchih/code/simsearch/python/out/local_query_embeddings_1024.parquet,/home/yunchih/code/simsearch/python/query_embeddings/combined.jsonl,100,1024,100,10,two_step_RF10,6,0,0.003436,0.000211,0.001022,0.003116,1e-05,0.008736,1.0000000000000004,1.0,100
0bbeb0653a569e5394ac94a502549b079f7a055c,meow1,AMD Ryzen 9 9950X 16-Core Processor,c++ (Ubuntu 15.2.0-4ubuntu4) 15.2.0,CMAKE_CXX_FLAGS:STRING= CMAKE_CXX_FLAGS_RELEASE:STRING=-O3 -DNDEBUG,wikimedia_wikipedia_mxbai,/home/yunchih/code/simsearch/python/out/local_query_embeddings_1024.parquet,/home/yunchih/code/simsearch/python/query_embeddings/combined.jsonl,100,1024,100,10,two_step_mf_RF10,6,0,0.003446,0.000211,0.001012,0.029074,0.001422,0.036027,0.7114191485626543,1.0,100
0bbeb0653a569e5394ac94a502549b079f7a055c,meow1,AMD Ryzen 9 9950X 16-Core Processor,c++ (Ubuntu 15.2.0-4ubuntu4) 15.2.0,CMAKE_CXX_FLAGS:STRING= CMAKE_CXX_FLAGS_RELEASE:STRING=-O3 -DNDEBUG,wikimedia_wikipedia_mxbai,/home/yunchih/code/simsearch/python/out/local_query_embeddings_1024.parquet,/home/yunchih/code/simsearch/python/query_embeddings/combined.jsonl,100,1024,100,0,float32_avx2,7,0,0.0,0.0,0.0,0.0,0.0,0.003,0.7028487523930469,1.0,100
0bbeb0653a569e5394ac94a502549b079f7a055c,meow1,AMD Ryzen 9 9950X 16-Core Processor,c++ (Ubuntu 15.2.0-4ubuntu4) 15.2.0,CMAKE_CXX_FLAGS:STRING= CMAKE_CXX_FLAGS_RELEASE:STRING=-O3 -DNDEBUG,wikimedia_wikipedia_mxbai,/home/yunchih/code/simsearch/python/out/local_query_embeddings_1024.parquet,/home/yunchih/code/simsearch/python/query_embeddings/combined.jsonl,100,1024,100,0,binary,7,0,0.003576,0.000221,0.000992,0.0,0.0,0.00555,1.0000000000000004,1.0,100
0bbeb0653a569e5394ac94a502549b079f7a055c,meow1,AMD Ryzen 9 9950X 16-Core Processor,c++ (Ubuntu 15.2.0-4ubuntu4) 15.2.0,CMAKE_CXX_FLAGS:STRING= CMAKE_CXX_FLAGS_RELEASE:STRING=-O3 -DNDEBUG,wikimedia_wikipedia_mxbai,/home/yunchih/code/simsearch/python/out/local_query_embeddings_1024.parquet,/home/yunchih/code/simsearch/python/query_embeddings/combined.jsonl,100,1024,100,10,two_step_RF10,7,0,0.003337,0.00021,0.000982,0.003106,2e-05,0.008596,1.0000000000000004,1.0,100
0bbeb0653a569e5394ac94a502549b079f7a055c,meow1,AMD Ryzen 9 9950X 16-Core Processor,c++ (Ubuntu 15.2.0-4ubuntu4) 15.2.0,CMAKE_CXX_FLAGS:STRING= CMAKE_CXX_FLAGS_RELEASE:STRING=-O3 -DNDEBUG,wikimedia_wikipedia_mxbai,/home/yunchih/code/simsearch/python/out/local_query_embeddings_1024.parquet,/home/yunchih/code/simsearch/python/query_embeddings/combined.jsonl,100,1024,100,10,two_step_mf_RF10,7,0,0.003396,0.0002,0.001012,0.029115,0.001413,0.035988,0.7114191485626543,1.0,100
0bbeb0653a569e5394ac94a502549b079f7a055c,meow1,AMD Ryzen 9 9950X 16-Core Processor,c++ (Ubuntu 15.2.0-4ubuntu4) 15.2.0,CMAKE_CXX_FLAGS:STRING= CMAKE_CXX_FLAGS_RELEASE:STRING=-O3 -DNDEBUG,wikimedia_wikipedia_mxbai,/home/yunchih/code/simsearch/python/out/local_query_embeddings_1024.parquet,/home/yunchih/code/simsearch/python/query_embeddings/combined.jsonl,100,1024,100,0,float32_avx2,8,0,0.0,0.0,0.0,0.0,0.0,0.003,0.7028487523930469,1.0,100
0bbeb0653a569e5394ac94a502549b079f7a055c,meow1,AMD Ryzen 9 9950X 16-Core Processor,c++ (Ubuntu 15.2.0-4ubuntu4) 15.2.0,CMAKE_CXX_FLAGS:STRING= CMAKE_CXX_FLAGS_RELEASE:STRING=-O3 -DNDEBUG,wikimedia_wikipedia_mxbai,/home/yunchih/code/simsearch/python/out/local_query_embeddings_1024.parquet,/home/yunchih/code/simsearch/python/query_embeddings/combined.jsonl,100,1024,100,0,binary,8,0,0.003566,0.00021,0.001022,0.0,0.0,0.00554,1.0000000000000004,1.0,100
0bbeb0653a569e5394ac94a502549b079f7a055c,meow1,AMD Ryzen 9 9950X 16-Core Processor,c++ (Ubuntu 15.2.0-4ubuntu4) 15.2.0,CMAKE_CXX_FLAGS:STRING= CMAKE_CXX_FLAGS_RELEASE:STRING=-O3 -DNDEBUG,wikimedia_wikipedia_mxbai,/home/yunchih/code/simsearch/python/out/local_query_embeddings_1024.parquet,/home/yunchih/code/simsearch/python/query_embeddings/combined.jsonl,100,1024,100,10,two_step_RF10,8,0,0.003347,0.00021,0.000982,0.003106,2e-05,0.008616,1.0000000000000004,1.0,100
0bbeb0653a569e5394ac94a502549b079f7a055c,meow1,AMD Ryzen 9 9950X 16-Core Processor,c++ (Ubuntu 15.2.0-4ubuntu4) 15.2.0,CMAKE_CXX_FLAGS:STRING= CMAKE_CXX_FLAGS_RELEASE:STRING=-O3 -DNDEBUG,wikimedia_wikipedia_mxbai,/home/yunchih/code/simsearch/python/out/local_query_embeddings_1024.parquet,/home/yunchih/code/simsearch/python/query_embeddings/combined.jsonl,100,1024,100,10,two_step_mf_RF10,8,0,0.003427,0.00021,0.001022,0.029105,0.001413,0.036008,0.7114191485626543,1.0,100
0bbeb0653a569e5394ac94a502549b079f7a055c,meow1,AMD Ryzen 9 9950X 16-Core Processor,c++ (Ubuntu 15.2.0-4ubuntu4) 15.2.0,CMAKE_CXX_FLAGS:STRING= CMAKE_CXX_FLAGS_RELEASE:STRING=-O3 -DNDEBUG,wikimedia_wikipedia_mxbai,/home/yunchih/code/simsearch/python/out/local_query_embeddings_1024.parquet,/home/yunchih/code/simsearch/python/query_embeddings/combined.jsonl,100,1024,100,0,float32_avx2,9,0,0.0,0.0,0.0,0.0,0.0,0.003,0.7028487523930469,1.0,100
0bbeb0653a569e5394ac94a502549b079f7a055c,meow1,AMD Ryzen 9 9950X 16-Core Processor,c++ (Ubuntu 15.2.0-4ubuntu4) 15.2.0,CMAKE_CXX_FLAGS:STRING= CMAKE_CXX_FLAGS_RELEASE:STRING=-O3 -DNDEBUG,wikimedia_wikipedia_mxbai,/home/yunchih/code/simsearch/python/out/local_query_embeddings_1024.parquet,/home/yunchih/code/simsearch/python/query_embeddings/combined.jsonl,100,1024,100,0,binary,9,0,0.003858,0.00022,0.001012,0.0,0.0,0.005821,1.0000000000000004,1.0,100
0bbeb0653a569e5394ac94a502549b079f7a055c,meow1,AMD Ryzen 9 9950X 16-Core Processor,c++ (Ubuntu 15.2.0-4ubuntu4) 15.2.0,CMAKE_CXX_FLAGS:STRING= CMAKE_CXX_FLAGS_RELEASE:STRING=-O3 -DNDEBUG,wikimedia_wikipedia_mxbai,/home/yunchih/code/simsearch/python/out/local_query_embeddings_1024.parquet,/home/yunchih/code/simsearch/python/query_embeddings/combined.jsonl,100,1024,100,10,two_step_RF10,9,0,0.003667,0.00021,0.000992,0.003126,2e-05,0.008947,1.0000000000000004,1.0,100
0bbeb0653a569e5394ac94a502549b079f7a055c,meow1,AMD Ryzen 9 9950X 16-Core Processor,c++ (Ubuntu 15.2.0-4ubuntu4) 15.2.0,CMAKE_CXX_FLAGS:STRING= CMAKE_CXX_FLAGS_RELEASE:STRING=-O3 -DNDEBUG,wikimedia_wikipedia_mxbai,/home/yunchih/code/simsearch/python/out/local_query_embeddings_1024.parquet,/home/yunchih/code/simsearch/python/query_embeddings/combined.jsonl,100,1024,100,10,two_step_mf_RF10,9,0,0.003547,0.00021,0.001012,0.029115,0.001433,0.036188,0.7114191485626543,1.0,100
0bbeb0653a569e5394ac94a502549b079f7a055c,meow1,AMD Ryzen 9 9950X 16-Core Processor,c++ (Ubuntu 15.2.0-4ubuntu4) 15.2.0,CMAKE_CXX_FLAGS:STRING= CMAKE_CXX_FLAGS_RELEASE:STRING=-O3 -DNDEBUG,wikimedia_wikipedia_mxbai,/home/yunchih/code/simsearch/python/out/local_query_embeddings_1024.parquet,/home/yunchih/code/simsearch/python/query_embeddings/combined.jsonl,100,1024,100,0,float32_avx2,10,0,0.0,0.0,0.0,0.0,0.0,0.003,0.7028487523930469,1.0,100
0bbeb0653a569e5394ac94a502549b079f7a055c,meow1,AMD Ryzen 9 9950X 16-Core Processor,c++ (Ubuntu 15.2.0-4ubuntu4) 15.2.0,CMAKE_CXX_FLAGS:STRING= CMAKE_CXX_FLAGS_RELEASE:STRING=-O3 -DNDEBUG,wikimedia_wikipedia_mxbai,/home/yunchih/code/simsearch/python/out/local_query_embeddings_1024.parquet,/home/yunchih/code/simsearch/python/query_embeddings/combined.jsonl,100,1024,100,0,binary,10,0,0.003516,0.000211,0.001032,0.0,0.0,0.00549,1.0000000000000004,1.0,100
0bbeb0653a569e5394ac94a502549b079f7a055c,meow1,AMD Ryzen 9 9950X 16-Core Processor,c++ (Ubuntu 15.2.0-4ubuntu4) 15.2.0,CMAKE_CXX_FLAGS:STRING= CMAKE_CXX_FLAGS_RELEASE:STRING=-O3 -DNDEBUG,wikimedia_wikipedia_mxbai,/home/yunchih/code/simsearch/python/out/local_query_embeddings_1024.parquet,/home/yunchih/code/simsearch/python/query_embeddings/combined.jsonl,100,1024,100,10,two_step_RF10,10,0,0.003426,0.000201,0.001042,0.003086,2e-05,0.008706,1.0000000000000004,1.0,100
0bbeb0653a569e5394ac94a502549b079f7a055c,meow1,AMD Ryzen 9 9950X 16-Core Processor,c++ (Ubuntu 15.2.0-4ubuntu4) 15.2.0,CMAKE_CXX_FLAGS:STRING= CMAKE_CXX_FLAGS_RELEASE:STRING=-O3 -DNDEBUG,wikimedia_wikipedia_mxbai,/home/yunchih/code/simsearch/python/out/local_query_embeddings_1024.parquet,/home/yunchih/code/simsearch/python/query_embeddings/combined.jsonl,100,1024,100,10,two_step_mf_RF10,10,0,0.003397,0.00021,0.000992,0.029175,0.001403,0.035998,0.7114191485626543,1.0,100
0bbeb0653a569e5394ac94a502549b079f7a055c,meow1,AMD Ryzen 9 9950X 16-Core Processor,c++ (Ubuntu 15.2.0-4ubuntu4) 15.2.0,CMAKE_CXX_FLAGS:STRING= CMAKE_CXX_FLAGS_RELEASE:STRING=-O3 -DNDEBUG,wikimedia_wikipedia_mxbai,/home/yunchih/code/simsearch/python/out/local_query_embeddings_1024.parquet,/home/yunchih/code/simsearch/python/query_embeddings/combined.jsonl,100,1024,100,0,float32_avx2,11,0,0.0,0.0,0.0,0.0,0.0,0.003,0.7028487523930469,1.0,100
0bbeb0653a569e5394ac94a502549b079f7a055c,meow1,AMD Ryzen 9 9950X 16-Core Processor,c++ (Ubuntu 15.2.0-4ubuntu4) 15.2.0,CMAKE_CXX_FLAGS:STRING= CMAKE_CXX_FLAGS_RELEASE:STRING=-O3 -DNDEBUG,wikimedia_wikipedia_mxbai,/home/yunchih/code/simsearch/python/out/local_query_embeddings_1024.parquet,/home/yunchih/code/simsearch/python/query_embeddings/combined.jsonl,100,1024,100,0,binary,11,0,0.003707,0.00022,0.000962,0.0,0.0,0.005641,1.0000000000000004,1.0,100
0bbeb0653a569e5394ac94a502549b079f7a055c,meow1,AMD Ryzen 9 9950X 16-Core Processor,c++ (Ubuntu 15.2.0-4ubuntu4) 15.2.0,CMAKE_CXX_FLAGS:STRING= CMAKE_CXX_FLAGS_RELEASE:STRING=-O3 -DNDEBUG,wikimedia_wikipedia_mxbai,/home/yunchih/code/simsearch/python/out/local_query_embeddings_1024.parquet,/home/yunchih/code/simsearch/python/query_embeddings/combined.jsonl,100,1024,100,10,two_step_RF10,11,0,0.003476,0.000201,0.000982,0.003106,2e-05,0.008746,1.0000000000000004,1.0,100
0bbeb0653a569e5394ac94a502549b079f7a055c,meow1,AMD Ryzen 9 9950X 16-Core Processor,c++ (Ubuntu 15.2.0-4ubuntu4) 15.2.0,CMAKE_CXX_FLAGS:STRING= CMAKE_CXX_FLAGS_RELEASE:STRING=-O3 -DNDEBUG,wikimedia_wikipedia_mxbai,/home/yunchih/code/simsearch/python/out/local_query_embeddings_1024.parquet,/home/yunchih/code/simsearch/python/query_embeddings/combined.jsonl,100,1024,100,10,two_step_mf_RF10,11,0,0.003497,0.00021,0.000982,0.029135,0.001353,0.036028,0.7114191485626543,1.0,100
0bbeb0653a569e5394ac94a502549b079f7a055c,meow1,AMD Ryzen 9 9950X 16-Core Processor,c++ (Ubuntu 15.2.0-4ubuntu4) 15.2.0,CMAKE_CXX_FLAGS:STRING= CMAKE_CXX_FLAGS_RELEASE:STRING=-O3 -DNDEBUG,wikimedia_wikipedia_mxbai,/home/yunchih/code/simsearch/python/out/local_query_embeddings_1024.parquet,/home/yunchih/code/simsearch/python/query_embeddings/combined.jsonl,100,1024,100,0,float32_avx2,12,0,0.0,0.0,0.0,0.0,0.0,0.003,0.7028487523930469,1.0,100
0bbeb0653a569e5394ac94a502549b079f7a055c,meow1,AMD Ryzen 9 9950X 16-Core Processor,c++ (Ubuntu 15.2.0-4ubuntu4) 15.2.0,CMAKE_CXX_FLAGS:STRING= CMAKE_CXX_FLAGS_RELEASE:STRING=-O3 -DNDEBUG,wikimedia_wikipedia_mxbai,/home/yunchih/code/simsearch/python/out/local_query_embeddings_1024.parquet,/home/yunchih/code/simsearch/python/query_embeddings/combined.jsonl,100,1024,100,0,binary,12,0,0.003547,0.00022,0.000982,0.0,0.0,0.00548,1.0000000000000004,1.0,100
0bbeb0653a569e5394ac94a502549b079f7a055c,meow1,AMD Ryzen 9 9950X 16-Core Processor,c++ (Ubuntu 15.2.0-4ubuntu4) 15.2.0,CMAKE_CXX_FLAGS:STRING= CMAKE_CXX_FLAGS_RELEASE:STRING=-O3 -DNDEBUG,wikimedia_wikipedia_mxbai,/home/yunchih/code/simsearch/python/out/local_query_embeddings_1024.parquet,/home/yunchih/code/simsearch/python/query_embeddings/combined.jsonl,100,1024,100,10,two_step_RF10,12,0,0.003516,0.000211,0.001002,0.003056,2e-05,0.008726,1.0000000000000004,1.0,100
0bbeb0653a569e5394ac94a502549b079f7a055c,meow1,AMD Ryzen 9 9950X 16-Core Processor,c++ (Ubuntu 15.2.0-4ubuntu4) 15.2.0,CMAKE_CXX_FLAGS:STRING= CMAKE_CXX_FLAGS_RELEASE:STRING=-O3 -DNDEBUG,wikimedia_wikipedia_mxbai,/home/yunchih/code/simsearch/python/out/local_query_embeddings_1024.parquet,/home/yunchih/code/simsearch/python/query_embeddings/combined.jsonl,100,1024,100,10,two_step_mf_RF10,12,0,0.003437,0.00021,0.000982,0.029115,0.001393,0.035968,0.7114191485626543,1.0,100
0bbeb0653a569e5394ac94a502549b079f7a055c,meow1,AMD Ryzen 9 9950X 16-Core Processor,c++ (Ubuntu 15.2.0-4ubuntu4) 15.2.0,CMAKE_CXX_FLAGS:STRING= CMAKE_CXX_FLAGS_RELEASE:STRING=-O3 -DNDEBUG,wikimedia_wikipedia_mxbai,/home/yunchih/code/simsearch/python/out/local_query_embeddings_1024.parquet,/home/yunchih/code/simsearch/python/query_embeddings/combined.jsonl,100,1024,100,0,float32_avx2,13,0,0.0,0.0,0.0,0.0,0.0,0.003,0.7028487523930469,1.0,100
0bbeb0653a569e5394ac94a502549b079f7a055c,meow1,AMD Ryzen 9 9950X 16-Core Processor,c++ (Ubuntu 15.2.0-4ubuntu4) 15.2.0,CMAKE_CXX_FLAGS:STRING= CMAKE_CXX_FLAGS_RELEASE:STRING=-O3 -DNDEBUG,wikimedia_wikipedia_mxbai,/home/yunchih/code/simsearch/python/out/local_query_embeddings_1024.parquet,/home/yunchih/code/simsearch/python/query_embeddings/combined.jsonl,100,1024,100,0,binary,13,0,0.003567,0.000221,0.001012,0.0,0.0,0.005551,1.0000000000000004,1.0,100
0bbeb0653a569e5394ac94a502549b079f7a055c,meow1,AMD Ryzen 9 9950X 16-Core Processor,c++ (Ubuntu 15.2.0-4ubuntu4) 15.2.0,CMAKE_CXX_FLAGS:STRING= CMAKE_CXX_FLAGS_RELEASE:STRING=-O3 -DNDEBUG,wikimedia_wikipedia_mxbai,/home/yunchih/code/simsearch/python/out/local_query_embeddings_1024.parquet,/home/yunchih/code/simsearch/python/query_embeddings/combined.jsonl,100,1024,100,10,two_step_RF10,13,0,0.003286,0.00021,0.000962,0.003055,1e-05,0.008486,1.0000000000000004,1.0,100
0bbeb0653a569e5394ac94a502549b079f7a055c,meow1,AMD Ryzen 9 9950X 16-Core Processor,c++ (Ubuntu 15.2.0-4ubuntu4) 15.2.0,CMAKE_CXX_FLAGS:STRING= CMAKE_CXX_FLAGS_RELEASE:STRING=-O3 -DNDEBUG,wikimedia_wikipedia_mxbai,/home/yunchih/code/simsearch/python/out/local_query_embeddings_1024.parquet,/home/yunchih/code/simsearch/python/query_embeddings/combined.jsonl,100,1024,100,10,two_step_mf_RF10,13,0,0.003336,0.000211,0.001012,0.029105,0.001392,0.035907,0.7114191485626543,1.0,100
0bbeb0653a569e5394ac94a502549b079f7a055c,meow1,AMD Ryzen 9 9950X 16-Core Processor,c++ (Ubuntu 15.2.0-4ubuntu4) 15.2.0,CMAKE_CXX_FLAGS:STRING= CMAKE_CXX_FLAGS_RELEASE:STRING=-O3 -DNDEBUG,wikimedia_wikipedia_mxbai,/home/yunchih/code/simsearch/python/out/local_query_embeddings_1024.parquet,/home/yunchih/code/simsearch/python/query_embeddings/combined.jsonl,100,1024,100,0,float32_avx2,14,0,0.0,0.0,0.0,0.0,0.0,0.003,0.7028487523930469,1.0,100
0bbeb0653a569e5394ac94a502549b079f7a055c,meow1,AMD Ryzen 9 9950X 16-Core Processor,c++ (Ubuntu 15.2.0-4ubuntu4) 15.2.0,CMAKE_CXX_FLAGS:STRING= CMAKE_CXX_FLAGS_RELEASE:STRING=-O3 -DNDEBUG,wikimedia_wikipedia_mxbai,/home/yunchih/code/simsearch/python/out/local_query_embeddings_1024.parquet,/home/yunchih/code/simsearch/python/query_embeddings/combined.jsonl,100,1024,100,0,binary,14,0,0.003547,0.00022,0.001002,0.0,0.0,0.00551,1.0000000000000004,1.0,100
0bbeb0653a569e5394ac94a502549b079f7a055c,meow1,AMD Ryzen 9 9950X 16-Core Processor,c++ (Ubuntu 15.2.0-4ubuntu4) 15.2.0,CMAKE_CXX_FLAGS:STRING= CMAKE_CXX_FLAGS_RELEASE:STRING=-O3 -DNDEBUG,wikimedia_wikipedia_mxbai,/home/yunchih/code/simsearch/python/out/local_query_embeddings_1024.parquet,/home/yunchih/code/simsearch/python/query_embeddings/combined.jsonl,100,1024,100,10,two_step_RF10,14,0,0.003387,0.00021,0.000982,0.003105,2e-05,0.008646,1.0000000000000004,1.0,100
0bbeb0653a569e5394ac94a502549b079f7a055c,meow1,AMD Ryzen 9 9950X 16-Core Processor,c++ (Ubuntu 15.2.0-4ubuntu4) 15.2.0,CMAKE_CXX_FLAGS:STRING= CMAKE_CXX_FLAGS_RELEASE:STRING=-O3 -DNDEBUG,wikimedia_wikipedia_mxbai,/home/yunchih/code/simsearch/python/out/local_query_embeddings_1024.parquet,/home/yunchih/code/simsearch/python/query_embeddings/combined.jsonl,100,1024,100,10,two_step_mf_RF10,14,0,0.003566,0.000211,0.001002,0.029085,0.001362,0.036067,0.7114191485626543,1.0,100
0bbeb0653a569e5394ac94a502549b079f7a055c,meow1,AMD Ryzen 9 9950X 16-Core Processor,c++ (Ubuntu 15.2.0-4ubuntu4) 15.2.0,CMAKE_CXX_FLAGS:STRING= CMAKE_CXX_FLAGS_RELEASE:STRING=-O3 -DNDEBUG,wikimedia_wikipedia_mxbai,/home/yunchih/code/simsearch/python/out/local_query_embeddings_1024.parquet,/home/yunchih/code/simsearch/python/query_embeddings/combined.jsonl,100,1024,100,0,float32_avx2,15,0,0.0,0.0,0.0,0.0,0.0,0.003,0.7028487523930469,1.0,100
0bbeb0653a569e5394ac94a502549b079f7a055c,meow1,AMD Ryzen 9 9950X 16-Core Processor,c++ (Ubuntu 15.2.0-4ubuntu4) 15.2.0,CMAKE_CXX_FLAGS:STRING= CMAKE_CXX_FLAGS_RELEASE:STRING=-O3 -DNDEBUG,wikimedia_wikipedia_mxbai,/home/yunchih/code/simsearch/python/out/local_query_embeddings_1024.parquet,/home/yunchih/code/simsearch/python/query_embeddings/combined.jsonl,100,1024,100,0,binary,15,0,0.003487,0.00021,0.001012,0.0,0.0,0.00546,1.0000000000000004,1.0,100
0bbeb0653a569e5394ac94a502549b079f7a055c,meow1,AMD Ryzen 9 9950X 16-Core Processor,c++ (Ubuntu 15.2.0-4ubuntu4) 15.2.0,CMAKE_CXX_FLAGS:STRING= CMAKE_CXX_FLAGS_RELEASE:STRING=-O3 -DNDEBUG,wikimedia_wikipedia_mxbai,/home/yunchih/code/simsearch/python/out/local_query_embeddings_1024.parquet,/home/yunchih/code/simsearch/python/query_embeddings/combined.jsonl,100,1024,100,10,two_step_RF10,15,0,0.003477,0.0002,0.000982,0.003046,2e-05,0.008676,1.0000000000000004,1.0,100
0bbeb0653a569e5394ac94a502549b079f7a055c,meow1,AMD Ryzen 9 9950X 16-Core Processor,c++ (Ubuntu 15.2.0-4ubuntu4) 15.2.0,CMAKE_CXX_FLAGS:STRING= CMAKE_CXX_FLAGS_RELEASE:STRING=-O3 -DNDEBUG,wikimedia_wikipedia_mxbai,/home/yunchih/code/simsearch/python/out/local_query_embeddings_1024.parquet,/home/yunchih/code/simsearch/python/query_embeddings/combined.jsonl,100,1024,100,10,two_step_mf_RF10,15,0,0.003386,0.0002,0.000962,0.029105,0.001412,0.035918,0.7114191485626543,1.0,100
0bbeb0653a569e5394ac94a502549b079f7a055c,meow1,AMD Ryzen 9 9950X 16-Core Processor,c++ (Ubuntu 15.2.0-4ubuntu4) 15.2.0,CMAKE_CXX_FLAGS:STRING= CMAKE_CXX_FLAGS_RELEASE:STRING=-O3 -DNDEBUG,wikimedia_wikipedia_mxbai,/home/yunchih/code/simsearch/python/out/local_query_embeddings_1024.parquet,/home/yunchih/code/simsearch/python/query_embeddings/combined.jsonl,100,1024,100,0,float32_avx2,16,0,0.0,0.0,0.0,0.0,0.0,0.003,0.7028487523930469,1.0,100
0bbeb0653a569e5394ac94a502549b079f7a055c,meow1,AMD Ryzen 9 9950X 16-Core Processor,c++ (Ubuntu 15.2.0-4ubuntu4) 15.2.0,CMAKE_CXX_FLAGS:STRING= CMAKE_CXX_FLAGS_RELEASE:STRING=-O3 -DNDEBUG,wikimedia_wikipedia_mxbai,/home/yunchih/code/simsearch/python/out/local_query_embeddings_1024.parquet,/home/yunchih/code/simsearch/python/query_embeddings/combined.jsonl,100,1024,100,0,binary,16,0,0.003616,0.00022,0.001002,0.0,0.0,0.00557,1.0000000000000004,1.0,100
0bbeb0653a569e5394ac94a502549b079f7a055c,meow1,AMD Ryzen 9 9950X 16-Core Processor,c++ (Ubuntu 15.2.0-4ubuntu4) 15.2.0,CMAKE_CXX_FLAGS:STRING= CMAKE_CXX_FLAGS_RELEASE:STRING=-O3 -DNDEBUG,wikimedia_wikipedia_mxbai,/home/yunchih/code/simsearch/python/out/local_query_embeddings_1024.parquet,/home/yunchih/code/simsearch/python/query_embeddings/combined.jsonl,100,1024,100,10,two_step_RF10,16,0,0.003396,0.00021,0.000982,0.003126,2e-05,0.008656,1.0000000000000004,1.0,100
0bbeb0653a569e5394ac94a502549b079f7a055c,meow1,AMD Ryzen 9 9950X 16-Core Processor,c++ (Ubuntu 15.2.0-4ubuntu4) 15.2.0,CMAKE_CXX_FLAGS:STRING= CMAKE_CXX_FLAGS_RELEASE:STRING=-O3 -DNDEBUG,wikimedia_wikipedia_mxbai,/home/yunchih/code/simsearch/python/out/local_query_embeddings_1024.parquet,/home/yunchih/code/simsearch/python/query_embeddings/combined.jsonl,100,1024,100,10,two_step_mf_RF10,16,0,0.003446,0.00021,0.000962,0.029626,0.003306,0.038382,0.7114191485626543,1.0,100
0bbeb0653a569e5394ac94a502549b079f7a055c,meow1,AMD Ryzen 9 9950X 16-Core Processor,c++ (Ubuntu 15.2.0-4ubuntu4) 15.2.0,CMAKE_CXX_FLAGS:STRING= CMAKE_CXX_FLAGS_RELEASE:STRING=-O3 -DNDEBUG,wikimedia_wikipedia_mxbai,/home/yunchih/code/simsearch/python/out/local_query_embeddings_1024.parquet,/home/yunchih/code/simsearch/python/query_embeddings/combined.jsonl,100,1024,100,0,float32_avx2,17,0,0.0,0.0,0.0,0.0,0.0,0.003,0.7028487523930469,1.0,100
0bbeb0653a569e5394ac94a502549b079f7a055c,meow1,AMD Ryzen 9 9950X 16-Core Processor,c++ (Ubuntu 15.2.0-4ubuntu4) 15.2.0,CMAKE_CXX_FLAGS:STRING= CMAKE_CXX_FLAGS_RELEASE:STRING=-O3 -DNDEBUG,wikimedia_wikipedia_mxbai,/home/yunchih/code/simsearch/python/out/local_query_embeddings_1024.parquet,/home/yunchih/code/simsearch/python/query_embeddings/combined.jsonl,100,1024,100,0,binary,17,0,0.003687,0.000221,0.000991,0.0,0.0,0.005631,1.0000000000000004,1.0,100
0bbeb0653a569e5394ac94a502549b079f7a055c,meow1,AMD Ryzen 9 9950X 16-Core Processor,c++ (Ubuntu 15.2.0-4ubuntu4) 15.2.0,CMAKE_CXX_FLAGS:STRING= CMAKE_CXX_FLAGS_RELEASE:STRING=-O3 -DNDEBUG,wikimedia_wikipedia_mxbai,/home/yunchih/code/simsearch/python/out/local_query_embeddings_1024.parquet,/home/yunchih/code/simsearch/python/query_embeddings/combined.jsonl,100,1024,100,10,two_step_RF10,17,0,0.003337,0.0002,0.000992,0.003105,2e-05,0.008607,1.0000000000000004,1.0,100
0bbeb0653a569e5394ac94a502549b079f7a055c,meow1,AMD Ryzen 9 9950X 16-Core Processor,c++ (Ubuntu 15.2.0-4ubuntu4) 15.2.0,CMAKE_CXX_FLAGS:STRING= CMAKE_CXX_FLAGS_RELEASE:STRING=-O3 -DNDEBUG,wikimedia_wikipedia_mxbai,/home/yunchih/code/simsearch/python/out/local_query_embeddings_1024.parquet,/home/yunchih/code/simsearch/python/query_embeddings/combined.jsonl,100,1024,100,10,two_step_mf_RF10,17,0,0.003416,0.000211,0.000981,0.029104,0.001363,0.035927,0.7114191485626543,1.0,100
0bbeb0653a569e5394ac94a502549b079f7a055c,meow1,AMD Ryzen 9 9950X 16-Core Processor,c++ (Ubuntu 15.2.0-4ubuntu4) 15.2.0,CMAKE_CXX_FLAGS:STRING= CMAKE_CXX_FLAGS_RELEASE:STRING=-O3 -DNDEBUG,wikimedia_wikipedia_mxbai,/home/yunchih/code/simsearch/python/out/local_query_embeddings_1024.parquet,/home/yunchih/code/simsearch/python/query_embeddings/combined.jsonl,100,1024,100,0,float32_avx2,18,0,0.0,0.0,0.0,0.0,0.0,0.003,0.7028487523930469,1.0,100
0bbeb0653a569e5394ac94a502549b079f7a055c,meow1,AMD Ryzen 9 9950X 16-Core Processor,c++ (Ubuntu 15.2.0-4ubuntu4) 15.2.0,CMAKE_CXX_FLAGS:STRING= CMAKE_CXX_FLAGS_RELEASE:STRING=-O3 -DNDEBUG,wikimedia_wikipedia_mxbai,/home/yunchih/code/simsearch/python/out/local_query_embeddings_1024.parquet,/home/yunchih/code/simsearch/python/query_embeddings/combined.jsonl,100,1024,100,0,binary,18,0,0.003517,0.00021,0.001012,0.0,0.0,0.005471,1.0000000000000004,1.0,100
0bbeb0653a569e5394ac94a502549b079f7a055c,meow1,AMD Ryzen 9 9950X 16-Core Processor,c++ (Ubuntu 15.2.0-4ubuntu4) 15.2.0,CMAKE_CXX_FLAGS:STRING= CMAKE_CXX_FLAGS_RELEASE:STRING=-O3 -DNDEBUG,wikimedia_wikipedia_mxbai,/home/yunchih/code/simsearch/python/out/local_query_embeddings_1024.parquet,/home/yunchih/code/simsearch/python/query_embeddings/combined.jsonl,100,1024,100,10,two_step_RF10,18,0,0.003537,0.00021,0.000972,0.003126,2e-05,0.008777,1.0000000000000004,1.0,100
0bbeb0653a569e5394ac94a502549b079f7a055c,meow1,AMD Ryzen 9 9950X 16-Core Processor,c++ (Ubuntu 15.2.0-4ubuntu4) 15.2.0,CMAKE_CXX_FLAGS:STRING= CMAKE_CXX_FLAGS_RELEASE:STRING=-O3 -DNDEBUG,wikimedia_wikipedia_mxbai,/home/yunchih/code/simsearch/python/out/local_query_embeddings_1024.parquet,/home/yunchih/code/simsearch/python/query_embeddings/combined.jsonl,100,1024,100,10,two_step_mf_RF10,18,0,0.003557,0.00021,0.000942,0.029085,0.001392,0.036038,0.7114191485626543,1.0,100
0bbeb0653a569e5394ac94a502549b079f7a055c,meow1,AMD Ryzen 9 9950X 16-Core Processor,c++ (Ubuntu 15.2.0-4ubuntu4) 15.2.0,CMAKE_CXX_FLAGS:STRING= CMAKE_CXX_FLAGS_RELEASE:STRING=-O3 -DNDEBUG,wikimedia_wikipedia_mxbai,/home/yunchih/code/simsearch/python/out/local_query_embeddings_1024.parquet,/home/yunchih/code/simsearch/python/query_embeddings/combined.jsonl,100,1024,100,0,float32_avx2,19,0,0.0,0.0,0.0,0.0,0.0,0.003,0.7028487523930469,1.0,100
0bbeb0653a569e5394ac94a502549b079f7a055c,meow1,AMD Ryzen 9 9950X 16-Core Processor,c++ (Ubuntu 15.2.0-4ubuntu4) 15.2.0,CMAKE_CXX_FLAGS:STRING= CMAKE_CXX_FLAGS_RELEASE:STRING=-O3 -DNDEBUG,wikimedia_wikipedia_mxbai,/home/yunchih/code/simsearch/python/out/local_query_embeddings_1024.parquet,/home/yunchih/code/simsearch/python/query_embeddings/combined.jsonl,100,1024,100,0,binary,19,0,0.003516,0.00022,0.001022,0.0,0.0,0.0055,1.0000000000000004,1.0,100
0bbeb0653a569e5394ac94a502549b079f7a055c,meow1,AMD Ryzen 9 9950X 16-Core Processor,c++ (Ubuntu 15.2.0-4ubuntu4) 15.2.0,CMAKE_CXX_FLAGS:STRING= CMAKE_CXX_FLAGS_RELEASE:STRING=-O3 -DNDEBUG,wikimedia_wikipedia_mxbai,/home/yunchih/code/simsearch/python/out/local_query_embeddings_1024.parquet,/home/yunchih/code/simsearch/python/query_embeddings/combined.jsonl,100,1024,100,10,two_step_RF10,19,0,0.003507,0.0002,0.000972,0.003145,2e-05,0.008787,1.0000000000000004,1.0,100
0bbeb0653a569e5394ac94a502549b079f7a055c,meow1,AMD Ryzen 9 9950X 16-Core Processor,c++ (Ubuntu 15.2.0-4ubuntu4) 15.2.0,CMAKE_CXX_FLAGS:STRING= CMAKE_CXX_FLAGS_RELEASE:STRING=-O3 -DNDEBUG,wikimedia_wikipedia_mxbai,/home/yunchih/code/simsearch/python/out/local_query_embeddings_1024.parquet,/home/yunchih/code/simsearch/python/query_embeddings/combined.jsonl,100,1024,100,10,two_step_mf_RF10,19,0,0.003556,0.000211,0.000982,0.029084,0.001382,0.036067,0.7114191485626543,1.0,100
0bbeb0653a569e5394ac94a502549b079f7a055c,meow1,AMD Ryzen 9 9950X 16-Core Processor,c++ (Ubuntu 15.2.0-4ubuntu4) 15.2.0,CMAKE_CXX_FLAGS:STRING= CMAKE_CXX_FLAGS_RELEASE:STRING=-O3 -DNDEBUG,wikimedia_wikipedia_mxbai,/home/yunchih/code/simsearch/python/out/local_query_embeddings_1024.parquet,/home/yunchih/code/simsearch/python/query_embeddings/combined.jsonl,100,1024,100,0,float32_avx2,20,0,0.0,0.0,0.0,0.0,0.0,0.003,0.7028487523930469,1.0,100
0bbeb0653a569e5394ac94a502549b079f7a055c,meow1,AMD Ryzen 9 9950X 16-Core Processor,c++ (Ubuntu 15.2.0-4ubuntu4) 15.2.0,CMAKE_CXX_FLAGS:STRING= CMAKE_CXX_FLAGS_RELEASE:STRING=-O3 -DNDEBUG,wikimedia_wikipedia_mxbai,/home/yunchih/code/simsearch/python/out/local_query_embeddings_1024.parquet,/home/yunchih/code/simsearch/python/query_embeddings/combined.jsonl,100,1024,100,0,binary,20,0,0.003647,0.000221,0.000981,0.0,0.0,0.005571,1.0000000000000004,1.0,100
0bbeb0653a569e5394ac94a502549b079f7a055c,meow1,AMD Ryzen 9 9950X 16-Core Processor,c++ (Ubuntu 15.2.0-4ubuntu4) 15.2.0,CMAKE_CXX_FLAGS:STRING= CMAKE_CXX_FLAGS_RELEASE:STRING=-O3 -DNDEBUG,wikimedia_wikipedia_mxbai,/home/yunchih/code/simsearch/python/out/local_query_embeddings_1024.parquet,/home/yunchih/code/simsearch/python/query_embeddings/combined.jsonl,100,1024,100,10,two_step_RF10,20,0,0.003296,0.000211,0.000992,0.003116,2e-05,0.008566,1.0000000000000004,1.0,100
0bbeb0653a569e5394ac94a502549b079f7a055c,meow1,AMD Ryzen 9 9950X 16-Core Processor,c++ (Ubuntu 15.2.0-4ubuntu4) 15.2.0,CMAKE_CXX_FLAGS:STRING= CMAKE_CXX_FLAGS_RELEASE:STRING=-O3 -DNDEBUG,wikimedia_wikipedia_mxbai,/home/yunchih/code/simsearch/python/out/local_query_embeddings_1024.parquet,/home/yunchih/code/simsearch/python/query_embeddings/combined.jsonl,100,1024,100,10,two_step_mf_RF10,20,0,0.003306,0.000201,0.001002,0.031569,0.001363,0.038272,0.7114191485626543,1.0,100
0bbeb0653a569e5394ac94a502549b079f7a055c,meow1,AMD Ryzen 9 9950X 16-Core Processor,c++ (Ubuntu 15.2.0-4ubuntu4) 15.2.0,CMAKE_CXX_FLAGS:STRING= CMAKE_CXX_FLAGS_RELEASE:STRING=-O3 -DNDEBUG,wikimedia_wikipedia_mxbai,/home/yunchih/code/simsearch/python/out/local_query_embeddings_1024.parquet,/home/yunchih/code/simsearch/python/query_embeddings/combined.jsonl,100,1024,100,0,float32_avx2,21,0,0.0,0.0,0.0,0.0,0.0,0.003,0.7028487523930469,1.0,100
0bbeb0653a569e5394ac94a502549b079f7a055c,meow1,AMD Ryzen 9 9950X 16-Core Processor,c++ (Ubuntu 15.2.0-4ubuntu4) 15.2.0,CMAKE_CXX_FLAGS:STRING= CMAKE_CXX_FLAGS_RELEASE:STRING=-O3 -DNDEBUG,wikimedia_wikipedia_mxbai,/home/yunchih/code/simsearch/python/out/local_query_embeddings_1024.parquet,/home/yunchih/code/simsearch/python/query_embeddings/combined.jsonl,100,1024,100,0,binary,21,0,0.003707,0.00022,0.000992,0.0,0.0,0.00566,1.0000000000000004,1.0,100
0bbeb0653a569e5394ac94a502549b079f7a055c,meow1,AMD Ryzen 9 9950X 16-Core Processor,c++ (Ubuntu 15.2.0-4ubuntu4) 15.2.0,CMAKE_CXX_FLAGS:STRING= CMAKE_CXX_FLAGS_RELEASE:STRING=-O3 -DNDEBUG,wikimedia_wikipedia_mxbai,/home/yunchih/code/simsearch/python/out/local_query_embeddings_1024.parquet,/home/yunchih/code/simsearch/python/query_embeddings/combined.jsonl,100,1024,100,10,two_step_RF10,21,0,0.003466,0.00021,0.000982,0.003076,2e-05,0.008696,1.0000000000000004,1.0,100
0bbeb0653a569e5394ac94a502549b079f7a055c,meow1,AMD Ryzen 9 9950X 16-Core Processor,c++ (Ubuntu 15.2.0-4ubuntu4) 15.2.0,CMAKE_CXX_FLAGS:STRING= CMAKE_CXX_FLAGS_RELEASE:STRING=-O3 -DNDEBUG,wikimedia_wikipedia_mxbai,/home/yunchih/code/simsearch/python/out/local_query_embeddings_1024.parquet,/home/yunchih/code/simsearch/python/query_embeddings/combined.jsonl,100,1024,100,10,two_step_mf_RF10,21,0,0.003497,0.00021,0.000991,0.029114,0.001403,0.036048,0.7114191485626543,1.0,100
0bbeb0653a569e5394ac94a502549b079f7a055c,meow1,AMD Ryzen 9 9950X 16-Core Processor,c++ (Ubuntu 15.2.0-4ubuntu4) 15.2.0,CMAKE_CXX_FLAGS:STRING= CMAKE_CXX_FLAGS_RELEASE:STRING=-O3 -DNDEBUG,wikimedia_wikipedia_mxbai,/home/yunchih/code/simsearch/python/out/local_query_embeddings_1024.parquet,/home/yunchih/code/simsearch/python/query_embeddings/combined.jsonl,100,1024,100,0,float32_avx2,22,0,0.0,0.0,0.0,0.0,0.0,0.003,0.7028487523930469,1.0,100
0bbeb0653a569e5394ac94a502549b079f7a055c,meow1,AMD Ryzen 9 9950X 16-Core Processor,c++ (Ubuntu 15.2.0-4ubuntu4) 15.2.0,CMAKE_CXX_FLAGS:STRING= CMAKE_CXX_FLAGS_RELEASE:STRING=-O3 -DNDEBUG,wikimedia_wikipedia_mxbai,/home/yunchih/code/simsearch/python/out/local_query_embeddings_1024.parquet,/home/yunchih/code/simsearch/python/query_embeddings/combined.jsonl,100,1024,100,0,binary,22,0,0.003687,0.000221,0.001002,0.0,0.0,0.005631,1.0000000000000004,1.0,100
0bbeb0653a569e5394ac94a502549b079f7a055c,meow1,AMD Ryzen 9 9950X 16-Core Processor,c++ (Ubuntu 15.2.0-4ubuntu4) 15.2.0,CMAKE_CXX_FLAGS:STRING= CMAKE_CXX_FLAGS_RELEASE:STRING=-O3 -DNDEBUG,wikimedia_wikipedia_mxbai,/home/yunchih/code/simsearch/python/out/local_query_embeddings_1024.parquet,/home/yunchih/code/simsearch/python/query_embeddings/combined.jsonl,100,1024,100,10,two_step_RF10,22,0,0.003586,0.00021,0.000982,0.003066,2e-05,0.008806,1.0000000000000004,1.0,100
0bbeb0653a569e5394ac94a502549b079f7a055c,meow1,AMD Ryzen 9 9950X 16-Core Processor,c++ (Ubuntu 15.2.0-4ubuntu4) 15.2.0,CMAKE_CXX_FLAGS:STRING= CMAKE_CXX_FLAGS_RELEASE:STRING=-O3 -DNDEBUG,wikimedia_wikipedia_mxbai,/home/yunchih/code/simsearch/python/out/local_query_embeddings_1024.parquet,/home/yunchih/code/simsearch/python/query_embeddings/combined.jsonl,100,1024,100,10,two_step_mf_RF10,22,0,0.003587,0.000201,0.000961,0.029114,0.001373,0.036078,0.7114191485626543,1.0,100
0bbeb0653a569e5394ac94a502549b079f7a055c,meow1,AMD Ryzen 9 9950X 16-Core Processor,c++ (Ubuntu 15.2.0-4ubuntu4) 15.2.0,CMAKE_CXX_FLAGS:STRING= CMAKE_CXX_FLAGS_RELEASE:STRING=-O3 -DNDEBUG,wikimedia_wikipedia_mxbai,/home/yunchih/code/simsearch/python/out/local_query_embeddings_1024.parquet,/home/yunchih/code/simsearch/python/query_embeddings/combined.jsonl,100,1024,100,0,float32_avx2,23,0,0.0,0.0,0.0,0.0,0.0,0.003,0.7028487523930469,1.0,100
0bbeb0653a569e5394ac94a502549b079f7a055c,meow1,AMD Ryzen 9 9950X 16-Core Processor,c++ (Ubuntu 15.2.0-4ubuntu4) 15.2.0,CMAKE_CXX_FLAGS:STRING= CMAKE_CXX_FLAGS_RELEASE:STRING=-O3 -DNDEBUG,wikimedia_wikipedia_mxbai,/home/yunchih/code/simsearch/python/out/local_query_embeddings_1024.parquet,/home/yunchih/code/simsearch/python/query_embeddings/combined.jsonl,100,1024,100,0,binary,23,0,0.003547,0.000211,0.000992,0.0,0.0,0.005501,1.0000000000000004,1.0,100
0bbeb0653a569e5394ac94a502549b079f7a055c,meow1,AMD Ryzen 9 9950X 16-Core Processor,c++ (Ubuntu 15.2.0-4ubuntu4) 15.2.0,CMAKE_CXX_FLAGS:STRING= CMAKE_CXX_FLAGS_RELEASE:STRING=-O3 -DNDEBUG,wikimedia_wikipedia_mxbai,/home/yunchih/code/simsearch/python/out/local_query_embeddings_1024.parquet,/home/yunchih/code/simsearch/python/query_embeddings/combined.jsonl,100,1024,100,10,two_step_RF10,23,0,0.003307,0.00021,0.000972,0.003086,2e-05,0.008546,1.0000000000000004,1.0,100
0bbeb0653a569e5394ac94a502549b079f7a055c,meow1,AMD Ryzen 9 9950X 16-Core Processor,c++ (Ubuntu 15.2.0-4ubuntu4) 15.2.0,CMAKE_CXX_FLAGS:STRING= CMAKE_CXX_FLAGS_RELEASE:STRING=-O3 -DNDEBUG,wikimedia_wikipedia_mxbai,/home/yunchih/code/simsearch/python/out/local_query_embeddings_1024.parquet,/home/yunchih/code/simsearch/python/query_embeddings/combined.jsonl,100,1024,100,10,two_step_mf_RF10,23,0,0.003346,0.0002,0.001002,0.029105,0.001412,0.035908,0.7114191485626543,1.0,100
0bbeb0653a569e5394ac94a502549b079f7a055c,meow1,AMD Ryzen 9 9950X 16-Core Processor,c++ (Ubuntu 15.2.0-4ubuntu4) 15.2.0,CMAKE_CXX_FLAGS:STRING= CMAKE_CXX_FLAGS_RELEASE:STRING=-O3 -DNDEBUG,wikimedia_wikipedia_mxbai,/home/yunchih/code/simsearch/python/out/local_query_embeddings_1024.parquet,/home/yunchih/code/simsearch/python/query_embeddings/combined.jsonl,100,1024,100,0,float32_avx2,24,0,0.0,0.0,0.0,0.0,0.0,0.003,0.7028487523930469,1.0,100
0bbeb0653a569e5394ac94a502549b079f7a055c,meow1,AMD Ryzen 9 9950X 16-Core Processor,c++ (Ubuntu 15.2.0-4ubuntu4) 15.2.0,CMAKE_CXX_FLAGS:STRING= CMAKE_CXX_FLAGS_RELEASE:STRING=-O3 -DNDEBUG,wikimedia_wikipedia_mxbai,/home/yunchih/code/simsearch/python/out/local_query_embeddings_1024.parquet,/home/yunchih/code/simsearch/python/query_embeddings/combined.jsonl,100,1024,100,0,binary,24,0,0.003557,0.00022,0.001002,0.0,0.0,0.0055,1.0000000000000004,1.0,100
0bbeb0653a569e5394ac94a502549b079f7a055c,meow1,AMD Ryzen 9 9950X 16-Core Processor,c++ (Ubuntu 15.2.0-4ubuntu4) 15.2.0,CMAKE_CXX_FLAGS:STRING= CMAKE_CXX_FLAGS_RELEASE:STRING=-O3 -DNDEBUG,wikimedia_wikipedia_mxbai,/home/yunchih/code/simsearch/python/out/local_query_embeddings_1024.parquet,/home/yunchih/code/simsearch/python/query_embeddings/combined.jsonl,100,1024,100,10,two_step_RF10,24,0,0.003546,0.000211,0.000952,0.003086,2e-05,0.008746,1.0000000000000004,1.0,100
0bbeb0653a569e5394ac94a502549b079f7a055c,meow1,AMD Ryzen 9 9950X 16-Core Processor,c++ (Ubuntu 15.2.0-4ubuntu4) 15.2.0,CMAKE_CXX_FLAGS:STRING= CMAKE_CXX_FLAGS_RELEASE:STRING=-O3 -DNDEBUG,wikimedia_wikipedia_mxbai,/home/yunchih/code/simsearch/python/out/local_query_embeddings_1024.parquet,/home/yunchih/code/simsearch/python/query_embeddings/combined.jsonl,100,1024,100,10,two_step_mf_RF10,24,0,0.003427,0.00021,0.000962,0.031109,0.001432,0.037941,0.7114191485626543,1.0,100
0bbeb0653a569e5394ac94a502549b079f7a055c,meow1,AMD Ryzen 9 9950X 16-Core Processor,c++ (Ubuntu 15.2.0-4ubuntu4) 15.2.0,CMAKE_CXX_FLAGS:STRING= CMAKE_CXX_FLAGS_RELEASE:STRING=-O3 -DNDEBUG,wikimedia_wikipedia_mxbai,/home/yunchih/code/simsearch/python/out/local_query_embeddings_1024.parquet,/home/yunchih/code/simsearch/python/query_embeddings/combined.jsonl,200,1024,100,0,float32_avx2,0,0,0.0,0.0,0.0,0.0,0.0,0.022,1.0000000000000004,1.0,100
0bbeb0653a569e5394ac94a502549b079f7a055c,meow1,AMD Ryzen 9 9950X 16-Core Processor,c++ (Ubuntu 15.2.0-4ubuntu4) 15.2.0,CMAKE_CXX_FLAGS:STRING= CMAKE_CXX_FLAGS_RELEASE:STRING=-O3 -DNDEBUG,wikimedia_wikipedia_mxbai,/home/yunchih/code/simsearch/python/out/local_query_embeddings_1024.parquet,/home/yunchih/code/simsearch/python/query_embeddings/combined.jsonl,200,1024,100,0,binary,0,0,0.003747,0.001102,0.001733,0.0,0.0,0.008216,1.0000000000000004,1.0,100
0bbeb0653a569e5394ac94a502549b079f7a055c,meow1,AMD Ryzen 9 9950X 16-Core Processor,c++ (Ubuntu 15.2.0-4ubuntu4) 15.2.0,CMAKE_CXX_FLAGS:STRING= CMAKE_CXX_FLAGS_RELEASE:STRING=-O3 -DNDEBUG,wikimedia_wikipedia_mxbai,/home/yunchih/code/simsearch/python/out/local_query_embeddings_1024.parquet,/home/yunchih/code/simsearch/python/query_embeddings/combined.jsonl,200,1024,100,10,two_step_RF10,0,0,0.003446,0.000421,0.002505,0.012243,0.001984,0.022112,0.375912333877333,0.30718954248366015,200
0bbeb0653a569e5394ac94a502549b079f7a055c,meow1,AMD Ryzen 9 9950X 16-Core Processor,c++ (Ubuntu 15.2.0-4ubuntu4) 15.2.0,CMAKE_CXX_FLAGS:STRING= CMAKE_CXX_FLAGS_RELEASE:STRING=-O3 -DNDEBUG,wikimedia_wikipedia_mxbai,/home/yunchih/code/simsearch/python/out/local_query_embeddings_1024.parquet,/home/yunchih/code/simsearch/python/query_embeddings/combined.jsonl,200,1024,100,10,two_step_mf_RF10,0,0,0.003327,0.000471,0.002254,0.067236,0.002084,0.076824,0.375912333877333,0.30718954248366015,200
0bbeb0653a569e5394ac94a502549b079f7a055c,meow1,AMD Ryzen 9 9950X 16-Core Processor,c++ (Ubuntu 15.2.0-4ubuntu4) 15.2.0,CMAKE_CXX_FLAGS:STRING= CMAKE_CXX_FLAGS_RELEASE:STRING=-O3 -DNDEBUG,wikimedia_wikipedia_mxbai,/home/yunchih/code/simsearch/python/out/local_query_embeddings_1024.parquet,/home/yunchih/code/simsearch/python/query_embeddings/combined.jsonl,200,1024,100,0,float32_avx2,1,0,0.0,0.0,0.0,0.0,0.0,0.008,1.0000000000000004,1.0,100
0bbeb0653a569e5394ac94a502549b079f7a055c,meow1,AMD Ryzen 9 9950X 16-Core Processor,c++ (Ubuntu 15.2.0-4ubuntu4) 15.2.0,CMAKE_CXX_FLAGS:STRING= CMAKE_CXX_FLAGS_RELEASE:STRING=-O3 -DNDEBUG,wikimedia_wikipedia_mxbai,/home/yunchih/code/simsearch/python/out/local_query_embeddings_1024.parquet,/home/yunchih/code/simsearch/python/query_embeddings/combined.jsonl,200,1024,100,0,binary,1,0,0.003717,0.000441,0.001162,0.0,0.0,0.006292,1.0000000000000004,1.0,100
0bbeb0653a569e5394ac94a502549b079f7a055c,meow1,AMD Ryzen 9 9950X 16-Core Processor,c++ (Ubuntu 15.2.0-4ubuntu4) 15.2.0,CMAKE_CXX_FLAGS:STRING= CMAKE_CXX_FLAGS_RELEASE:STRING=-O3 -DNDEBUG,wikimedia_wikipedia_mxbai,/home/yunchih/code/simsearch/python/out/local_query_embeddings_1024.parquet,/home/yunchih/code/simsearch/python/query_embeddings/combined.jsonl,200,1024,100,10,two_step_RF10,1,0,0.003427,0.0004,0.002134,0.007074,0.001753,0.01608,0.375912333877333,0.30718954248366015,200
0bbeb0653a569e5394ac94a502549b079f7a055c,meow1,AMD Ryzen 9 9950X 16-Core Processor,c++ (Ubuntu 15.2.0-4ubuntu4) 15.2.0,CMAKE_CXX_FLAGS:STRING= CMAKE_CXX_FLAGS_RELEASE:STRING=-O3 -DNDEBUG,wikimedia_wikipedia_mxbai,/home/yunchih/code/simsearch/python/out/local_query_embeddings_1024.parquet,/home/yunchih/code/simsearch/python/query_embeddings/combined.jsonl,200,1024,100,10,two_step_mf_RF10,1,0,0.003346,0.000441,0.002074,0.055835,0.001954,0.064842,0.375912333877333,0.30718954248366015,200
0bbeb0653a569e5394ac94a502549b079f7a055c,meow1,AMD Ryzen 9 9950X 16-Core Processor,c++ (Ubuntu 15.2.0-4ubuntu4) 15.2.0,CMAKE_CXX_FLAGS:STRING= CMAKE_CXX_FLAGS_RELEASE:STRING=-O3 -DNDEBUG,wikimedia_wikipedia_mxbai,/home/yunchih/code/simsearch/python/out/local_query_embeddings_1024.parquet,/home/yunchih/code/simsearch/python/query_embeddings/combined.jsonl,200,1024,100,0,float32_avx2,2,0,0.0,0.0,0.0,0.0,0.0,0.007,1.0000000000000004,1.0,100
0bbeb0653a569e5394ac94a502549b079f7a055c,meow1,AMD Ryzen 9 9950X 16-Core Processor,c++ (Ubuntu 15.2.0-4ubuntu4) 15.2.0,CMAKE_CXX_FLAGS:STRING= CMAKE_CXX_FLAGS_RELEASE:STRING=-O3 -DNDEBUG,wikimedia_wikipedia_mxbai,/home/yunchih/code/simsearch/python/out/local_query_embeddings_1024.parquet,/home/yunchih/code/simsearch/python/query_embeddings/combined.jsonl,200,1024,100,0,binary,2,0,0.003476,0.000471,0.001142,0.0,0.0,0.005911,1.0000000000000004,1.0,100
0bbeb0653a569e5394ac94a502549b079f7a055c,meow1,AMD Ryzen 9 9950X 16-Core Processor,c++ (Ubuntu 15.2.0-4ubuntu4) 15.2.0,CMAKE_CXX_FLAGS:STRING= CMAKE_CXX_FLAGS_RELEASE:STRING=-O3 -DNDEBUG,wikimedia_wikipedia_mxbai,/home/yunchih/code/simsearch/python/out/local_query_embeddings_1024.parquet,/home/yunchih/code/simsearch/python/query_embeddings/combined.jsonl,200,1024,100,10,two_step_RF10,2,0,0.003337,0.000411,0.002043,0.007114,0.001553,0.01565,0.375912333877333,0.30718954248366015,200
0bbeb0653a569e5394ac94a502549b079f7a055c,meow1,AMD Ryzen 9 9950X 16-Core Processor,c++ (Ubuntu 15.2.0-4ubuntu4) 15.2.0,CMAKE_CXX_FLAGS:STRING= CMAKE_CXX_FLAGS_RELEASE:STRING=-O3 -DNDEBUG,wikimedia_wikipedia_mxbai,/home/yunchih/code/simsearch/python/out/local_query_embeddings_1024.parquet,/home/yunchih/code/simsearch/python/query_embeddings/combined.jsonl,200,1024,100,10,two_step_mf_RF10,2,0,0.003166,0.000431,0.002074,0.056015,0.001493,0.064261,0.375912333877333,0.30718954248366015,200
0bbeb0653a569e5394ac94a502549b079f7a055c,meow1,AMD Ryzen 9 9950X 16-Core Processor,c++ (Ubuntu 15.2.0-4ubuntu4) 15.2.0,CMAKE_CXX_FLAGS:STRING= CMAKE_CXX_FLAGS_RELEASE:STRING=-O3 -DNDEBUG,wikimedia_wikipedia_mxbai,/home/yunchih/code/simsearch/python/out/local_query_embeddings_1024.parquet,/home/yunchih/code/simsearch/python/query_embeddings/combined.jsonl,200,1024,100,0,float32_avx2,3,0,0.0,0.0,0.0,0.0,0.0,0.007,1.0000000000000004,1.0,100
0bbeb0653a569e5394ac94a502549b079f7a055c,meow1,AMD Ryzen 9 9950X 16-Core Processor,c++ (Ubuntu 15.2.0-4ubuntu4) 15.2.0,CMAKE_CXX_FLAGS:STRING= CMAKE_CXX_FLAGS_RELEASE:STRING=-O3 -DNDEBUG,wikimedia_wikipedia_mxbai,/home/yunchih/code/simsearch/python/out/local_query_embeddings_1024.parquet,/home/yunchih/code/simsearch/python/query_embeddings/combined.jsonl,200,1024,100,0,binary,3,0,0.003416,0.00047,0.001083,0.0,0.0,0.005791,1.0000000000000004,1.0,100
0bbeb0653a569e5394ac94a502549b079f7a055c,meow1,AMD Ryzen 9 9950X 16-Core Processor,c++ (Ubuntu 15.2.0-4ubuntu4) 15.2.0,CMAKE_CXX_FLAGS:STRING= CMAKE_CXX_FLAGS_RELEASE:STRING=-O3 -DNDEBUG,wikimedia_wikipedia_mxbai,/home/yunchih/code/simsearch/python/out/local_query_embeddings_1024.parquet,/home/yunchih/code/simsearch/python/query_embeddings/combined.jsonl,200,1024,100,10,two_step_RF10,3,0,0.003346,0.000411,0.002074,0.007023,0.001483,0.015509,0.375912333877333,0.30718954248366015,200
0bbeb0653a569e5394ac94a502549b079f7a055c,meow1,AMD Ryzen 9 9950X 16-Core Processor,c++ (Ubuntu 15.2.0-4ubuntu4) 15.2.0,CMAKE_CXX_FLAGS:STRING= CMAKE_CXX_FLAGS_RELEASE:STRING=-O3 -DNDEBUG,wikimedia_wikipedia_mxbai,/home/yunchih/code/simsearch/python/out/local_query_embeddings_1024.parquet,/home/yunchih/code/simsearch/python/query_embeddings/combined.jsonl,200,1024,100,10,two_step_mf_RF10,3,0,0.003196,0.000421,0.002054,0.055885,0.001443,0.064221,0.375912333877333,0.30718954248366015,200
0bbeb0653a569e5394ac94a502549b079f7a055c,meow1,AMD Ryzen 9 9950X 16-Core Processor,c++ (Ubuntu 15.2.0-4ubuntu4) 15.2.0,CMAKE_CXX_FLAGS:STRING= CMAKE_CXX_FLAGS_RELEASE:STRING=-O3 -DNDEBUG,wikimedia_wikipedia_mxbai,/home/yunchih/code/simsearch/python/out/local_query_embeddings_1024.parquet,/home/yunchih/code/simsearch/python/query_embeddings/combined.jsonl,200,1024,100,0,float32_avx2,4,0,0.0,0.0,0.0,0.0,0.0,0.007,1.0000000000000004,1.0,100
0bbeb0653a569e5394ac94a502549b079f7a055c,meow1,AMD Ryzen 9 9950X 16-Core Processor,c++ (Ubuntu 15.2.0-4ubuntu4) 15.2.0,CMAKE_CXX_FLAGS:STRING= CMAKE_CXX_FLAGS_RELEASE:STRING=-O3 -DNDEBUG,wikimedia_wikipedia_mxbai,/home/yunchih/code/simsearch/python/out/local_query_embeddings_1024.parquet,/home/yunchih/code/simsearch/python/query_embeddings/combined.jsonl,200,1024,100,0,binary,4,0,0.003467,0.000471,0.001032,0.0,0.0,0.005711,1.0000000000000004,1.0,100
0bbeb0653a569e5394ac94a502549b079f7a055c,meow1,AMD Ryzen 9 9950X 16-Core Processor,c++ (Ubuntu 15.2.0-4ubuntu4) 15.2.0,CMAKE_CXX_FLAGS:STRING= CMAKE_CXX_FLAGS_RELEASE:STRING=-O3 -DNDEBUG,wikimedia_wikipedia_mxbai,/home/yunchih/code/simsearch/python/out/local_query_embeddings_1024.parquet,/home/yunchih/code/simsearch/python/query_embeddings/combined.jsonl,200,1024,100,10,two_step_RF10,4,0,0.003336,0.000401,0.002044,0.006993,0.001473,0.015399,0.375912333877333,0.30718954248366015,200
0bbeb0653a569e5394ac94a502549b079f7a055c,meow1,AMD Ryzen 9 9950X 16-Core Processor,c++ (Ubuntu 15.2.0-4ubuntu4) 15.2.0,CMAKE_CXX_FLAGS:STRING= CMAKE_CXX_FLAGS_RELEASE:STRING=-O3 -DNDEBUG,wikimedia_wikipedia_mxbai,/home/yunchih/code/simsearch/python/out/local_query_embeddings_1024.parquet,/home/yunchih/code/simsearch/python/query_embeddings/combined.jsonl,200,1024,100,10,two_step_mf_RF10,4,0,0.003277,0.000431,0.002053,0.055975,0.001433,0.064201,0.375912333877333,0.30718954248366015,200
0bbeb0653a569e5394ac94a502549b079f7a055c,meow1,AMD Ryzen 9 9950X 16-Core Processor,c++ (Ubuntu 15.2.0-4ubuntu4) 15.2.0,CMAKE_CXX_FLAGS:STRING= CMAKE_CXX_FLAGS_RELEASE:STRING=-O3 -DNDEBUG,wikimedia_wikipedia_mxbai,/home/yunchih/code/simsearch/python/out/local_query_embeddings_1024.parquet,/home/yunchih/code/simsearch/python/query_embeddings/combined.jsonl,200,1024,100,0,float32_avx2,5,0,0.0,0.0,0.0,0.0,0.0,0.007,1.0000000000000004,1.0,100
0bbeb0653a569e5394ac94a502549b079f7a055c,meow1,AMD Ryzen 9 9950X 16-Core Processor,c++ (Ubuntu 15.2.0-4ubuntu4) 15.2.0,CMAKE_CXX_FLAGS:STRING= CMAKE_CXX_FLAGS_RELEASE:STRING=-O3 -DNDEBUG,wikimedia_wikipedia_mxbai,/home/yunchih/code/simsearch/python/out/local_query_embeddings_1024.parquet,/home/yunchih/code/simsearch/python/query_embeddings/combined.jsonl,200,1024,100,0,binary,5,0,0.003497,0.00044,0.001022,0.0,0.0,0.005721,1.0000000000000004,1.0,100
0bbeb0653a569e5394ac94a502549b079f7a055c,meow1,AMD Ryzen 9 9950X 16-Core Processor,c++ (Ubuntu 15.2.0-4ubuntu4) 15.2.0,CMAKE_CXX_FLAGS:STRING= CMAKE_CXX_FLAGS_RELEASE:STRING=-O3 -DNDEBUG,wikimedia_wikipedia_mxbai,/home/yunchih/code/simsearch/python/out/local_query_embeddings_1024.parquet,/home/yunchih/code/simsearch/python/query_embeddings/combined.jsonl,200,1024,100,10,two_step_RF10,5,0,0.003257,0.00039,0.002044,0.006823,0.001453,0.015049,0.375912333877333,0.30718954248366015,200
0bbeb0653a569e5394ac94a502549b079f7a055c,meow1,AMD Ryzen 9 9950X 16-Core Processor,c++ (Ubuntu 15.2.0-4ubuntu4) 15.2.0,CMAKE_CXX_FLAGS:STRING= CMAKE_CXX_FLAGS_RELEASE:STRING=-O3 -DNDEBUG,wikimedia_wikipedia_mxbai,/home/yunchih/code/simsearch/python/out/local_query_embeddings_1024.parquet,/home/yunchih/code/simsearch/python/query_embeddings/combined.jsonl,200,1024,100,10,two_step_mf_RF10,5,0,0.003216,0.000411,0.002024,0.055745,0.001393,0.06382,0.375912333877333,0.30718954248366015,200
0bbeb0653a569e5394ac94a502549b079f7a055c,meow1,AMD Ryzen 9 9950X 16-Core Processor,c++ (Ubuntu 15.2.0-4ubuntu4) 15.2.0,CMAKE_CXX_FLAGS:STRING= CMAKE_CXX_FLAGS_RELEASE:STRING=-O3 -DNDEBUG,wikimedia_wikipedia_mxbai,/home/yunchih/code/simsearch/python/out/local_query_embeddings_1024.parquet,/home/yunchih/code/simsearch/python/query_embeddings/combined.jsonl,200,1024,100,0,float32_avx2,6,0,0.0,0.0,0.0,0.0,0.0,0.007,1.0000000000000004,1.0,100
0bbeb0653a569e5394ac94a502549b079f7a055c,meow1,AMD Ryzen 9 9950X 16-Core Processor,c++ (Ubuntu 15.2.0-4ubuntu4) 15.2.0,CMAKE_CXX_FLAGS:STRING= CMAKE_CXX_FLAGS_RELEASE:STRING=-O3 -DNDEBUG,wikimedia_wikipedia_mxbai,/home/yunchih/code/simsearch/python/out/local_query_embeddings_1024.parquet,/home/yunchih/code/simsearch/python/query_embeddings/combined.jsonl,200,1024,100,0,binary,6,0,0.003326,0.000451,0.001052,0.0,0.0,0.0056,1.0000000000000004,1.0,100
0bbeb0653a569e5394ac94a502549b079f7a055c,meow1,AMD Ryzen 9 9950X 16-Core Processor,c++ (Ubuntu 15.2.0-4ubuntu4) 15.2.0,CMAKE_CXX_FLAGS:STRING= CMAKE_CXX_FLAGS_RELEASE:STRING=-O3 -DNDEBUG,wikimedia_wikipedia_mxbai,/home/yunchih/code/simsearch/python/out/local_query_embeddings_1024.parquet,/home/yunchih/code/simsearch/python/query_embeddings/combined.jsonl,200,1024,100,10,two_step_RF10,6,0,0.003226,0.000391,0.002064,0.006722,0.001423,0.014878,0.375912333877333,0.30718954248366015,200
0bbeb0653a569e5394ac94a502549b079f7a055c,meow1,AMD Ryzen 9 9950X 16-Core Processor,c++ (Ubuntu 15.2.0-4ubuntu4) 15.2.0,CMAKE_CXX_FLAGS:STRING= CMAKE_CXX_FLAGS_RELEASE:STRING=-O3 -DNDEBUG,wikimedia_wikipedia_mxbai,/home/yunchih/code/simsearch/python/out/local_query_embeddings_1024.parquet,/home/yunchih/code/simsearch/python/query_embeddings/combined.jsonl,200,1024,100,10,two_step_mf_RF10,6,0,0.003326,0.000431,0.002004,0.055764,0.001393,0.06396,0.375912333877333,0.30718954248366015,200
0bbeb0653a569e5394ac94a502549b079f7a055c,meow1,AMD Ryzen 9 9950X 16-Core Processor,c++ (Ubuntu 15.2.0-4ubuntu4) 15.2.0,CMAKE_CXX_FLAGS:STRING= CMAKE_CXX_FLAGS_RELEASE:STRING=-O3 -DNDEBUG,wikimedia_wikipedia_mxbai,/home/yunchih/code/simsearch/python/out/local_query_embeddings_1024.parquet,/home/yunchih/code/simsearch/python/query_embeddings/combined.jsonl,200,1024,100,0,float32_avx2,7,0,0.0,0.0,0.0,0.0,0.0,0.007,1.0000000000000004,1.0,100
0bbeb0653a569e5394ac94a502549b079f7a055c,meow1,AMD Ryzen 9 9950X 16-Core Processor,c++ (Ubuntu 15.2.0-4ubuntu4) 15.2.0,CMAKE_CXX_FLAGS:STRING= CMAKE_CXX_FLAGS_RELEASE:STRING=-O3 -DNDEBUG,wikimedia_wikipedia_mxbai,/home/yunchih/code/simsearch/python/out/local_query_embeddings_1024.parquet,/home/yunchih/code/simsearch/python/query_embeddings/combined.jsonl,200,1024,100,0,binary,7,0,0.003326,0.000431,0.000962,0.0,0.0,0.00548,1.0000000000000004,1.0,100
0bbeb0653a569e5394ac94a502549b079f7a055c,meow1,AMD Ryzen 9 9950X 16-Core Processor,c++ (Ubuntu 15.2.0-4ubuntu4) 15.2.0,CMAKE_CXX_FLAGS:STRING= CMAKE_CXX_FLAGS_RELEASE:STRING=-O3 -DNDEBUG,wikimedia_wikipedia_mxbai,/home/yunchih/code/simsearch/python/out/local_query_embeddings_1024.parquet,/home/yunchih/code/simsearch/python/query_embeddings/combined.jsonl,200,1024,100,10,two_step_RF10,7,0,0.003277,0.0004,0.002014,0.006693,0.001402,0.014808,0.375912333877333,0.30718954248366015,200
0bbeb0653a569e5394ac94a502549b079f7a055c,meow1,AMD Ryzen 9 9950X 16-Core Processor,c++ (Ubuntu 15.2.0-4ubuntu4) 15.2.0,CMAKE_CXX_FLAGS:STRING= CMAKE_CXX_FLAGS_RELEASE:STRING=-O3 -DNDEBUG,wikimedia_wikipedia_mxbai,/home/yunchih/code/simsearch/python/out/local_query_embeddings_1024.parquet,/home/yunchih/code/simsearch/python/query_embeddings/combined.jsonl,200,1024,100,10,two_step_mf_RF10,7,0,0.003146,0.000411,0.002034,0.055875,0.001403,0.06388,0.375912333877333,0.30718954248366015,200
0bbeb0653a569e5394ac94a502549b079f7a055c,meow1,AMD Ryzen 9 9950X 16-Core Processor,c++ (Ubuntu 15.2.0-4ubuntu4) 15.2.0,CMAKE_CXX_FLAGS:STRING= CMAKE_CXX_FLAGS_RELEASE:STRING=-O3 -DNDEBUG,wikimedia_wikipedia_mxbai,/home/yunchih/code/simsearch/python/out/local_query_embeddings_1024.parquet,/home/yunchih/code/simsearch/python/query_embeddings/combined.jsonl,200,1024,100,0,float32_avx2,8,0,0.0,0.0,0.0,0.0,0.0,0.007,1.0000000000000004,1.0,100
0bbeb0653a569e5394ac94a502549b079f7a055c,meow1,AMD Ryzen 9 9950X 16-Core Processor,c++ (Ubuntu 15.2.0-4ubuntu4) 15.2.0,CMAKE_CXX_FLAGS:STRING= CMAKE_CXX_FLAGS_RELEASE:STRING=-O3 -DNDEBUG,wikimedia_wikipedia_mxbai,/home/yunchih/code/simsearch/python/out/local_query_embeddings_1024.parquet,/home/yunchih/code/simsearch/python/query_embeddings/combined.jsonl,200,1024,100,0,binary,8,0,0.003486,0.000421,0.001052,0.0,0.0,0.00571,1.0000000000000004,1.0,100
0bbeb0653a569e5394ac94a502549b079f7a055c,meow1,AMD Ryzen 9 9950X 16-Core Processor,c++ (Ubuntu 15.2.0-4ubuntu4) 15.2.0,CMAKE_CXX_FLAGS:STRING= CMAKE_CXX_FLAGS_RELEASE:STRING=-O3 -DNDEBUG,wikimedia_wikipedia_mxbai,/home/yunchih/code/simsearch/python/out/local_query_embeddings_1024.parquet,/home/yunchih/code/simsearch/python/query_embeddings/combined.jsonl,200,1024,100,10,two_step_RF10,8,0,0.003246,0.00039,0.002014,0.006672,0.001413,0.014778,0.375912333877333,0.30718954248366015,200
0bbeb0653a569e5394ac94a502549b079f7a055c,meow1,AMD Ryzen 9 9950X 16-Core Processor,c++ (Ubuntu 15.2.0-4ubuntu4) 15.2.0,CMAKE_CXX_FLAGS:STRING= CMAKE_CXX_FLAGS_RELEASE:STRING=-O3 -DNDEBUG,wikimedia_wikipedia_mxbai,/home/yunchih/code/simsearch/python/out/local_query_embeddings_1024.parquet,/home/yunchih/code/simsearch/python/query_embeddings/combined.jsonl,200,1024,100,10,two_step_mf_RF10,8,0,0.003146,0.000421,0.002003,0.056316,0.001332,0.06425,0.375912333877333,0.30718954248366015,200
0bbeb0653a569e5394ac94a502549b079f7a055c,meow1,AMD Ryzen 9 9950X 16-Core Processor,c++ (Ubuntu 15.2.0-4ubuntu4) 15.2.0,CMAKE_CXX_FLAGS:STRING= CMAKE_CXX_FLAGS_RELEASE:STRING=-O3 -DNDEBUG,wikimedia_wikipedia_mxbai,/home/yunchih/code/simsearch/python/out/local_query_embeddings_1024.parquet,/home/yunchih/code/simsearch/python/query_embeddings/combined.jsonl,200,1024,100,0,float32_avx2,9,0,0.0,0.0,0.0,0.0,0.0,0.007,1.0000000000000004,1.0,100
0bbeb0653a569e5394ac94a502549b079f7a055c,meow1,AMD Ryzen 9 9950X 16-Core Processor,c++ (Ubuntu 15.2.0-4ubuntu4) 15.2.0,CMAKE_CXX_FLAGS:STRING= CMAKE_CXX_FLAGS_RELEASE:STRING=-O3 -DNDEBUG,wikimedia_wikipedia_mxbai,/home/yunchih/code/simsearch/python/out/local_query_embeddings_1024.parquet,/home/yunchih/code/simsearch/python/query_embeddings/combined.jsonl,200,1024,100,0,binary,9,0,0.003677,0.000461,0.001022,0.0,0.0,0.005911,1.0000000000000004,1.0,100
0bbeb0653a569e5394ac94a502549b079f7a055c,meow1,AMD Ryzen 9 9950X 16-Core Processor,c++ (Ubuntu 15.2.0-4ubuntu4) 15.2.0,CMAKE_CXX_FLAGS:STRING= CMAKE_CXX_FLAGS_RELEASE:STRING=-O3 -DNDEBUG,wikimedia_wikipedia_mxbai,/home/yunchih/code/simsearch/python/out/local_query_embeddings_1024.parquet,/home/yunchih/code/simsearch/python/query_embeddings/combined.jsonl,200,1024,100,10,two_step_RF10,9,0,0.003416,0.000391,0.002034,0.006633,0.001402,0.014877,0.375912333877333,0.30718954248366015,200
0bbeb0653a569e5394ac94a502549b079f7a055c,meow1,AMD Ryzen 9 9950X 16-Core Processor,c++ (Ubuntu 15.2.0-4ubuntu4) 15.2.0,CMAKE_CXX_FLAGS:STRING= CMAKE_CXX_FLAGS_RELEASE:STRING=-O3 -DNDEBUG,wikimedia_wikipedia_mxbai,/home/yunchih/code/simsearch/python/out/local_query_embeddings_1024.parquet,/home/yunchih/code/simsearch/python/query_embeddings/combined.jsonl,200,1024,100,10,two_step_mf_RF10,9,0,0.003306,0.000421,0.002014,0.055895,0.001383,0.06391,0.375912333877333,0.30718954248366015,200
0bbeb0653a569e5394ac94a502549b079f7a055c,meow1,AMD Ryzen 9 9950X 16-Core Processor,c++ (Ubuntu 15.2.0-4ubuntu4) 15.2.0,CMAKE_CXX_FLAGS:STRING= CMAKE_CXX_FLAGS_RELEASE:STRING=-O3 -DNDEBUG,wikimedia_wikipedia_mxbai,/home/yunchih/code/simsearch/python/out/local_query_embeddings_1024.parquet,/home/yunchih/code/simsearch/python/query_embeddings/combined.jsonl,200,1024,100,0,float32_avx2,10,0,0.0,0.0,0.0,0.0,0.0,0.007,1.0000000000000004,1.0,100
0bbeb0653a569e5394ac94a502549b079f7a055c,meow1,AMD Ryzen 9 9950X 16-Core Processor,c++ (Ubuntu 15.2.0-4ubuntu4) 15.2.0,CMAKE_CXX_FLAGS:STRING= CMAKE_CXX_FLAGS_RELEASE:STRING=-O3 -DNDEBUG,wikimedia_wikipedia_mxbai,/home/yunchih/code/simsearch/python/out/local_query_embeddings_1024.parquet,/home/yunchih/code/simsearch/python/query_embeddings/combined.jsonl,200,1024,100,0,binary,10,0,0.003477,0.000441,0.001012,0.0,0.0,0.005681,1.0000000000000004,1.0,100
0bbeb0653a569e5394ac94a502549b079f7a055c,meow1,AMD Ryzen 9 9950X 16-Core Processor,c++ (Ubuntu 15.2.0-4ubuntu4) 15.2.0,CMAKE_CXX_FLAGS:STRING= CMAKE_CXX_FLAGS_RELEASE:STRING=-O3 -DNDEBUG,wikimedia_wikipedia_mxbai,/home/yunchih/code/simsearch/python/out/local_query_embeddings_1024.parquet,/home/yunchih/code/simsearch/python/query_embeddings/combined.jsonl,200,1024,100,10,two_step_RF10,10,0,0.003246,0.000391,0.002044,0.006633,0.001443,0.014788,0.375912333877333,0.30718954248366015,200
0bbeb0653a569e5394ac94a502549b079f7a055c,meow1,AMD Ryzen 9 9950X 16-Core Processor,c++ (Ubuntu 15.2.0-4ubuntu4) 15.2.0,CMAKE_CXX_FLAGS:STRING= CMAKE_CXX_FLAGS_RELEASE:STRING=-O3 -DNDEBUG,wikimedia_wikipedia_mxbai,/home/yunchih/code/simsearch/python/out/local_query_embeddings_1024.parquet,/home/yunchih/code/simsearch/python/query_embeddings/combined.jsonl,200,1024,100,10,two_step_mf_RF10,10,0,0.003276,0.000411,0.002044,0.055805,0.001353,0.06377,0.375912333877333,0.30718954248366015,200
0bbeb0653a569e5394ac94a502549b079f7a055c,meow1,AMD Ryzen 9 9950X 16-Core Processor,c++ (Ubuntu 15.2.0-4ubuntu4) 15.2.0,CMAKE_CXX_FLAGS:STRING= CMAKE_CXX_FLAGS_RELEASE:STRING=-O3 -DNDEBUG,wikimedia_wikipedia_mxbai,/home/yunchih/code/simsearch/python/out/local_query_embeddings_1024.parquet,/home/yunchih/code/simsearch/python/query_embeddings/combined.jsonl,200,1024,100,0,float32_avx2,11,0,0.0,0.0,0.0,0.0,0.0,0.007,1.0000000000000004,1.0,100
0bbeb0653a569e5394ac94a502549b079f7a055c,meow1,AMD Ryzen 9 9950X 16-Core Processor,c++ (Ubuntu 15.2.0-4ubuntu4) 15.2.0,CMAKE_CXX_FLAGS:STRING= CMAKE_CXX_FLAGS_RELEASE:STRING=-O3 -DNDEBUG,wikimedia_wikipedia_mxbai,/home/yunchih/code/simsearch/python/out/local_query_embeddings_1024.parquet,/home/yunchih/code/simsearch/python/query_embeddings/combined.jsonl,200,1024,100,0,binary,11,0,0.003577,0.000451,0.000992,0.0,0.0,0.005781,1.0000000000000004,1.0,100
0bbeb0653a569e5394ac94a502549b079f7a055c,meow1,AMD Ryzen 9 9950X 16-Core Processor,c++ (Ubuntu 15.2.0-4ubuntu4) 15.2.0,CMAKE_CXX_FLAGS:STRING= CMAKE_CXX_FLAGS_RELEASE:STRING=-O3 -DNDEBUG,wikimedia_wikipedia_mxbai,/home/yunchih/code/simsearch/python/out/local_query_embeddings_1024.parquet,/home/yunchih/code/simsearch/python/query_embeddings/combined.jsonl,200,1024,100,10,two_step_RF10,11,0,0.003386,0.000381,0.002084,0.006692,0.001353,0.014898,0.375912333877333,0.30718954248366015,200
0bbeb0653a569e5394ac94a502549b079f7a055c,meow1,AMD Ryzen 9 9950X 16-Core Processor,c++ (Ubuntu 15.2.0-4ubuntu4) 15.2.0,CMAKE_CXX_FLAGS:STRING= CMAKE_CXX_FLAGS_RELEASE:STRING=-O3 -DNDEBUG,wikimedia_wikipedia_mxbai,/home/yunchih/code/simsearch/python/out/local_query_embeddings_1024.parquet,/home/yunchih/code/simsearch/python/query_embeddings/combined.jsonl,200,1024,100,10,two_step_mf_RF10,11,0,0.003296,0.000821,0.002074,0.059362,0.001523,0.067988,0.375912333877333,0.30718954248366015,200
0bbeb0653a569e5394ac94a502549b079f7a055c,meow1,AMD Ryzen 9 9950X 16-Core Processor,c++ (Ubuntu 15.2.0-4ubuntu4) 15.2.0,CMAKE_CXX_FLAGS:STRING= CMAKE_CXX_FLAGS_RELEASE:STRING=-O3 -DNDEBUG,wikimedia_wikipedia_mxbai,/home/yunchih/code/simsearch/python/out/local_query_embeddings_1024.parquet,/home/yunchih/code/simsearch/python/query_embeddings/combined.jsonl,200,1024,100,0,float32_avx2,12,0,0.0,0.0,0.0,0.0,0.0,0.007,1.0000000000000004,1.0,100
0bbeb0653a569e5394ac94a502549b079f7a055c,meow1,AMD Ryzen 9 9950X 16-Core Processor,c++ (Ubuntu 15.2.0-4ubuntu4) 15.2.0,CMAKE_CXX_FLAGS:STRING= CMAKE_CXX_FLAGS_RELEASE:STRING=-O3 -DNDEBUG,wikimedia_wikipedia_mxbai,/home/yunchih/code/simsearch/python/out/local_query_embeddings_1024.parquet,/home/yunchih/code/simsearch/python/query_embeddings/combined.jsonl,200,1024,100,0,binary,12,0,0.003407,0.000451,0.000992,0.0,0.0,0.005591,1.0000000000000004,1.0,100
0bbeb0653a569e5394ac94a502549b079f7a055c,meow1,AMD Ryzen 9 9950X 16-Core Processor,c++ (Ubuntu 15.2.0-4ubuntu4) 15.2.0,CMAKE_CXX_FLAGS:STRING= CMAKE_CXX_FLAGS_RELEASE:STRING=-O3 -DNDEBUG,wikimedia_wikipedia_mxbai,/home/yunchih/code/simsearch/python/out/local_query_embeddings_1024.parquet,/home/yunchih/code/simsearch/python/query_embeddings/combined.jsonl,200,1024,100,10,two_step_RF10,12,0,0.003257,0.00039,0.002024,0.006622,0.001433,0.014688,0.375912333877333,0.30718954248366015,200
0bbeb0653a569e5394ac94a502549b079f7a055c,meow1,AMD Ryzen 9 9950X 16-Core Processor,c++ (Ubuntu 15.2.0-4ubuntu4) 15.2.0,CMAKE_CXX_FLAGS:STRING= CMAKE_CXX_FLAGS_RELEASE:STRING=-O3 -DNDEBUG,wikimedia_wikipedia_mxbai,/home/yunchih/code/simsearch/python/out/local_query_embeddings_1024.parquet,/home/yunchih/code/simsearch/python/query_embeddings/combined.jsonl,200,1024,100,10,two_step_mf_RF10,12,0,0.003266,0.00041,0.002024,0.055795,0.001363,0.06374,0.375912333877333,0.30718954248366015,200
0bbeb0653a569e5394ac94a502549b079f7a055c,meow1,AMD Ryzen 9 9950X 16-Core Processor,c++ (Ubuntu 15.2.0-4ubuntu4) 15.2.0,CMAKE_CXX_FLAGS:STRING= CMAKE_CXX_FLAGS_RELEASE:STRING=-O3 -DNDEBUG,wikimedia_wikipedia_mxbai,/home/yunchih/code/simsearch/python/out/local_query_embeddings_1024.parquet,/home/yunchih/code/simsearch/python/query_embeddings/combined.jsonl,200,1024,100,0,float32_avx2,13,0,0.0,0.0,0.0,0.0,0.0,0.006,1.0000000000000004,1.0,100
0bbeb0653a569e5394ac94a502549b079f7a055c,meow1,AMD Ryzen 9 9950X 16-Core Processor,c++ (Ubuntu 15.2.0-4ubuntu4) 15.2.0,CMAKE_CXX_FLAGS:STRING= CMAKE_CXX_FLAGS_RELEASE:STRING=-O3 -DNDEBUG,wikimedia_wikipedia_mxbai,/home/yunchih/code/simsearch/python/out/local_query_embeddings_1024.parquet,/home/yunchih/code/simsearch/python/query_embeddings/combined.jsonl,200,1024,100,0,binary,13,0,0.003316,0.000441,0.001002,0.0,0.0,0.00551,1.0000000000000004,1.0,100
0bbeb0653a569e5394ac94a502549b079f7a055c,meow1,AMD Ryzen 9 9950X 16-Core Processor,c++ (Ubuntu 15.2.0-4ubuntu4) 15.2.0,CMAKE_CXX_FLAGS:STRING= CMAKE_CXX_FLAGS_RELEASE:STRING=-O3 -DNDEBUG,wikimedia_wikipedia_mxbai,/home/yunchih/code/simsearch/python/out/local_query_embeddings_1024.parquet,/home/yunchih/code/simsearch/python/query_embeddings/combined.jsonl,200,1024,100,10,two_step_RF10,13,0,0.003216,0.000381,0.001984,0.006622,0.001403,0.014547,0.375912333877333,0.30718954248366015,200
0bbeb0653a569e5394ac94a502549b079f7a055c,meow1,AMD Ryzen 9 9950X 16-Core Processor,c++ (Ubuntu 15.2.0-4ubuntu4) 15.2.0,CMAKE_CXX_FLAGS:STRING= CMAKE_CXX_FLAGS_RELEASE:STRING=-O3 -DNDEBUG,wikimedia_wikipedia_mxbai,/home/yunchih/code/simsearch/python/out/local_query_embeddings_1024.parquet,/home/yunchih/code/simsearch/python/query_embeddings/combined.jsonl,200,1024,100,10,two_step_mf_RF10,13,0,0.003136,0.000411,0.002024,0.055825,0.001353,0.06365,0.375912333877333,0.30718954248366015,200
0bbeb0653a569e5394ac94a502549b079f7a055c,meow1,AMD Ryzen 9 9950X 16-Core Processor,c++ (Ubuntu 15.2.0-4ubuntu4) 15.2.0,CMAKE_CXX_FLAGS:STRING= CMAKE_CXX_FLAGS_RELEASE:STRING=-O3 -DNDEBUG,wikimedia_wikipedia_mxbai,/home/yunchih/code/simsearch/python/out/local_query_embeddings_1024.parquet,/home/yunchih/code/simsearch/python/query_embeddings/combined.jsonl,200,1024,100,0,float32_avx2,14,0,0.0,0.0,0.0,0.0,0.0,0.007,1.0000000000000004,1.0,100
0bbeb0653a569e5394ac94a502549b079f7a055c,meow1,AMD Ryzen 9 9950X 16-Core Processor,c++ (Ubuntu 15.2.0-4ubuntu4) 15.2.0,CMAKE_CXX_FLAGS:STRING= CMAKE_CXX_FLAGS_RELEASE:STRING=-O3 -DNDEBUG,wikimedia_wikipedia_mxbai,/home/yunchih/code/simsearch/python/out/local_query_embeddings_1024.parquet,/home/yunchih/code/simsearch/python/query_embeddings/combined.jsonl,200,1024,100,0,binary,14,0,0.003426,0.000441,0.001012,0.0,0.0,0.00563,1.0000000000000004,1.0,100
0bbeb0653a569e5394ac94a502549b079f7a055c,meow1,AMD Ryzen 9 9950X 16-Core Processor,c++ (Ubuntu 15.2.0-4ubuntu4) 15.2.0,CMAKE_CXX_FLAGS:STRING= CMAKE_CXX_FLAGS_RELEASE:STRING=-O3 -DNDEBUG,wikimedia_wikipedia_mxbai,/home/yunchih/code/simsearch/python/out/local_query_embeddings_1024.parquet,/home/yunchih/code/simsearch/python/query_embeddings/combined.jsonl,200,1024,100,10,two_step_RF10,14,0,0.003356,0.002806,0.002023,0.006803,0.001392,0.017363,0.375912333877333,0.30718954248366015,200
0bbeb0653a569e5394ac94a502549b079f7a055c,meow1,AMD Ryzen 9 9950X 16-Core Processor,c++ (Ubuntu 15.2.0-4ubuntu4) 15.2.0,CMAKE_CXX_FLAGS:STRING= CMAKE_CXX_FLAGS_RELEASE:STRING=-O3 -DNDEBUG,wikimedia_wikipedia_mxbai,/home/yunchih/code/simsearch/python/out/local_query_embeddings_1024.parquet,/home/yunchih/code/simsearch/python/query_embeddings/combined.jsonl,200,1024,100,10,two_step_mf_RF10,14,0,0.003297,0.000421,0.002043,0.056015,0.001393,0.064061,0.375912333877333,0.30718954248366015,200
0bbeb0653a569e5394ac94a502549b079f7a055c,meow1,AMD Ryzen 9 9950X 16-Core Processor,c++ (Ubuntu 15.2.0-4ubuntu4) 15.2.0,CMAKE_CXX_FLAGS:STRING= CMAKE_CXX_FLAGS_RELEASE:STRING=-O3 -DNDEBUG,wikimedia_wikipedia_mxbai,/home/yunchih/code/simsearch/python/out/local_query_embeddings_1024.parquet,/home/yunchih/code/simsearch/python/query_embeddings/combined.jsonl,200,1024,100,0,float32_avx2,15,0,0.0,0.0,0.0,0.0,0.0,0.007,1.0000000000000004,1.0,100
0bbeb0653a569e5394ac94a502549b079f7a055c,meow1,AMD Ryzen 9 9950X 16-Core Processor,c++ (Ubuntu 15.2.0-4ubuntu4) 15.2.0,CMAKE_CXX_FLAGS:STRING= CMAKE_CXX_FLAGS_RELEASE:STRING=-O3 -DNDEBUG,wikimedia_wikipedia_mxbai,/home/yunchih/code/simsearch/python/out/local_query_embeddings_1024.parquet,/home/yunchih/code/simsearch/python/query_embeddings/combined.jsonl,200,1024,100,0,binary,15,0,0.003356,0.000451,0.001022,0.0,0.0,0.0056,1.0000000000000004,1.0,100
0bbeb0653a569e5394ac94a502549b079f7a055c,meow1,AMD Ryzen 9 9950X 16-Core Processor,c++ (Ubuntu 15.2.0-4ubuntu4) 15.2.0,CMAKE_CXX_FLAGS:STRING= CMAKE_CXX_FLAGS_RELEASE:STRING=-O3 -DNDEBUG,wikimedia_wikipedia_mxbai,/home/yunchih/code/simsearch/python/out/local_query_embeddings_1024.parquet,/home/yunchih/code/simsearch/python/query_embeddings/combined.jsonl,200,1024,100,10,two_step_RF10,15,0,0.003346,0.000381,0.002004,0.006652,0.001413,0.014748,0.375912333877333,0.30718954248366015,200
0bbeb0653a569e5394ac94a502549b079f7a055c,meow1,AMD Ryzen 9 9950X 16-Core Processor,c++ (Ubuntu 15.2.0-4ubuntu4) 15.2.0,CMAKE_CXX_FLAGS:STRING= CMAKE_CXX_FLAGS_RELEASE:STRING=-O3 -DNDEBUG,wikimedia_wikipedia_mxbai,/home/yunchih/code/simsearch/python/out/local_query_embeddings_1024.parquet,/home/yunchih/code/simsearch/python/query_embeddings/combined.jsonl,200,1024,100,10,two_step_mf_RF10,15,0,0.003196,0.000421,0.002013,0.055694,0.001393,0.063619,0.375912333877333,0.30718954248366015,200
0bbeb0653a569e5394ac94a502549b079f7a055c,meow1,AMD Ryzen 9 9950X 16-Core Processor,c++ (Ubuntu 15.2.0-4ubuntu4) 15.2.0,CMAKE_CXX_FLAGS:STRING= CMAKE_CXX_FLAGS_RELEASE:STRING=-O3 -DNDEBUG,wikimedia_wikipedia_mxbai,/home/yunchih/code/simsearch/python/out/local_query_embeddings_1024.parquet,/home/yunchih/code/simsearch/python/query_embeddings/combined.jsonl,200,1024,100,0,float32_avx2,16,0,0.0,0.0,0.0,0.0,0.0,0.007,1.0000000000000004,1.0,100
0bbeb0653a569e5394ac94a502549b079f7a055c,meow1,AMD Ryzen 9 9950X 16-Core Processor,c++ (Ubuntu 15.2.0-4ubuntu4) 15.2.0,CMAKE_CXX_FLAGS:STRING= CMAKE_CXX_FLAGS_RELEASE:STRING=-O3 -DNDEBUG,wikimedia_wikipedia_mxbai,/home/yunchih/code/simsearch/python/out/local_query_embeddings_1024.parquet,/home/yunchih/code/simsearch/python/query_embeddings/combined.jsonl,200,1024,100,0,binary,16,0,0.003347,0.000431,0.001002,0.0,0.0,0.005541,1.0000000000000004,1.0,100
0bbeb0653a569e5394ac94a502549b079f7a055c,meow1,AMD Ryzen 9 9950X 16-Core Processor,c++ (Ubuntu 15.2.0-4ubuntu4) 15.2.0,CMAKE_CXX_FLAGS:STRING= CMAKE_CXX_FLAGS_RELEASE:STRING=-O3 -DNDEBUG,wikimedia_wikipedia_mxbai,/home/yunchih/code/simsearch/python/out/local_query_embeddings_1024.parquet,/home/yunchih/code/simsearch/python/query_embeddings/combined.jsonl,200,1024,100,10,two_step_RF10,16,0,0.003216,0.00039,0.002004,0.006632,0.001393,0.014578,0.375912333877333,0.30718954248366015,200
0bbeb0653a569e5394ac94a502549b079f7a055c,meow1,AMD Ryzen 9 9950X 16-Core Processor,c++ (Ubuntu 15.2.0-4ubuntu4) 15.2.0,CMAKE_CXX_FLAGS:STRING= CMAKE_CXX_FLAGS_RELEASE:STRING=-O3 -DNDEBUG,wikimedia_wikipedia_mxbai,/home/yunchih/code/simsearch/python/out/local_query_embeddings_1024.parquet,/home/yunchih/code/simsearch/python/query_embeddings/combined.jsonl,200,1024,100,10,two_step_mf_RF10,16,0,0.003066,0.000411,0.002044,0.055705,0.001392,0.063499,0.375912333877333,0.30718954248366015,200
0bbeb0653a569e5394ac94a502549b079f7a055c,meow1,AMD Ryzen 9 9950X 16-Core Processor,c++ (Ubuntu 15.2.0-4ubuntu4) 15.2.0,CMAKE_CXX_FLAGS:STRING= CMAKE_CXX_FLAGS_RELEASE:STRING=-O3 -DNDEBUG,wikimedia_wikipedia_mxbai,/home/yunchih/code/simsearch/python/out/local_query_embeddings_1024.parquet,/home/yunchih/code/simsearch/python/query_embeddings/combined.jsonl,200,1024,100,0,float32_avx2,17,0,0.0,0.0,0.0,0.0,0.0,0.007,1.0000000000000004,1.0,100
0bbeb0653a569e5394ac94a502549b079f7a055c,meow1,AMD Ryzen 9 9950X 16-Core Processor,c++ (Ubuntu 15.2.0-4ubuntu4) 15.2.0,CMAKE_CXX_FLAGS:STRING= CMAKE_CXX_FLAGS_RELEASE:STRING=-O3 -DNDEBUG,wikimedia_wikipedia_mxbai,/home/yunchih/code/simsearch/python/out/local_query_embeddings_1024.parquet,/home/yunchih/code/simsearch/python/query_embeddings/combined.jsonl,200,1024,100,0,binary,17,0,0.003637,0.000461,0.001032,0.0,0.0,0.005871,1.0000000000000004,1.0,100
0bbeb0653a569e5394ac94a502549b079f7a055c,meow1,AMD Ryzen 9 9950X 16-Core Processor,c++ (Ubuntu 15.2.0-4ubuntu4) 15.2.0,CMAKE_CXX_FLAGS:STRING= CMAKE_CXX_FLAGS_RELEASE:STRING=-O3 -DNDEBUG,wikimedia_wikipedia_mxbai,/home/yunchih/code/simsearch/python/out/local_query_embeddings_1024.parquet,/home/yunchih/code/simsearch/python/query_embeddings/combined.jsonl,200,1024,100,10,two_step_RF10,17,0,0.003196,0.000391,0.002034,0.006733,0.001343,0.014638,0.375912333877333,0.30718954248366015,200
0bbeb0653a569e5394ac94a502549b079f7a055c,meow1,AMD Ryzen 9 9950X 16-Core Processor,c++ (Ubuntu 15.2.0-4ubuntu4) 15.2.0,CMAKE_CXX_FLAGS:STRING= CMAKE_CXX_FLAGS_RELEASE:STRING=-O3 -DNDEBUG,wikimedia_wikipedia_mxbai,/home/yunchih/code/simsearch/python/out/local_query_embeddings_1024.parquet,/home/yunchih/code/simsearch/python/query_embeddings/combined.jsonl,200,1024,100,10,two_step_mf_RF10,17,0,0.003286,0.000411,0.002034,0.055695,0.001363,0.06367,0.375912333877333,0.30718954248366015,200
0bbeb0653a569e5394ac94a502549b079f7a055c,meow1,AMD Ryzen 9 9950X 16-Core Processor,c++ (Ubuntu 15.2.0-4ubuntu4) 15.2.0,CMAKE_CXX_FLAGS:STRING= CMAKE_CXX_FLAGS_RELEASE:STRING=-O3 -DNDEBUG,wikimedia_wikipedia_mxbai,/home/yunchih/code/simsearch/python/out/local_query_embeddings_1024.parquet,/home/yunchih/code/simsearch/python/query_embeddings/combined.jsonl,200,1024,100,0,float32_avx2,18,0,0.0,0.0,0.0,0.0,0.0,0.007,1.0000000000000004,1.0,100
0bbeb0653a569e5394ac94a502549b079f7a055c,meow1,AMD Ryzen 9 9950X 16-Core Processor,c++ (Ubuntu 15.2.0-4ubuntu4) 15.2.0,CMAKE_CXX_FLAGS:STRING= CMAKE_CXX_FLAGS_RELEASE:STRING=-O3 -DNDEBUG,wikimedia_wikipedia_mxbai,/home/yunchih/code/simsearch/python/out/local_query_embeddings_1024.parquet,/home/yunchih/code/simsearch/python/query_embeddings/combined.jsonl,200,1024,100,0,binary,18,0,0.003416,0.000431,0.001002,0.0,0.0,0.005601,1.0000000000000004,1.0,100
0bbeb0653a569e5394ac94a502549b079f7a055c,meow1,AMD Ryzen 9 9950X 16-Core Processor,c++ (Ubuntu 15.2.0-4ubuntu4) 15.2.0,CMAKE_CXX_FLAGS:STRING= CMAKE_CXX_FLAGS_RELEASE:STRING=-O3 -DNDEBUG,wikimedia_wikipedia_mxbai,/home/yunchih/code/simsearch/python/out/local_query_embeddings_1024.parquet,/home/yunchih/code/simsearch/python/query_embeddings/combined.jsonl,200,1024,100,10,two_step_RF10,18,0,0.003346,0.000381,0.002023,0.006653,0.001412,0.014777,0.375912333877333,0.30718954248366015,200
0bbeb0653a569e5394ac94a502549b079f7a055c,meow1,AMD Ryzen 9 9950X 16-Core Processor,c++ (Ubuntu 15.2.0-4ubuntu4) 15.2.0,CMAKE_CXX_FLAGS:STRING= CMAKE_CXX_FLAGS_RELEASE:STRING=-O3 -DNDEBUG,wikimedia_wikipedia_mxbai,/home/yunchih/code/simsearch/python/out/local_query_embeddings_1024.parquet,/home/yunchih/code/simsearch/python/query_embeddings/combined.jsonl,200,1024,100,10,two_step_mf_RF10,18,0,0.003116,0.000411,0.002024,0.055685,0.001332,0.063479,0.375912333877333,0.30718954248366015,200
0bbeb0653a569e5394ac94a502549b079f7a055c,meow1,AMD Ryzen 9 9950X 16-Core Processor,c++ (Ubuntu 15.2.0-4ubuntu4) 15.2.0,CMAKE_CXX_FLAGS:STRING= CMAKE_CXX_FLAGS_RELEASE:STRING=-O3 -DNDEBUG,wikimedia_wikipedia_mxbai,/home/yunchih/code/simsearch/python/out/local_query_embeddings_1024.parquet,/home/yunchih/code/simsearch/python/query_embeddings/combined.jsonl,200,1024,100,0,float32_avx2,19,0,0.0,0.0,0.0,0.0,0.0,0.007,1.0000000000000004,1.0,100
0bbeb0653a569e5394ac94a502549b079f7a055c,meow1,AMD Ryzen 9 9950X 16-Core Processor,c++ (Ubuntu 15.2.0-4ubuntu4) 15.2.0,CMAKE_CXX_FLAGS:STRING= CMAKE_CXX_FLAGS_RELEASE:STRING=-O3 -DNDEBUG,wikimedia_wikipedia_mxbai,/home/yunchih/code/simsearch/python/out/local_query_embeddings_1024.parquet,/home/yunchih/code/simsearch/python/query_embeddings/combined.jsonl,200,1024,100,0,binary,19,0,0.003427,0.000461,0.001021,0.0,0.0,0.005661,1.0000000000000004,1.0,100
0bbeb0653a569e5394ac94a502549b079f7a055c,meow1,AMD Ryzen 9 9950X 16-Core Processor,c++ (Ubuntu 15.2.0-4ubuntu4) 15.2.0,CMAKE_CXX_FLAGS:STRING= CMAKE_CXX_FLAGS_RELEASE:STRING=-O3 -DNDEBUG,wikimedia_wikipedia_mxbai,/home/yunchih/code/simsearch/python/out/local_query_embeddings_1024.parquet,/home/yunchih/code/simsearch/python/query_embeddings/combined.jsonl,200,1024,100,10,two_step_RF10,19,0,0.003376,0.000391,0.002014,0.006623,0.001382,0.014728,0.375912333877333,0.30718954248366015,200
0bbeb0653a569e5394ac94a502549b079f7a055c,meow1,AMD Ryzen 9 9950X 16-Core Processor,c++ (Ubuntu 15.2.0-4ubuntu4) 15.2.0,CMAKE_CXX_FLAGS:STRING= CMAKE_CXX_FLAGS_RELEASE:STRING=-O3 -DNDEBUG,wikimedia_wikipedia_mxbai,/home/yunchih/code/simsearch/python/out/local_query_embeddings_1024.parquet,/home/yunchih/code/simsearch/python/query_embeddings/combined.jsonl,200,1024,100,10,two_step_mf_RF10,19,0,0.003236,0.000411,0.002024,0.055735,0.001392,0.063699,0.375912333877333,0.30718954248366015,200
0bbeb0653a569e5394ac94a502549b079f7a055c,meow1,AMD Ryzen 9 9950X 16-Core Processor,c++ (Ubuntu 15.2.0-4ubuntu4) 15.2.0,CMAKE_CXX_FLAGS:STRING= CMAKE_CXX_FLAGS_RELEASE:STRING=-O3 -DNDEBUG,wikimedia_wikipedia_mxbai,/home/yunchih/code/simsearch/python/out/local_query_embeddings_1024.parquet,/home/yunchih/code/simsearch/python/query_embeddings/combined.jsonl,200,1024,100,0,float32_avx2,20,0,0.0,0.0,0.0,0.0,0.0,0.007,1.0000000000000004,1.0,100
0bbeb0653a569e5394ac94a502549b079f7a055c,meow1,AMD Ryzen 9 9950X 16-Core Processor,c++ (Ubuntu 15.2.0-4ubuntu4) 15.2.0,CMAKE_CXX_FLAGS:STRING= CMAKE_CXX_FLAGS_RELEASE:STRING=-O3 -DNDEBUG,wikimedia_wikipedia_mxbai,/home/yunchih/code/simsearch/python/out/local_query_embeddings_1024.parquet,/home/yunchih/code/simsearch/python/query_embeddings/combined.jsonl,200,1024,100,0,binary,20,0,0.003497,0.000461,0.000972,0.0,0.0,0.005681,1.0000000000000004,1.0,100
0bbeb0653a569e5394ac94a502549b079f7a055c,meow1,AMD Ryzen 9 9950X 16-Core Processor,c++ (Ubuntu 15.2.0-4ubuntu4) 15.2.0,CMAKE_CXX_FLAGS:STRING= CMAKE_CXX_FLAGS_RELEASE:STRING=-O3 -DNDEBUG,wikimedia_wikipedia_mxbai,/home/yunchih/code/simsearch/python/out/local_query_embeddings_1024.parquet,/home/yunchih/code/simsearch/python/query_embeddings/combined.jsonl,200,1024,100,10,two_step_RF10,20,0,0.003296,0.00039,0.002024,0.006702,0.001373,0.014758,0.375912333877333,0.30718954248366015,200
0bbeb0653a569e5394ac94a502549b079f7a055c,meow1,AMD Ryzen 9 9950X 16-Core Processor,c++ (Ubuntu 15.2.0-4ubuntu4) 15.2.0,CMAKE_CXX_FLAGS:STRING= CMAKE_CXX_FLAGS_RELEASE:STRING=-O3 -DNDEBUG,wikimedia_wikipedia_mxbai,/home/yunchih/code/simsearch/python/out/local_query_embeddings_1024.parquet,/home/yunchih/code/simsearch/python/query_embeddings/combined.jsonl,200,1024,100,10,two_step_mf_RF10,20,0,0.003276,0.000421,0.002034,0.055745,0.001383,0.06377,0.375912333877333,0.30718954248366015,200
0bbeb0653a569e5394ac94a502549b079f7a055c,meow1,AMD Ryzen 9 9950X 16-Core Processor,c++ (Ubuntu 15.2.0-4ubuntu4) 15.2.0,CMAKE_CXX_FLAGS:STRING= CMAKE_CXX_FLAGS_RELEASE:STRING=-O3 -DNDEBUG,wikimedia_wikipedia_mxbai,/home/yunchih/code/simsearch/python/out/local_query_embeddings_1024.parquet,/home/yunchih/code/simsearch/python/query_embeddings/combined.jsonl,200,1024,100,0,float32_avx2,21,0,0.0,0.0,0.0,0.0,0.0,0.007,1.0000000000000004,1.0,100
0bbeb0653a569e5394ac94a502549b079f7a055c,meow1,AMD Ryzen 9 9950X 16-Core Processor,c++ (Ubuntu 15.2.0-4ubuntu4) 15.2.0,CMAKE_CXX_FLAGS:STRING= CMAKE_CXX_FLAGS_RELEASE:STRING=-O3 -DNDEBUG,wikimedia_wikipedia_mxbai,/home/yunchih/code/simsearch/python/out/local_query_embeddings_1024.parquet,/home/yunchih/code/simsearch/python/query_embeddings/combined.jsonl,200,1024,100,0,binary,21,0,0.003437,0.000441,0.000972,0.0,0.0,0.005601,1.0000000000000004,1.0,100
0bbeb0653a569e5394ac94a502549b079f7a055c,meow1,AMD Ryzen 9 9950X 16-Core Processor,c++ (Ubuntu 15.2.0-4ubuntu4) 15.2.0,CMAKE_CXX_FLAGS:STRING= CMAKE_CXX_FLAGS_RELEASE:STRING=-O3 -DNDEBUG,wikimedia_wikipedia_mxbai,/home/yunchih/code/simsearch/python/out/local_query_embeddings_1024.parquet,/home/yunchih/code/simsearch/python/query_embeddings/combined.jsonl,200,1024,100,10,two_step_RF10,21,0,0.003176,0.000391,0.002074,0.006673,0.001413,0.014638,0.375912333877333,0.30718954248366015,200
0bbeb0653a569e5394ac94a502549b079f7a055c,meow1,AMD Ryzen 9 9950X 16-Core Processor,c++ (Ubuntu 15.2.0-4ubuntu4) 15.2.0,CMAKE_CXX_FLAGS:STRING= CMAKE_CXX_FLAGS_RELEASE:STRING=-O3 -DNDEBUG,wikimedia_wikipedia_mxbai,/home/yunchih/code/simsearch/python/out/local_query_embeddings_1024.parquet,/home/yunchih/code/simsearch/python/query_embeddings/combined.jsonl,200,1024,100,10,two_step_mf_RF10,21,0,0.003166,0.000411,0.002044,0.055835,0.001382,0.06373,0.375912333877333,0.30718954248366015,200
0bbeb0653a569e5394ac94a502549b079f7a055c,meow1,AMD Ryzen 9 9950X 16-Core Processor,c++ (Ubuntu 15.2.0-4ubuntu4) 15.2.0,CMAKE_CXX_FLAGS:STRING= CMAKE_CXX_FLAGS_RELEASE:STRING=-O3 -DNDEBUG,wikimedia_wikipedia_mxbai,/home/yunchih/code/simsearch/python/out/local_query_embeddings_1024.parquet,/home/yunchih/code/simsearch/python/query_embeddings/combined.jsonl,200,1024,100,0,float32_avx2,22,0,0.0,0.0,0.0,0.0,0.0,0.007,1.0000000000000004,1.0,100
0bbeb0653a569e5394ac94a502549b079f7a055c,meow1,AMD Ryzen 9 9950X 16-Core Processor,c++ (Ubuntu 15.2.0-4ubuntu4) 15.2.0,CMAKE_CXX_FLAGS:STRING= CMAKE_CXX_FLAGS_RELEASE:STRING=-O3 -DNDEBUG,wikimedia_wikipedia_mxbai,/home/yunchih/code/simsearch/python/out/local_query_embeddings_1024.parquet,/home/yunchih/code/simsearch/python/query_embeddings/combined.jsonl,200,1024,100,0,binary,22,0,0.003446,0.000441,0.001002,0.0,0.0,0.005641,1.0000000000000004,1.0,100
0bbeb0653a569e5394ac94a502549b079f7a055c,meow1,AMD Ryzen 9 9950X 16-Core Processor,c++ (Ubuntu 15.2.0-4ubuntu4) 15.2.0,CMAKE_CXX_FLAGS:STRING= CMAKE_CXX_FLAGS_RELEASE:STRING=-O3 -DNDEBUG,wikimedia_wikipedia_mxbai,/home/yunchih/code/simsearch/python/out/local_query_embeddings_1024.parquet,/home/yunchih/code/simsearch/python/query_embeddings/combined.jsonl,200,1024,100,10,two_step_RF10,22,0,0.003546,0.00038,0.001984,0.006712,0.001413,0.014988,0.375912333877333,0.30718954248366015,200
0bbeb0653a569e5394ac94a502549b079f7a055c,meow1,AMD Ryzen 9 9950X 16-Core Processor,c++ (Ubuntu 15.2.0-4ubuntu4) 15.2.0,CMAKE_CXX_FLAGS:STRING= CMAKE_CXX_FLAGS_RELEASE:STRING=-O3 -DNDEBUG,wikimedia_wikipedia_mxbai,/home/yunchih/code/simsearch/python/out/local_query_embeddings_1024.parquet,/home/yunchih/code/simsearch/python/query_embeddings/combined.jsonl,200,1024,100,10,two_step_mf_RF10,22,0,0.003487,0.000421,0.002033,0.055704,0.001392,0.06394,0.375912333877333,0.30718954248366015,200
0bbeb0653a569e5394ac94a502549b079f7a055c,meow1,AMD Ryzen 9 9950X 16-Core Processor,c++ (Ubuntu 15.2.0-4ubuntu4) 15.2.0,CMAKE_CXX_FLAGS:STRING= CMAKE_CXX_FLAGS_RELEASE:STRING=-O3 -DNDEBUG,wikimedia_wikipedia_mxbai,/home/yunchih/code/simsearch/python/out/local_query_embeddings_1024.parquet,/home/yunchih/code/simsearch/python/query_embeddings/combined.jsonl,200,1024,100,0,float32_avx2,23,0,0.0,0.0,0.0,0.0,0.0,0.007,1.0000000000000004,1.0,100
0bbeb0653a569e5394ac94a502549b079f7a055c,meow1,AMD Ryzen 9 9950X 16-Core Processor,c++ (Ubuntu 15.2.0-4ubuntu4) 15.2.0,CMAKE_CXX_FLAGS:STRING= CMAKE_CXX_FLAGS_RELEASE:STRING=-O3 -DNDEBUG,wikimedia_wikipedia_mxbai,/home/yunchih/code/simsearch/python/out/local_query_embeddings_1024.parquet,/home/yunchih/code/simsearch/python/query_embeddings/combined.jsonl,200,1024,100,0,binary,23,0,0.003216,0.000451,0.000972,0.0,0.0,0.00538,1.0000000000000004,1.0,100
0bbeb0653a569e5394ac94a502549b079f7a055c,meow1,AMD Ryzen 9 9950X 16-Core Processor,c++ (Ubuntu 15.2.0-4ubuntu4) 15.2.0,CMAKE_CXX_FLAGS:STRING= CMAKE_CXX_FLAGS_RELEASE:STRING=-O3 -DNDEBUG,wikimedia_wikipedia_mxbai,/home/yunchih/code/simsearch/python/out/local_query_embeddings_1024.parquet,/home/yunchih/code/simsearch/python/query_embeddings/combined.jsonl,200,1024,100,10,two_step_RF10,23,0,0.003236,0.00041,0.002014,0.006622,0.001383,0.014598,0.375912333877333,0.30718954248366015,200
0bbeb0653a569e5394ac94a502549b079f7a055c,meow1,AMD Ryzen 9 9950X 16-Core Processor,c++ (Ubuntu 15.2.0-4ubuntu4) 15.2.0,CMAKE_CXX_FLAGS:STRING= CMAKE_CXX_FLAGS_RELEASE:STRING=-O3 -DNDEBUG,wikimedia_wikipedia_mxbai,/home/yunchih/code/simsearch/python/out/local_query_embeddings_1024.parquet,/home/yunchih/code/simsearch/python/query_embeddings/combined.jsonl,200,1024,100,10,two_step_mf_RF10,23,0,0.003226,0.000431,0.002024,0.055785,0.001383,0.06369,0.375912333877333,0.30718954248366015,200
0bbeb0653a569e5394ac94a502549b079f7a055c,meow1,AMD Ryzen 9 9950X 16-Core Processor,c++ (Ubuntu 15.2.0-4ubuntu4) 15.2.0,CMAKE_CXX_FLAGS:STRING= CMAKE_CXX_FLAGS_RELEASE:STRING=-O3 -DNDEBUG,wikimedia_wikipedia_mxbai,/home/yunchih/code/simsearch/python/out/local_query_embeddings_1024.parquet,/home/yunchih/code/simsearch/python/query_embeddings/combined.jsonl,200,1024,100,0,float32_avx2,24,0,0.0,0.0,0.0,0.0,0.0,0.007,1.0000000000000004,1.0,100
0bbeb0653a569e5394ac94a502549b079f7a055c,meow1,AMD Ryzen 9 9950X 16-Core Processor,c++ (Ubuntu 15.2.0-4ubuntu4) 15.2.0,CMAKE_CXX_FLAGS:STRING= CMAKE_CXX_FLAGS_RELEASE:STRING=-O3 -DNDEBUG,wikimedia_wikipedia_mxbai,/home/yunchih/code/simsearch/python/out/local_query_embeddings_1024.parquet,/home/yunchih/code/simsearch/python/query_embeddings/combined.jsonl,200,1024,100,0,binary,24,0,0.003427,0.00043,0.000972,0.0,0.0,0.00553,1.0000000000000004,1.0,100
0bbeb0653a569e5394ac94a502549b079f7a055c,meow1,AMD Ryzen 9 9950X 16-Core Processor,c++ (Ubuntu 15.2.0-4ubuntu4) 15.2.0,CMAKE_CXX_FLAGS:STRING= CMAKE_CXX_FLAGS_RELEASE:STRING=-O3 -DNDEBUG,wikimedia_wikipedia_mxbai,/home/yunchih/code/simsearch/python/out/local_query_embeddings_1024.parquet,/home/yunchih/code/simsearch/python/query_embeddings/combined.jsonl,200,1024,100,10,two_step_RF10,24,0,0.003296,0.000401,0.002014,0.006723,0.001373,0.014758,0.375912333877333,0.30718954248366015,200
0bbeb0653a569e5394ac94a502549b079f7a055c,meow1,AMD Ryzen 9 9950X 16-Core Processor,c++ (Ubuntu 15.2.0-4ubuntu4) 15.2.0,CMAKE_CXX_FLAGS:STRING= CMAKE_CXX_FLAGS_RELEASE:STRING=-O3 -DNDEBUG,wikimedia_wikipedia_mxbai,/home/yunchih/code/simsearch/python/out/local_query_embeddings_1024.parquet,/home/yunchih/code/simsearch/python/query_embeddings/combined.jsonl,200,1024,100,10,two_step_mf_RF10,24,0,0.003266,0.000411,0.002024,0.055845,0.001383,0.06379,0.375912333877333,0.30718954248366015,200
0bbeb0653a569e5394ac94a502549b079f7a055c,meow1,AMD Ryzen 9 9950X 16-Core Processor,c++ (Ubuntu 15.2.0-4ubuntu4) 15.2.0,CMAKE_CXX_FLAGS:STRING= CMAKE_CXX_FLAGS_RELEASE:STRING=-O3 -DNDEBUG,wikimedia_wikipedia_mxbai,/home/yunchih/code/simsearch/python/out/local_query_embeddings_1024.parquet,/home/yunchih/code/simsearch/python/query_embeddings/combined.jsonl,313,1024,100,0,float32_avx2,0,0,0.0,0.0,0.0,0.0,0.0,0.034,1.0000000000000004,1.0,100
0bbeb0653a569e5394ac94a502549b079f7a055c,meow1,AMD Ryzen 9 9950X 16-Core Processor,c++ (Ubuntu 15.2.0-4ubuntu4) 15.2.0,CMAKE_CXX_FLAGS:STRING= CMAKE_CXX_FLAGS_RELEASE:STRING=-O3 -DNDEBUG,wikimedia_wikipedia_mxbai,/home/yunchih/code/simsearch/python/out/local_query_embeddings_1024.parquet,/home/yunchih/code/simsearch/python/query_embeddings/combined.jsonl,313,1024,100,0,binary,0,0,0.003897,0.001553,0.001472,0.0,0.0,0.008166,1.0000000000000004,1.0,100
0bbeb0653a569e5394ac94a502549b079f7a055c,meow1,AMD Ryzen 9 9950X 16-Core Processor,c++ (Ubuntu 15.2.0-4ubuntu4) 15.2.0,CMAKE_CXX_FLAGS:STRING= CMAKE_CXX_FLAGS_RELEASE:STRING=-O3 -DNDEBUG,wikimedia_wikipedia_mxbai,/home/yunchih/code/simsearch/python/out/local_query_embeddings_1024.parquet,/home/yunchih/code/simsearch/python/query_embeddings/combined.jsonl,313,1024,100,10,two_step_RF10,0,0,0.003617,0.000611,0.004068,0.013565,0.002074,0.025378,0.25111553767168043,0.19047619047619047,313
0bbeb0653a569e5394ac94a502549b079f7a055c,meow1,AMD Ryzen 9 9950X 16-Core Processor,c++ (Ubuntu 15.2.0-4ubuntu4) 15.2.0,CMAKE_CXX_FLAGS:STRING= CMAKE_CXX_FLAGS_RELEASE:STRING=-O3 -DNDEBUG,wikimedia_wikipedia_mxbai,/home/yunchih/code/simsearch/python/out/local_query_embeddings_1024.parquet,/home/yunchih/code/simsearch/python/query_embeddings/combined.jsonl,313,1024,100,10,two_step_mf_RF10,0,0,0.003487,0.000671,0.003808,0.099387,0.001934,0.110628,0.25111553767168043,0.19047619047619047,313
0bbeb0653a569e5394ac94a502549b079f7a055c,meow1,AMD Ryzen 9 9950X 16-Core Processor,c++ (Ubuntu 15.2.0-4ubuntu4) 15.2.0,CMAKE_CXX_FLAGS:STRING= CMAKE_CXX_FLAGS_RELEASE:STRING=-O3 -DNDEBUG,wikimedia_wikipedia_mxbai,/home/yunchih/code/simsearch/python/out/local_query_embeddings_1024.parquet,/home/yunchih/code/simsearch/python/query_embeddings/combined.jsonl,313,1024,100,0,float32_avx2,1,0,0.0,0.0,0.0,0.0,0.0,0.011,1.0000000000000004,1.0,100
0bbeb0653a569e5394ac94a502549b079f7a055c,meow1,AMD Ryzen 9 9950X 16-Core Processor,c++ (Ubuntu 15.2.0-4ubuntu4) 15.2.0,CMAKE_CXX_FLAGS:STRING= CMAKE_CXX_FLAGS_RELEASE:STRING=-O3 -DNDEBUG,wikimedia_wikipedia_mxbai,/home/yunchih/code/simsearch/python/out/local_query_embeddings_1024.parquet,/home/yunchih/code/simsearch/python/query_embeddings/combined.jsonl,313,1024,100,0,binary,1,0,0.003697,0.000641,0.001193,0.0,0.0,0.006462,1.0000000000000004,1.0,100
0bbeb0653a569e5394ac94a502549b079f7a055c,meow1,AMD Ryzen 9 9950X 16-Core Processor,c++ (Ubuntu 15.2.0-4ubuntu4) 15.2.0,CMAKE_CXX_FLAGS:STRING= CMAKE_CXX_FLAGS_RELEASE:STRING=-O3 -DNDEBUG,wikimedia_wikipedia_mxbai,/home/yunchih/code/simsearch/python/out/local_query_embeddings_1024.parquet,/home/yunchih/code/simsearch/python/query_embeddings/combined.jsonl,313,1024,100,10,two_step_RF10,1,0,0.003486,0.000612,0.003737,0.011983,0.001803,0.022783,0.25111553767168043,0.19047619047619047,313
0bbeb0653a569e5394ac94a502549b079f7a055c,meow1,AMD Ryzen 9 9950X 16-Core Processor,c++ (Ubuntu 15.2.0-4ubuntu4) 15.2.0,CMAKE_CXX_FLAGS:STRING= CMAKE_CXX_FLAGS_RELEASE:STRING=-O3 -DNDEBUG,wikimedia_wikipedia_mxbai,/home/yunchih/code/simsearch/python/out/local_query_embeddings_1024.parquet,/home/yunchih/code/simsearch/python/query_embeddings/combined.jsonl,313,1024,100,10,two_step_mf_RF10,1,0,0.003457,0.000671,0.003647,0.091231,0.001753,0.101902,0.25111553767168043,0.19047619047619047,313
0bbeb0653a569e5394ac94a502549b079f7a055c,meow1,AMD Ryzen 9 9950X 16-Core Processor,c++ (Ubuntu 15.2.0-4ubuntu4) 15.2.0,CMAKE_CXX_FLAGS:STRING= CMAKE_CXX_FLAGS_RELEASE:STRING=-O3 -DNDEBUG,wikimedia_wikipedia_mxbai,/home/yunchih/code/simsearch/python/out/local_query_embeddings_1024.parquet,/home/yunchih/code/simsearch/python/query_embeddings/combined.jsonl,313,1024,100,0,float32_avx2,2,0,0.0,0.0,0.0,0.0,0.0,0.011,1.0000000000000004,1.0,100
0bbeb0653a569e5394ac94a502549b079f7a055c,meow1,AMD Ryzen 9 9950X 16-Core Processor,c++ (Ubuntu 15.2.0-4ubuntu4) 15.2.0,CMAKE_CXX_FLAGS:STRING= CMAKE_CXX_FLAGS_RELEASE:STRING=-O3 -DNDEBUG,wikimedia_wikipedia_mxbai,/home/yunchih/code/simsearch/python/out/local_query_embeddings_1024.parquet,/home/yunchih/code/simsearch/python/query_embeddings/combined.jsonl,313,1024,100,0,binary,2,0,0.003637,0.000671,0.001222,0.0,0.0,0.006412,1.0000000000000004,1.0,100
0bbeb0653a569e5394ac94a502549b079f7a055c,meow1,AMD Ryzen 9 9950X 16-Core Processor,c++ (Ubuntu 15.2.0-4ubuntu4) 15.2.0,CMAKE_CXX_FLAGS:STRING= CMAKE_CXX_FLAGS_RELEASE:STRING=-O3 -DNDEBUG,wikimedia_wikipedia_mxbai,/home/yunchih/code/simsearch/python/out/local_query_embeddings_1024.parquet,/home/yunchih/code/simsearch/python/query_embeddings/combined.jsonl,313,1024,100,10,two_step_RF10,2,0,0.003416,0.000611,0.003586,0.066185,0.001993,0.077415,0.25111553767168043,0.19047619047619047,313
0bbeb0653a569e5394ac94a502549b079f7a055c,meow1,AMD Ryzen 9 9950X 16-Core Processor,c++ (Ubuntu 15.2.0-4ubuntu4) 15.2.0,CMAKE_CXX_FLAGS:STRING= CMAKE_CXX_FLAGS_RELEASE:STRING=-O3 -DNDEBUG,wikimedia_wikipedia_mxbai,/home/yunchih/code/simsearch/python/out/local_query_embeddings_1024.parquet,/home/yunchih/code/simsearch/python/query_embeddings/combined.jsonl,313,1024,100,10,two_step_mf_RF10,2,0,0.003647,0.001724,0.004258,0.108814,0.002144,0.125406,0.25111553767168043,0.19047619047619047,313
0bbeb0653a569e5394ac94a502549b079f7a055c,meow1,AMD Ryzen 9 9950X 16-Core Processor,c++ (Ubuntu 15.2.0-4ubuntu4) 15.2.0,CMAKE_CXX_FLAGS:STRING= CMAKE_CXX_FLAGS_RELEASE:STRING=-O3 -DNDEBUG,wikimedia_wikipedia_mxbai,/home/yunchih/code/simsearch/python/out/local_query_embeddings_1024.parquet,/home/yunchih/code/simsearch/python/query_embeddings/combined.jsonl,313,1024,100,0,float32_avx2,3,0,0.0,0.0,0.0,0.0,0.0,0.016,1.0000000000000004,1.0,100
0bbeb0653a569e5394ac94a502549b079f7a055c,meow1,AMD Ryzen 9 9950X 16-Core Processor,c++ (Ubuntu 15.2.0-4ubuntu4) 15.2.0,CMAKE_CXX_FLAGS:STRING= CMAKE_CXX_FLAGS_RELEASE:STRING=-O3 -DNDEBUG,wikimedia_wikipedia_mxbai,/home/yunchih/code/simsearch/python/out/local_query_embeddings_1024.parquet,/home/yunchih/code/simsearch/python/query_embeddings/combined.jsonl,313,1024,100,0,binary,3,0,0.003667,0.000702,0.001332,0.0,0.0,0.006713,1.0000000000000004,1.0,100
0bbeb0653a569e5394ac94a502549b079f7a055c,meow1,AMD Ryzen 9 9950X 16-Core Processor,c++ (Ubuntu 15.2.0-4ubuntu4) 15.2.0,CMAKE_CXX_FLAGS:STRING= CMAKE_CXX_FLAGS_RELEASE:STRING=-O3 -DNDEBUG,wikimedia_wikipedia_mxbai,/home/yunchih/code/simsearch/python/out/local_query_embeddings_1024.parquet,/home/yunchih/code/simsearch/python/query_embeddings/combined.jsonl,313,1024,100,10,two_step_RF10,3,0,0.003417,0.000651,0.003747,0.011762,0.001743,0.022562,0.25111553767168043,0.19047619047619047,313
0bbeb0653a569e5394ac94a502549b079f7a055c,meow1,AMD Ryzen 9 9950X 16-Core Processor,c++ (Ubuntu 15.2.0-4ubuntu4) 15.2.0,CMAKE_CXX_FLAGS:STRING= CMAKE_CXX_FLAGS_RELEASE:STRING=-O3 -DNDEBUG,wikimedia_wikipedia_mxbai,/home/yunchih/code/simsearch/python/out/local_query_embeddings_1024.parquet,/home/yunchih/code/simsearch/python/query_embeddings/combined.jsonl,313,1024,100,10,two_step_mf_RF10,3,0,0.003397,0.000721,0.003527,0.088647,0.001683,0.099036,0.25111553767168043,0.19047619047619047,313
0bbeb0653a569e5394ac94a502549b079f7a055c,meow1,AMD Ryzen 9 9950X 16-Core Processor,c++ (Ubuntu 15.2.0-4ubuntu4) 15.2.0,CMAKE_CXX_FLAGS:STRING= CMAKE_CXX_FLAGS_RELEASE:STRING=-O3 -DNDEBUG,wikimedia_wikipedia_mxbai,/home/yunchih/code/simsearch/python/out/local_query_embeddings_1024.parquet,/home/yunchih/code/simsearch/python/query_embeddings/combined.jsonl,313,1024,100,0,float32_avx2,4,0,0.0,0.0,0.0,0.0,0.0,0.011,1.0000000000000004,1.0,100
0bbeb0653a569e5394ac94a502549b079f7a055c,meow1,AMD Ryzen 9 9950X 16-Core Processor,c++ (Ubuntu 15.2.0-4ubuntu4) 15.2.0,CMAKE_CXX_FLAGS:STRING= CMAKE_CXX_FLAGS_RELEASE:STRING=-O3 -DNDEBUG,wikimedia_wikipedia_mxbai,/home/yunchih/code/simsearch/python/out/local_query_embeddings_1024.parquet,/home/yunchih/code/simsearch/python/query_embeddings/combined.jsonl,313,1024,100,0,binary,4,0,0.003717,0.000711,0.001182,0.0,0.0,0.006442,1.0000000000000004,1.0,100
0bbeb0653a569e5394ac94a502549b079f7a055c,meow1,AMD Ryzen 9 9950X 16-Core Processor,c++ (Ubuntu 15.2.0-4ubuntu4) 15.2.0,CMAKE_CXX_FLAGS:STRING= CMAKE_CXX_FLAGS_RELEASE:STRING=-O3 -DNDEBUG,wikimedia_wikipedia_mxbai,/home/yunchih/code/simsearch/python/out/local_query_embeddings_1024.parquet,/home/yunchih/code/simsearch/python/query_embeddings/combined.jsonl,313,1024,100,10,two_step_RF10,4,0,0.003486,0.000652,0.003516,0.011531,0.001562,0.021721,0.25111553767168043,0.19047619047619047,313
0bbeb0653a569e5394ac94a502549b079f7a055c,meow1,AMD Ryzen 9 9950X 16-Core Processor,c++ (Ubuntu 15.2.0-4ubuntu4) 15.2.0,CMAKE_CXX_FLAGS:STRING= CMAKE_CXX_FLAGS_RELEASE:STRING=-O3 -DNDEBUG,wikimedia_wikipedia_mxbai,/home/yunchih/code/simsearch/python/out/local_query_embeddings_1024.parquet,/home/yunchih/code/simsearch/python/query_embeddings/combined.jsonl,313,1024,100,10,two_step_mf_RF10,4,0,0.003247,0.000721,0.003426,0.088085,0.001583,0.098045,0.25111553767168043,0.19047619047619047,313
0bbeb0653a569e5394ac94a502549b079f7a055c,meow1,AMD Ryzen 9 9950X 16-Core Processor,c++ (Ubuntu 15.2.0-4ubuntu4) 15.2.0,CMAKE_CXX_FLAGS:STRING= CMAKE_CXX_FLAGS_RELEASE:STRING=-O3 -DNDEBUG,wikimedia_wikipedia_mxbai,/home/yunchih/code/simsearch/python/out/local_query_embeddings_1024.parquet,/home/yunchih/code/simsearch/python/query_embeddings/combined.jsonl,313,1024,100,0,float32_avx2,5,0,0.0,0.0,0.0,0.0,0.0,0.011,1.0000000000000004,1.0,100
0bbeb0653a569e5394ac94a502549b079f7a055c,meow1,AMD Ryzen 9 9950X 16-Core Processor,c++ (Ubuntu 15.2.0-4ubuntu4) 15.2.0,CMAKE_CXX_FLAGS:STRING= CMAKE_CXX_FLAGS_RELEASE:STRING=-O3 -DNDEBUG,wikimedia_wikipedia_mxbai,/home/yunchih/code/simsearch/python/out/local_query_embeddings_1024.parquet,/home/yunchih/code/simsearch/python/query_embeddings/combined.jsonl,313,1024,100,0,binary,5,0,0.003547,0.000711,0.001182,0.0,0.0,0.006191,1.0000000000000004,1.0,100
0bbeb0653a569e5394ac94a502549b079f7a055c,meow1,AMD Ryzen 9 9950X 16-Core Processor,c++ (Ubuntu 15.2.0-4ubuntu4) 15.2.0,CMAKE_CXX_FLAGS:STRING= CMAKE_CXX_FLAGS_RELEASE:STRING=-O3 -DNDEBUG,wikimedia_wikipedia_mxbai,/home/yunchih/code/simsearch/python/out/local_query_embeddings_1024.parquet,/home/yunchih/code/simsearch/python/query_embeddings/combined.jsonl,313,1024,100,10,two_step_RF10,5,0,0.003297,0.000651,0.003446,0.011632,0.001433,0.021481,0.25111553767168043,0.19047619047619047,313
0bbeb0653a569e5394ac94a502549b079f7a055c,meow1,AMD Ryzen 9 9950X 16-Core Processor,c++ (Ubuntu 15.2.0-4ubuntu4) 15.2.0,CMAKE_CXX_FLAGS:STRING= CMAKE_CXX_FLAGS_RELEASE:STRING=-O3 -DNDEBUG,wikimedia_wikipedia_mxbai,/home/yunchih/code/simsearch/python/out/local_query_embeddings_1024.parquet,/home/yunchih/code/simsearch/python/query_embeddings/combined.jsonl,313,1024,100,10,two_step_mf_RF10,5,0,0.003146,0.000711,0.003487,0.087835,0.001403,0.097573,0.25111553767168043,0.19047619047619047,313
0bbeb0653a569e5394ac94a502549b079f7a055c,meow1,AMD Ryzen 9 9950X 16-Core Processor,c++ (Ubuntu 15.2.0-4ubuntu4) 15.2.0,CMAKE_CXX_FLAGS:STRING= CMAKE_CXX_FLAGS_RELEASE:STRING=-O3 -DNDEBUG,wikimedia_wikipedia_mxbai,/home/yunchih/code/simsearch/python/out/local_query_embeddings_1024.parquet,/home/yunchih/code/simsearch/python/query_embeddings/combined.jsonl,313,1024,100,0,float32_avx2,6,0,0.0,0.0,0.0,0.0,0.0,0.01,1.0000000000000004,1.0,100
0bbeb0653a569e5394ac94a502549b079f7a055c,meow1,AMD Ryzen 9 9950X 16-Core Processor,c++ (Ubuntu 15.2.0-4ubuntu4) 15.2.0,CMAKE_CXX_FLAGS:STRING= CMAKE_CXX_FLAGS_RELEASE:STRING=-O3 -DNDEBUG,wikimedia_wikipedia_mxbai,/home/yunchih/code/simsearch/python/out/local_query_embeddings_1024.parquet,/home/yunchih/code/simsearch/python/query_embeddings/combined.jsonl,313,1024,100,0,binary,6,0,0.003536,0.000741,0.001052,0.0,0.0,0.006071,1.0000000000000004,1.0,100
0bbeb0653a569e5394ac94a502549b079f7a055c,meow1,AMD Ryzen 9 9950X 16-Core Processor,c++ (Ubuntu 15.2.0-4ubuntu4) 15.2.0,CMAKE_CXX_FLAGS:STRING= CMAKE_CXX_FLAGS_RELEASE:STRING=-O3 -DNDEBUG,wikimedia_wikipedia_mxbai,/home/yunchih/code/simsearch/python/out/local_query_embeddings_1024.parquet,/home/yunchih/code/simsearch/python/query_embeddings/combined.jsonl,313,1024,100,10,two_step_RF10,6,0,0.003246,0.000661,0.003376,0.011622,0.001513,0.021401,0.25111553767168043,0.19047619047619047,313
0bbeb0653a569e5394ac94a502549b079f7a055c,meow1,AMD Ryzen 9 9950X 16-Core Processor,c++ (Ubuntu 15.2.0-4ubuntu4) 15.2.0,CMAKE_CXX_FLAGS:STRING= CMAKE_CXX_FLAGS_RELEASE:STRING=-O3 -DNDEBUG,wikimedia_wikipedia_mxbai,/home/yunchih/code/simsearch/python/out/local_query_embeddings_1024.parquet,/home/yunchih/code/simsearch/python/query_embeddings/combined.jsonl,313,1024,100,10,two_step_mf_RF10,6,0,0.003326,0.000711,0.003417,0.087755,0.001453,0.097613,0.25111553767168043,0.19047619047619047,313
0bbeb0653a569e5394ac94a502549b079f7a055c,meow1,AMD Ryzen 9 9950X 16-Core Processor,c++ (Ubuntu 15.2.0-4ubuntu4) 15.2.0,CMAKE_CXX_FLAGS:STRING= CMAKE_CXX_FLAGS_RELEASE:STRING=-O3 -DNDEBUG,wikimedia_wikipedia_mxbai,/home/yunchih/code/simsearch/python/out/local_query_embeddings_1024.parquet,/home/yunchih/code/simsearch/python/query_embeddings/combined.jsonl,313,1024,100,0,float32_avx2,7,0,0.0,0.0,0.0,0.0,0.0,0.01,1.0000000000000004,1.0,100
0bbeb0653a569e5394ac94a502549b079f7a055c,meow1,AMD Ryzen 9 9950X 16-Core Processor,c++ (Ubuntu 15.2.0-4ubuntu4) 15.2.0,CMAKE_CXX_FLAGS:STRING= CMAKE_CXX_FLAGS_RELEASE:STRING=-O3 -DNDEBUG,wikimedia_wikipedia_mxbai,/home/yunchih/code/simsearch/python/out/local_query_embeddings_1024.parquet,/home/yunchih/code/simsearch/python/query_embeddings/combined.jsonl,313,1024,100,0,binary,7,0,0.003296,0.000701,0.001072,0.0,0.0,0.005821,1.0000000000000004,1.0,100
0bbeb0653a569e5394ac94a502549b079f7a055c,meow1,AMD Ryzen 9 9950X 16-Core Processor,c++ (Ubuntu 15.2.0-4ubuntu4) 15.2.0,CMAKE_CXX_FLAGS:STRING= CMAKE_CXX_FLAGS_RELEASE:STRING=-O3 -DNDEBUG,wikimedia_wikipedia_mxbai,/home/yunchih/code/simsearch/python/out/local_query_embeddings_1024.parquet,/home/yunchih/code/simsearch/python/query_embeddings/combined.jsonl,313,1024,100,10,two_step_RF10,7,0,0.003366,0.000662,0.003406,0.011662,0.001472,0.02155,0.25111553767168043,0.19047619047619047,313
0bbeb0653a569e5394ac94a502549b079f7a055c,meow1,AMD Ryzen 9 9950X 16-Core Processor,c++ (Ubuntu 15.2.0-4ubuntu4) 15.2.0,CMAKE_CXX_FLAGS:STRING= CMAKE_CXX_FLAGS_RELEASE:STRING=-O3 -DNDEBUG,wikimedia_wikipedia_mxbai,/home/yunchih/code/simsearch/python/out/local_query_embeddings_1024.parquet,/home/yunchih/code/simsearch/python/query_embeddings/combined.jsonl,313,1024,100,10,two_step_mf_RF10,7,0,0.003326,0.000711,0.003426,0.087755,0.001503,0.097754,0.25111553767168043,0.19047619047619047,313
0bbeb0653a569e5394ac94a502549b079f7a055c,meow1,AMD Ryzen 9 9950X 16-Core Processor,c++ (Ubuntu 15.2.0-4ubuntu4) 15.2.0,CMAKE_CXX_FLAGS:STRING= CMAKE_CXX_FLAGS_RELEASE:STRING=-O3 -DNDEBUG,wikimedia_wikipedia_mxbai,/home/yunchih/code/simsearch/python/out/local_query_embeddings_1024.parquet,/home/yunchih/code/simsearch/python/query_embeddings/combined.jsonl,313,1024,100,0,float32_avx2,8,0,0.0,0.0,0.0,0.0,0.0,0.01,1.0000000000000004,1.0,100
0bbeb0653a569e5394ac94a502549b079f7a055c,meow1,AMD Ryzen 9 9950X 16-Core Processor,c++ (Ubuntu 15.2.0-4ubuntu4) 15.2.0,CMAKE_CXX_FLAGS:STRING= CMAKE_CXX_FLAGS_RELEASE:STRING=-O3 -DNDEBUG,wikimedia_wikipedia_mxbai,/home/yunchih/code/simsearch/python/out/local_query_embeddings_1024.parquet,/home/yunchih/code/simsearch/python/query_embeddings/combined.jsonl,313,1024,100,0,binary,8,0,0.003446,0.000712,0.001102,0.0,0.0,0.006021,1.0000000000000004,1.0,100
0bbeb0653a569e5394ac94a502549b079f7a055c,meow1,AMD Ryzen 9 9950X 16-Core Processor,c++ (Ubuntu 15.2.0-4ubuntu4) 15.2.0,CMAKE_CXX_FLAGS:STRING= CMAKE_CXX_FLAGS_RELEASE:STRING=-O3 -DNDEBUG,wikimedia_wikipedia_mxbai,/home/yunchih/code/simsearch/python/out/local_query_embeddings_1024.parquet,/home/yunchih/code/simsearch/python/query_embeddings/combined.jsonl,313,1024,100,10,two_step_RF10,8,0,0.003337,0.000661,0.003386,0.011632,0.001453,0.021421,0.25111553767168043,0.19047619047619047,313
0bbeb0653a569e5394ac94a502549b079f7a055c,meow1,AMD Ryzen 9 9950X 16-Core Processor,c++ (Ubuntu 15.2.0-4ubuntu4) 15.2.0,CMAKE_CXX_FLAGS:STRING= CMAKE_CXX_FLAGS_RELEASE:STRING=-O3 -DNDEBUG,wikimedia_wikipedia_mxbai,/home/yunchih/code/simsearch/python/out/local_query_embeddings_1024.parquet,/home/yunchih/code/simsearch/python/query_embeddings/combined.jsonl,313,1024,100,10,two_step_mf_RF10,8,0,0.003276,0.000721,0.003367,0.088026,0.001412,0.097813,0.25111553767168043,0.19047619047619047,313
0bbeb0653a569e5394ac94a502549b079f7a055c,meow1,AMD Ryzen 9 9950X 16-Core Processor,c++ (Ubuntu 15.2.0-4ubuntu4) 15.2.0,CMAKE_CXX_FLAGS:STRING= CMAKE_CXX_FLAGS_RELEASE:STRING=-O3 -DNDEBUG,wikimedia_wikipedia_mxbai,/home/yunchih/code/simsearch/python/out/local_query_embeddings_1024.parquet,/home/yunchih/code/simsearch/python/query_embeddings/combined.jsonl,313,1024,100,0,float32_avx2,9,0,0.0,0.0,0.0,0.0,0.0,0.01,1.0000000000000004,1.0,100
0bbeb0653a569e5394ac94a502549b079f7a055c,meow1,AMD Ryzen 9 9950X 16-Core Processor,c++ (Ubuntu 15.2.0-4ubuntu4) 15.2.0,CMAKE_CXX_FLAGS:STRING= CMAKE_CXX_FLAGS_RELEASE:STRING=-O3 -DNDEBUG,wikimedia_wikipedia_mxbai,/home/yunchih/code/simsearch/python/out/local_query_embeddings_1024.parquet,/home/yunchih/code/simsearch/python/query_embeddings/combined.jsonl,313,1024,100,0,binary,9,0,0.003536,0.000702,0.001022,0.0,0.0,0.006051,1.0000000000000004,1.0,100
0bbeb0653a569e5394ac94a502549b079f7a055c,meow1,AMD Ryzen 9 9950X 16-Core Processor,c++ (Ubuntu 15.2.0-4ubuntu4) 15.2.0,CMAKE_CXX_FLAGS:STRING= CMAKE_CXX_FLAGS_RELEASE:STRING=-O3 -DNDEBUG,wikimedia_wikipedia_mxbai,/home/yunchih/code/simsearch/python/out/local_query_embeddings_1024.parquet,/home/yunchih/code/simsearch/python/query_embeddings/combined.jsonl,313,1024,100,10,two_step_RF10,9,0,0.003517,0.000661,0.003376,0.011712,0.001423,0.021701,0.25111553767168043,0.19047619047619047,313
0bbeb0653a569e5394ac94a502549b079f7a055c,meow1,AMD Ryzen 9 9950X 16-Core Processor,c++ (Ubuntu 15.2.0-4ubuntu4) 15.2.0,CMAKE_CXX_FLAGS:STRING= CMAKE_CXX_FLAGS_RELEASE:STRING=-O3 -DNDEBUG,wikimedia_wikipedia_mxbai,/home/yunchih/code/simsearch/python/out/local_query_embeddings_1024.parquet,/home/yunchih/code/simsearch/python/query_embeddings/combined.jsonl,313,1024,100,10,two_step_mf_RF10,9,0,0.003456,0.000722,0.003366,0.087825,0.001423,0.097773,0.25111553767168043,0.19047619047619047,313
0bbeb0653a569e5394ac94a502549b079f7a055c,meow1,AMD Ryzen 9 9950X 16-Core Processor,c++ (Ubuntu 15.2.0-4ubuntu4) 15.2.0,CMAKE_CXX_FLAGS:STRING= CMAKE_CXX_FLAGS_RELEASE:STRING=-O3 -DNDEBUG,wikimedia_wikipedia_mxbai,/home/yunchih/code/simsearch/python/out/local_query_embeddings_1024.parquet,/home/yunchih/code/simsearch/python/query_embeddings/combined.jsonl,313,1024,100,0,float32_avx2,10,0,0.0,0.0,0.0,0.0,0.0,0.01,1.0000000000000004,1.0,100
0bbeb0653a569e5394ac94a502549b079f7a055c,meow1,AMD Ryzen 9 9950X 16-Core Processor,c++ (Ubuntu 15.2.0-4ubuntu4) 15.2.0,CMAKE_CXX_FLAGS:STRING= CMAKE_CXX_FLAGS_RELEASE:STRING=-O3 -DNDEBUG,wikimedia_wikipedia_mxbai,/home/yunchih/code/simsearch/python/out/local_query_embeddings_1024.parquet,/home/yunchih/code/simsearch/python/query_embeddings/combined.jsonl,313,1024,100,0,binary,10,0,0.003376,0.000721,0.001052,0.0,0.0,0.005901,1.0000000000000004,1.0,100
0bbeb0653a569e5394ac94a502549b079f7a055c,meow1,AMD Ryzen 9 9950X 16-Core Processor,c++ (Ubuntu 15.2.0-4ubuntu4) 15.2.0,CMAKE_CXX_FLAGS:STRING= CMAKE_CXX_FLAGS_RELEASE:STRING=-O3 -DNDEBUG,wikimedia_wikipedia_mxbai,/home/yunchih/code/simsearch/python/out/local_query_embeddings_1024.parquet,/home/yunchih/code/simsearch/python/query_embeddings/combined.jsonl,313,1024,100,10,two_step_RF10,10,0,0.003206,0.000672,0.003416,0.011942,0.001473,0.021691,0.25111553767168043,0.19047619047619047,313
0bbeb0653a569e5394ac94a502549b079f7a055c,meow1,AMD Ryzen 9 9950X 16-Core Processor,c++ (Ubuntu 15.2.0-4ubuntu4) 15.2.0,CMAKE_CXX_FLAGS:STRING= CMAKE_CXX_FLAGS_RELEASE:STRING=-O3 -DNDEBUG,wikimedia_wikipedia_mxbai,/home/yunchih/code/simsearch/python/out/local_query_embeddings_1024.parquet,/home/yunchih/code/simsearch/python/query_embeddings/combined.jsonl,313,1024,100,10,two_step_mf_RF10,10,0,0.003337,0.000731,0.003387,0.087785,0.001413,0.097584,0.25111553767168043,0.19047619047619047,313
0bbeb0653a569e5394ac94a502549b079f7a055c,meow1,AMD Ryzen 9 9950X 16-Core Processor,c++ (Ubuntu 15.2.0-4ubuntu4) 15.2.0,CMAKE_CXX_FLAGS:STRING= CMAKE_CXX_FLAGS_RELEASE:STRING=-O3 -DNDEBUG,wikimedia_wikipedia_mxbai,/home/yunchih/code/simsearch/python/out/local_query_embeddings_1024.parquet,/home/yunchih/code/simsearch/python/query_embeddings/combined.jsonl,313,1024,100,0,float32_avx2,11,0,0.0,0.0,0.0,0.0,0.0,0.01,1.0000000000000004,1.0,100
0bbeb0653a569e5394ac94a502549b079f7a055c,meow1,AMD Ryzen 9 9950X 16-Core Processor,c++ (Ubuntu 15.2.0-4ubuntu4) 15.2.0,CMAKE_CXX_FLAGS:STRING= CMAKE_CXX_FLAGS_RELEASE:STRING=-O3 -DNDEBUG,wikimedia_wikipedia_mxbai,/home/yunchih/code/simsearch/python/out/local_query_embeddings_1024.parquet,/home/yunchih/code/simsearch/python/query_embeddings/combined.jsonl,313,1024,100,0,binary,11,0,0.003446,0.000732,0.001042,0.0,0.0,0.005961,1.0000000000000004,1.0,100
0bbeb0653a569e5394ac94a502549b079f7a055c,meow1,AMD Ryzen 9 9950X 16-Core Processor,c++ (Ubuntu 15.2.0-4ubuntu4) 15.2.0,CMAKE_CXX_FLAGS:STRING= CMAKE_CXX_FLAGS_RELEASE:STRING=-O3 -DNDEBUG,wikimedia_wikipedia_mxbai,/home/yunchih/code/simsearch/python/out/local_query_embeddings_1024.parquet,/home/yunchih/code/simsearch/python/query_embeddings/combined.jsonl,313,1024,100,10,two_step_RF10,11,0,0.003237,0.000661,0.003426,0.011952,0.001453,0.021691,0.25111553767168043,0.19047619047619047,313
0bbeb0653a569e5394ac94a502549b079f7a055c,meow1,AMD Ryzen 9 9950X 16-Core Processor,c++ (Ubuntu 15.2.0-4ubuntu4) 15.2.0,CMAKE_CXX_FLAGS:STRING= CMAKE_CXX_FLAGS_RELEASE:STRING=-O3 -DNDEBUG,wikimedia_wikipedia_mxbai,/home/yunchih/code/simsearch/python/out/local_query_embeddings_1024.parquet,/home/yunchih/code/simsearch/python/query_embeddings/combined.jsonl,313,1024,100,10,two_step_mf_RF10,11,0,0.003186,0.000712,0.003466,0.087715,0.001453,0.097503,0.25111553767168043,0.19047619047619047,313
0bbeb0653a569e5394ac94a502549b079f7a055c,meow1,AMD Ryzen 9 9950X 16-Core Processor,c++ (Ubuntu 15.2.0-4ubuntu4) 15.2.0,CMAKE_CXX_FLAGS:STRING= CMAKE_CXX_FLAGS_RELEASE:STRING=-O3 -DNDEBUG,wikimedia_wikipedia_mxbai,/home/yunchih/code/simsearch/python/out/local_query_embeddings_1024.parquet,/home/yunchih/code/simsearch/python/query_embeddings/combined.jsonl,313,1024,100,0,float32_avx2,12,0,0.0,0.0,0.0,0.0,0.0,0.01,1.0000000000000004,1.0,100
0bbeb0653a569e5394ac94a502549b079f7a055c,meow1,AMD Ryzen 9 9950X 16-Core Processor,c++ (Ubuntu 15.2.0-4ubuntu4) 15.2.0,CMAKE_CXX_FLAGS:STRING= CMAKE_CXX_FLAGS_RELEASE:STRING=-O3 -DNDEBUG,wikimedia_wikipedia_mxbai,/home/yunchih/code/simsearch/python/out/local_query_embeddings_1024.parquet,/home/yunchih/code/simsearch/python/query_embeddings/combined.jsonl,313,1024,100,0,binary,12,0,0.003477,0.000761,0.001082,0.0,0.0,0.006041,1.0000000000000004,1.0,100
0bbeb0653a569e5394ac94a502549b079f7a055c,meow1,AMD Ryzen 9 9950X 16-Core Processor,c++ (Ubuntu 15.2.0-4ubuntu4) 15.2.0,CMAKE_CXX_FLAGS:STRING= CMAKE_CXX_FLAGS_RELEASE:STRING=-O3 -DNDEBUG,wikimedia_wikipedia_mxbai,/home/yunchih/code/simsearch/python/out/local_query_embeddings_1024.parquet,/home/yunchih/code/simsearch/python/query_embeddings/combined.jsonl,313,1024,100,10,two_step_RF10,12,0,0.003206,0.000731,0.003447,0.011893,0.001432,0.02168,0.25111553767168043,0.19047619047619047,313
0bbeb0653a569e5394ac94a502549b079f7a055c,meow1,AMD Ryzen 9 9950X 16-Core Processor,c++ (Ubuntu 15.2.0-4ubuntu4) 15.2.0,CMAKE_CXX_FLAGS:STRING= CMAKE_CXX_FLAGS_RELEASE:STRING=-O3 -DNDEBUG,wikimedia_wikipedia_mxbai,/home/yunchih/code/simsearch/python/out/local_query_embeddings_1024.parquet,/home/yunchih/code/simsearch/python/query_embeddings/combined.jsonl,313,1024,100,10,two_step_mf_RF10,12,0,0.003306,0.000811,0.003387,0.088847,0.001413,0.098686,0.25111553767168043,0.19047619047619047,313
0bbeb0653a569e5394ac94a502549b079f7a055c,meow1,AMD Ryzen 9 9950X 16-Core Processor,c++ (Ubuntu 15.2.0-4ubuntu4) 15.2.0,CMAKE_CXX_FLAGS:STRING= CMAKE_CXX_FLAGS_RELEASE:STRING=-O3 -DNDEBUG,wikimedia_wikipedia_mxbai,/home/yunchih/code/simsearch/python/out/local_query_embeddings_1024.parquet,/home/yunchih/code/simsearch/python/query_embeddings/combined.jsonl,313,1024,100,0,float32_avx2,13,0,0.0,0.0,0.0,0.0,0.0,0.012,1.0000000000000004,1.0,100
0bbeb0653a569e5394ac94a502549b079f7a055c,meow1,AMD Ryzen 9 9950X 16-Core Processor,c++ (Ubuntu 15.2.0-4ubuntu4) 15.2.0,CMAKE_CXX_FLAGS:STRING= CMAKE_CXX_FLAGS_RELEASE:STRING=-O3 -DNDEBUG,wikimedia_wikipedia_mxbai,/home/yunchih/code/simsearch/python/out/local_query_embeddings_1024.parquet,/home/yunchih/code/simsearch/python/query_embeddings/combined.jsonl,313,1024,100,0,binary,13,0,0.003316,0.000761,0.001051,0.0,0.0,0.005831,1.0000000000000004,1.0,100
0bbeb0653a569e5394ac94a502549b079f7a055c,meow1,AMD Ryzen 9 9950X 16-Core Processor,c++ (Ubuntu 15.2.0-4ubuntu4) 15.2.0,CMAKE_CXX_FLAGS:STRING= CMAKE_CXX_FLAGS_RELEASE:STRING=-O3 -DNDEBUG,wikimedia_wikipedia_mxbai,/home/yunchih/code/simsearch/python/out/local_query_embeddings_1024.parquet,/home/yunchih/code/simsearch/python/query_embeddings/combined.jsonl,313,1024,100,10,two_step_RF10,13,0,0.003226,0.000722,0.003386,0.011932,0.001473,0.021691,0.25111553767168043,0.19047619047619047,313
0bbeb0653a569e5394ac94a502549b079f7a055c,meow1,AMD Ryzen 9 9950X 16-Core Processor,c++ (Ubuntu 15.2.0-4ubuntu4) 15.2.0,CMAKE_CXX_FLAGS:STRING= CMAKE_CXX_FLAGS_RELEASE:STRING=-O3 -DNDEBUG,wikimedia_wikipedia_mxbai,/home/yunchih/code/simsearch/python/out/local_query_embeddings_1024.parquet,/home/yunchih/code/simsearch/python/query_embeddings/combined.jsonl,313,1024,100,10,two_step_mf_RF10,13,0,0.003166,0.000792,0.003406,0.087815,0.001422,0.097533,0.25111553767168043,0.19047619047619047,313
0bbeb0653a569e5394ac94a502549b079f7a055c,meow1,AMD Ryzen 9 9950X 16-Core Processor,c++ (Ubuntu 15.2.0-4ubuntu4) 15.2.0,CMAKE_CXX_FLAGS:STRING= CMAKE_CXX_FLAGS_RELEASE:STRING=-O3 -DNDEBUG,wikimedia_wikipedia_mxbai,/home/yunchih/code/simsearch/python/out/local_query_embeddings_1024.parquet,/home/yunchih/code/simsearch/python/query_embeddings/combined.jsonl,313,1024,100,0,float32_avx2,14,0,0.0,0.0,0.0,0.0,0.0,0.012,1.0000000000000004,1.0,100
0bbeb0653a569e5394ac94a502549b079f7a055c,meow1,AMD Ryzen 9 9950X 16-Core Processor,c++ (Ubuntu 15.2.0-4ubuntu4) 15.2.0,CMAKE_CXX_FLAGS:STRING= CMAKE_CXX_FLAGS_RELEASE:STRING=-O3 -DNDEBUG,wikimedia_wikipedia_mxbai,/home/yunchih/code/simsearch/python/out/local_query_embeddings_1024.parquet,/home/yunchih/code/simsearch/python/query_embeddings/combined.jsonl,313,1024,100,0,binary,14,0,0.003457,0.000761,0.001032,0.0,0.0,0.005961,1.0000000000000004,1.0,100
0bbeb0653a569e5394ac94a502549b079f7a055c,meow1,AMD Ryzen 9 9950X 16-Core Processor,c++ (Ubuntu 15.2.0-4ubuntu4) 15.2.0,CMAKE_CXX_FLAGS:STRING= CMAKE_CXX_FLAGS_RELEASE:STRING=-O3 -DNDEBUG,wikimedia_wikipedia_mxbai,/home/yunchih/code/simsearch/python/out/local_query_embeddings_1024.parquet,/home/yunchih/code/simsearch/python/query_embeddings/combined.jsonl,313,1024,100,10,two_step_RF10,14,0,0.010179,0.000761,0.003907,0.013114,0.001734,0.03207,0.25111553767168043,0.19047619047619047,313
0bbeb0653a569e5394ac94a502549b079f7a055c,meow1,AMD Ryzen 9 9950X 16-Core Processor,c++ (Ubuntu 15.2.0-4ubuntu4) 15.2.0,CMAKE_CXX_FLAGS:STRING= CMAKE_CXX_FLAGS_RELEASE:STRING=-O3 -DNDEBUG,wikimedia_wikipedia_mxbai,/home/yunchih/code/simsearch/python/out/local_query_embeddings_1024.parquet,/home/yunchih/code/simsearch/python/query_embeddings/combined.jsonl,313,1024,100,10,two_step_mf_RF10,14,0,0.003597,0.000702,0.003807,0.088125,0.001723,0.100068,0.25111553767168043,0.19047619047619047,313
0bbeb0653a569e5394ac94a502549b079f7a055c,meow1,AMD Ryzen 9 9950X 16-Core Processor,c++ (Ubuntu 15.2.0-4ubuntu4) 15.2.0,CMAKE_CXX_FLAGS:STRING= CMAKE_CXX_FLAGS_RELEASE:STRING=-O3 -DNDEBUG,wikimedia_wikipedia_mxbai,/home/yunchih/code/simsearch/python/out/local_query_embeddings_1024.parquet,/home/yunchih/code/simsearch/python/query_embeddings/combined.jsonl,313,1024,100,0,float32_avx2,15,0,0.0,0.0,0.0,0.0,0.0,0.011,1.0000000000000004,1.0,100
0bbeb0653a569e5394ac94a502549b079f7a055c,meow1,AMD Ryzen 9 9950X 16-Core Processor,c++ (Ubuntu 15.2.0-4ubuntu4) 15.2.0,CMAKE_CXX_FLAGS:STRING= CMAKE_CXX_FLAGS_RELEASE:STRING=-O3 -DNDEBUG,wikimedia_wikipedia_mxbai,/home/yunchih/code/simsearch/python/out/local_query_embeddings_1024.parquet,/home/yunchih/code/simsearch/python/query_embeddings/combined.jsonl,313,1024,100,0,binary,15,0,0.003527,0.000712,0.001312,0.0,0.0,0.006492,1.0000000000000004,1.0,100
0bbeb0653a569e5394ac94a502549b079f7a055c,meow1,AMD Ryzen 9 9950X 16-Core Processor,c++ (Ubuntu 15.2.0-4ubuntu4) 15.2.0,CMAKE_CXX_FLAGS:STRING= CMAKE_CXX_FLAGS_RELEASE:STRING=-O3 -DNDEBUG,wikimedia_wikipedia_mxbai,/home/yunchih/code/simsearch/python/out/local_query_embeddings_1024.parquet,/home/yunchih/code/simsearch/python/query_embeddings/combined.jsonl,313,1024,100,10,two_step_RF10,15,0,0.003456,0.000652,0.003586,0.011712,0.001794,0.022342,0.25111553767168043,0.19047619047619047,313
0bbeb0653a569e5394ac94a502549b079f7a055c,meow1,AMD Ryzen 9 9950X 16-Core Processor,c++ (Ubuntu 15.2.0-4ubuntu4) 15.2.0,CMAKE_CXX_FLAGS:STRING= CMAKE_CXX_FLAGS_RELEASE:STRING=-O3 -DNDEBUG,wikimedia_wikipedia_mxbai,/home/yunchih/code/simsearch/python/out/local_query_embeddings_1024.parquet,/home/yunchih/code/simsearch/python/query_embeddings/combined.jsonl,313,1024,100,10,two_step_mf_RF10,15,0,0.003326,0.000731,0.003417,0.087615,0.001663,0.097804,0.25111553767168043,0.19047619047619047,313
0bbeb0653a569e5394ac94a502549b079f7a055c,meow1,AMD Ryzen 9 9950X 16-Core Processor,c++ (Ubuntu 15.2.0-4ubuntu4) 15.2.0,CMAKE_CXX_FLAGS:STRING= CMAKE_CXX_FLAGS_RELEASE:STRING=-O3 -DNDEBUG,wikimedia_wikipedia_mxbai,/home/yunchih/code/simsearch/python/out/local_query_embeddings_1024.parquet,/home/yunchih/code/simsearch/python/query_embeddings/combined.jsonl,313,1024,100,0,float32_avx2,16,0,0.0,0.0,0.0,0.0,0.0,0.01,1.0000000000000004,1.0,100
0bbeb0653a569e5394ac94a502549b079f7a055c,meow1,AMD Ryzen 9 9950X 16-Core Processor,c++ (Ubuntu 15.2.0-4ubuntu4) 15.2.0,CMAKE_CXX_FLAGS:STRING= CMAKE_CXX_FLAGS_RELEASE:STRING=-O3 -DNDEBUG,wikimedia_wikipedia_mxbai,/home/yunchih/code/simsearch/python/out/local_query_embeddings_1024.parquet,/home/yunchih/code/simsearch/python/query_embeddings/combined.jsonl,313,1024,100,0,binary,16,0,0.003517,0.004428,0.001182,0.0,0.0,0.009908,1.0000000000000004,1.0,100
0bbeb0653a569e5394ac94a502549b079f7a055c,meow1,AMD Ryzen 9 9950X 16-Core Processor,c++ (Ubuntu 15.2.0-4ubuntu4) 15.2.0,CMAKE_CXX_FLAGS:STRING= CMAKE_CXX_FLAGS_RELEASE:STRING=-O3 -DNDEBUG,wikimedia_wikipedia_mxbai,/home/yunchih/code/simsearch/python/out/local_query_embeddings_1024.parquet,/home/yunchih/code/simsearch/python/query_embeddings/combined.jsonl,313,1024,100,10,two_step_RF10,16,0,0.003116,0.000661,0.003457,0.011772,0.001634,0.021621,0.25111553767168043,0.19047619047619047,313
0bbeb0653a569e5394ac94a502549b079f7a055c,meow1,AMD Ryzen 9 9950X 16-Core Processor,c++ (Ubuntu 15.2.0-4ubuntu4) 15.2.0,CMAKE_CXX_FLAGS:STRING= CMAKE_CXX_FLAGS_RELEASE:STRING=-O3 -DNDEBUG,wikimedia_wikipedia_mxbai,/home/yunchih/code/simsearch/python/out/local_query_embeddings_1024.parquet,/home/yunchih/code/simsearch/python/query_embeddings/combined.jsonl,313,1024,100,10,two_step_mf_RF10,16,0,0.003366,0.000721,0.003486,0.088877,0.001684,0.099086,0.25111553767168043,0.19047619047619047,313
0bbeb0653a569e5394ac94a502549b079f7a055c,meow1,AMD Ryzen 9 9950X 16-Core Processor,c++ (Ubuntu 15.2.0-4ubuntu4) 15.2.0,CMAKE_CXX_FLAGS:STRING= CMAKE_CXX_FLAGS_RELEASE:STRING=-O3 -DNDEBUG,wikimedia_wikipedia_mxbai,/home/yunchih/code/simsearch/python/out/local_query_embeddings_1024.parquet,/home/yunchih/code/simsearch/python/query_embeddings/combined.jsonl,313,1024,100,0,float32_avx2,17,0,0.0,0.0,0.0,0.0,0.0,0.01,1.0000000000000004,1.0,100
0bbeb0653a569e5394ac94a502549b079f7a055c,meow1,AMD Ryzen 9 9950X 16-Core Processor,c++ (Ubuntu 15.2.0-4ubuntu4) 15.2.0,CMAKE_CXX_FLAGS:STRING= CMAKE_CXX_FLAGS_RELEASE:STRING=-O3 -DNDEBUG,wikimedia_wikipedia_mxbai,/home/yunchih/code/simsearch/python/out/local_query_embeddings_1024.parquet,/home/yunchih/code/simsearch/python/query_embeddings/combined.jsonl,313,1024,100,0,binary,17,0,0.003407,0.000721,0.001042,0.0,0.0,0.005921,1.0000000000000004,1.0,100
0bbeb0653a569e5394ac94a502549b079f7a055c,meow1,AMD Ryzen 9 9950X 16-Core Processor,c++ (Ubuntu 15.2.0-4ubuntu4) 15.2.0,CMAKE_CXX_FLAGS:STRING= CMAKE_CXX_FLAGS_RELEASE:STRING=-O3 -DNDEBUG,wikimedia_wikipedia_mxbai,/home/yunchih/code/simsearch/python/out/local_query_embeddings_1024.parquet,/home/yunchih/code/simsearch/python/query_embeddings/combined.jsonl,313,1024,100,10,two_step_RF10,17,0,0.003176,0.000661,0.003397,0.011662,0.001493,0.02136,0.25111553767168043,0.19047619047619047,313
0bbeb0653a569e5394ac94a502549b079f7a055c,meow1,AMD Ryzen 9 9950X 16-Core Processor,c++ (Ubuntu 15.2.0-4ubuntu4) 15.2.0,CMAKE_CXX_FLAGS:STRING= CMAKE_CXX_FLAGS_RELEASE:STRING=-O3 -DNDEBUG,wikimedia_wikipedia_mxbai,/home/yunchih/code/simsearch/python/out/local_query_embeddings_1024.parquet,/home/yunchih/code/simsearch/python/query_embeddings/combined.jsonl,313,1024,100,10,two_step_mf_RF10,17,0,0.003306,0.000731,0.003446,0.087574,0.001463,0.097503,0.25111553767168043,0.19047619047619047,313
0bbeb0653a569e5394ac94a502549b079f7a055c,meow1,AMD Ryzen 9 9950X 16-Core Processor,c++ (Ubuntu 15.2.0-4ubuntu4) 15.2.0,CMAKE_CXX_FLAGS:STRING= CMAKE_CXX_FLAGS_RELEASE:STRING=-O3 -DNDEBUG,wikimedia_wikipedia_mxbai,/home/yunchih/code/simsearch/python/out/local_query_embeddings_1024.parquet,/home/yunchih/code/simsearch/python/query_embeddings/combined.jsonl,313,1024,100,0,float32_avx2,18,0,0.0,0.0,0.0,0.0,0.0,0.01,1.0000000000000004,1.0,100
0bbeb0653a569e5394ac94a502549b079f7a055c,meow1,AMD Ryzen 9 9950X 16-Core Processor,c++ (Ubuntu 15.2.0-4ubuntu4) 15.2.0,CMAKE_CXX_FLAGS:STRING= CMAKE_CXX_FLAGS_RELEASE:STRING=-O3 -DNDEBUG,wikimedia_wikipedia_mxbai,/home/yunchih/code/simsearch/python/out/local_query_embeddings_1024.parquet,/home/yunchih/code/simsearch/python/query_embeddings/combined.jsonl,313,1024,100,0,binary,18,0,0.003466,0.000712,0.001142,0.0,0.0,0.006072,1.0000000000000004,1.0,100
0bbeb0653a569e5394ac94a502549b079f7a055c,meow1,AMD Ryzen 9 9950X 16-Core Processor,c++ (Ubuntu 15.2.0-4ubuntu4) 15.2.0,CMAKE_CXX_FLAGS:STRING= CMAKE_CXX_FLAGS_RELEASE:STRING=-O3 -DNDEBUG,wikimedia_wikipedia_mxbai,/home/yunchih/code/simsearch/python/out/local_query_embeddings_1024.parquet,/home/yunchih/code/simsearch/python/query_embeddings/combined.jsonl,313,1024,100,10,two_step_RF10,18,0,0.003547,0.000661,0.003407,0.013636,0.001442,0.023655,0.25111553767168043,0.19047619047619047,313
0bbeb0653a569e5394ac94a502549b079f7a055c,meow1,AMD Ryzen 9 9950X 16-Core Processor,c++ (Ubuntu 15.2.0-4ubuntu4) 15.2.0,CMAKE_CXX_FLAGS:STRING= CMAKE_CXX_FLAGS_RELEASE:STRING=-O3 -DNDEBUG,wikimedia_wikipedia_mxbai,/home/yunchih/code/simsearch/python/out/local_query_embeddings_1024.parquet,/home/yunchih/code/simsearch/python/query_embeddings/combined.jsonl,313,1024,100,10,two_step_mf_RF10,18,0,0.003307,0.000711,0.003417,0.087584,0.001483,0.097433,0.25111553767168043,0.19047619047619047,313
0bbeb0653a569e5394ac94a502549b079f7a055c,meow1,AMD Ryzen 9 9950X 16-Core Processor,c++ (Ubuntu 15.2.0-4ubuntu4) 15.2.0,CMAKE_CXX_FLAGS:STRING= CMAKE_CXX_FLAGS_RELEASE:STRING=-O3 -DNDEBUG,wikimedia_wikipedia_mxbai,/home/yunchih/code/simsearch/python/out/local_query_embeddings_1024.parquet,/home/yunchih/code/simsearch/python/query_embeddings/combined.jsonl,313,1024,100,0,float32_avx2,19,0,0.0,0.0,0.0,0.0,0.0,0.01,1.0000000000000004,1.0,100
0bbeb0653a569e5394ac94a502549b079f7a055c,meow1,AMD Ryzen 9 9950X 16-Core Processor,c++ (Ubuntu 15.2.0-4ubuntu4) 15.2.0,CMAKE_CXX_FLAGS:STRING= CMAKE_CXX_FLAGS_RELEASE:STRING=-O3 -DNDEBUG,wikimedia_wikipedia_mxbai,/home/yunchih/code/simsearch/python/out/local_query_embeddings_1024.parquet,/home/yunchih/code/simsearch/python/query_embeddings/combined.jsonl,313,1024,100,0,binary,19,0,0.003537,0.000711,0.001052,0.0,0.0,0.006062,1.0000000000000004,1.0,100
0bbeb0653a569e5394ac94a502549b079f7a055c,meow1,AMD Ryzen 9 9950X 16-Core Processor,c++ (Ubuntu 15.2.0-4ubuntu4) 15.2.0,CMAKE_CXX_FLAGS:STRING= CMAKE_CXX_FLAGS_RELEASE:STRING=-O3 -DNDEBUG,wikimedia_wikipedia_mxbai,/home/yunchih/code/simsearch/python/out/local_query_embeddings_1024.parquet,/home/yunchih/code/simsearch/python/query_embeddings/combined.jsonl,313,1024,100,10,two_step_RF10,19,0,0.003336,0.000661,0.003416,0.011812,0.001452,0.021631,0.25111553767168043,0.19047619047619047,313
0bbeb0653a569e5394ac94a502549b079f7a055c,meow1,AMD Ryzen 9 9950X 16-Core Processor,c++ (Ubuntu 15.2.0-4ubuntu4) 15.2.0,CMAKE_CXX_FLAGS:STRING= CMAKE_CXX_FLAGS_RELEASE:STRING=-O3 -DNDEBUG,wikimedia_wikipedia_mxbai,/home/yunchih/code/simsearch/python/out/local_query_embeddings_1024.parquet,/home/yunchih/code/simsearch/python/query_embeddings/combined.jsonl,313,1024,100,10,two_step_mf_RF10,19,0,0.003336,0.000742,0.003436,0.087534,0.001473,0.097463,0.25111553767168043,0.19047619047619047,313
0bbeb0653a569e5394ac94a502549b079f7a055c,meow1,AMD Ryzen 9 9950X 16-Core Processor,c++ (Ubuntu 15.2.0-4ubuntu4) 15.2.0,CMAKE_CXX_FLAGS:STRING= CMAKE_CXX_FLAGS_RELEASE:STRING=-O3 -DNDEBUG,wikimedia_wikipedia_mxbai,/home/yunchih/code/simsearch/python/out/local_query_embeddings_1024.parquet,/home/yunchih/code/simsearch/python/query_embeddings/combined.jsonl,313,1024,100,0,float32_avx2,20,0,0.0,0.0,0.0,0.0,0.0,0.011,1.0000000000000004,1.0,100
0bbeb0653a569e5394ac94a502549b079f7a055c,meow1,AMD Ryzen 9 9950X 16-Core Processor,c++ (Ubuntu 15.2.0-4ubuntu4) 15.2.0,CMAKE_CXX_FLAGS:STRING= CMAKE_CXX_FLAGS_RELEASE:STRING=-O3 -DNDEBUG,wikimedia_wikipedia_mxbai,/home/yunchih/code/simsearch/python/out/local_query_embeddings_1024.parquet,/home/yunchih/code/simsearch/python/query_embeddings/combined.jsonl,313,1024,100,0,binary,20,0,0.003526,0.000742,0.001072,0.0,0.0,0.006122,1.0000000000000004,1.0,100
0bbeb0653a569e5394ac94a502549b079f7a055c,meow1,AMD Ryzen 9 9950X 16-Core Processor,c++ (Ubuntu 15.2.0-4ubuntu4) 15.2.0,CMAKE_CXX_FLAGS:STRING= CMAKE_CXX_FLAGS_RELEASE:STRING=-O3 -DNDEBUG,wikimedia_wikipedia_mxbai,/home/yunchih/code/simsearch/python/out/local_query_embeddings_1024.parquet,/home/yunchih/code/simsearch/python/query_embeddings/combined.jsonl,313,1024,100,10,two_step_RF10,20,0,0.003056,0.000681,0.003357,0.012013,0.001433,0.021521,0.25111553767168043,0.19047619047619047,313
0bbeb0653a569e5394ac94a502549b079f7a055c,meow1,AMD Ryzen 9 9950X 16-Core Processor,c++ (Ubuntu 15.2.0-4ubuntu4) 15.2.0,CMAKE_CXX_FLAGS:STRING= CMAKE_CXX_FLAGS_RELEASE:STRING=-O3 -DNDEBUG,wikimedia_wikipedia_mxbai,/home/yunchih/code/simsearch/python/out/local_query_embeddings_1024.parquet,/home/yunchih/code/simsearch/python/query_embeddings/combined.jsonl,313,1024,100,10,two_step_mf_RF10,20,0,0.003146,0.001122,0.003377,0.090139,0.001663,0.100669,0.25111553767168043,0.19047619047619047,313
0bbeb0653a569e5394ac94a502549b079f7a055c,meow1,AMD Ryzen 9 9950X 16-Core Processor,c++ (Ubuntu 15.2.0-4ubuntu4) 15.2.0,CMAKE_CXX_FLAGS:STRING= CMAKE_CXX_FLAGS_RELEASE:STRING=-O3 -DNDEBUG,wikimedia_wikipedia_mxbai,/home/yunchih/code/simsearch/python/out/local_query_embeddings_1024.parquet,/home/yunchih/code/simsearch/python/query_embeddings/combined.jsonl,313,1024,100,0,float32_avx2,21,0,0.0,0.0,0.0,0.0,0.0,0.012,1.0000000000000004,1.0,100
0bbeb0653a569e5394ac94a502549b079f7a055c,meow1,AMD Ryzen 9 9950X 16-Core Processor,c++ (Ubuntu 15.2.0-4ubuntu4) 15.2.0,CMAKE_CXX_FLAGS:STRING= CMAKE_CXX_FLAGS_RELEASE:STRING=-O3 -DNDEBUG,wikimedia_wikipedia_mxbai,/home/yunchih/code/simsearch/python/out/local_query_embeddings_1024.parquet,/home/yunchih/code/simsearch/python/query_embeddings/combined.jsonl,313,1024,100,0,binary,21,0,0.003536,0.000782,0.001062,0.0,0.0,0.006091,1.0000000000000004,1.0,100
0bbeb0653a569e5394ac94a502549b079f7a055c,meow1,AMD Ryzen 9 9950X 16-Core Processor,c++ (Ubuntu 15.2.0-4ubuntu4) 15.2.0,CMAKE_CXX_FLAGS:STRING= CMAKE_CXX_FLAGS_RELEASE:STRING=-O3 -DNDEBUG,wikimedia_wikipedia_mxbai,/home/yunchih/code/simsearch/python/out/local_query_embeddings_1024.parquet,/home/yunchih/code/simsearch/python/query_embeddings/combined.jsonl,313,1024,100,10,two_step_RF10,21,0,0.003106,0.000751,0.003397,0.012083,0.001403,0.021711,0.25111553767168043,0.19047619047619047,313
0bbeb0653a569e5394ac94a502549b079f7a055c,meow1,AMD Ryzen 9 9950X 16-Core Processor,c++ (Ubuntu 15.2.0-4ubuntu4) 15.2.0,CMAKE_CXX_FLAGS:STRING= CMAKE_CXX_FLAGS_RELEASE:STRING=-O3 -DNDEBUG,wikimedia_wikipedia_mxbai,/home/yunchih/code/simsearch/python/out/local_query_embeddings_1024.parquet,/home/yunchih/code/simsearch/python/query_embeddings/combined.jsonl,313,1024,100,10,two_step_mf_RF10,21,0,0.003256,0.000782,0.003476,0.087424,0.001383,0.097243,0.25111553767168043,0.19047619047619047,313
0bbeb0653a569e5394ac94a502549b079f7a055c,meow1,AMD Ryzen 9 9950X 16-Core Processor,c++ (Ubuntu 15.2.0-4ubuntu4) 15.2.0,CMAKE_CXX_FLAGS:STRING= CMAKE_CXX_FLAGS_RELEASE:STRING=-O3 -DNDEBUG,wikimedia_wikipedia_mxbai,/home/yunchih/code/simsearch/python/out/local_query_embeddings_1024.parquet,/home/yunchih/code/simsearch/python/query_embeddings/combined.jsonl,313,1024,100,0,float32_avx2,22,0,0.0,0.0,0.0,0.0,0.0,0.012,1.0000000000000004,1.0,100
0bbeb0653a569e5394ac94a502549b079f7a055c,meow1,AMD Ryzen 9 9950X 16-Core Processor,c++ (Ubuntu 15.2.0-4ubuntu4) 15.2.0,CMAKE_CXX_FLAGS:STRING= CMAKE_CXX_FLAGS_RELEASE:STRING=-O3 -DNDEBUG,wikimedia_wikipedia_mxbai,/home/yunchih/code/simsearch/python/out/local_query_embeddings_1024.parquet,/home/yunchih/code/simsearch/python/query_embeddings/combined.jsonl,313,1024,100,0,binary,22,0,0.003626,0.000772,0.001062,0.0,0.0,0.006171,1.0000000000000004,1.0,100
0bbeb0653a569e5394ac94a502549b079f7a055c,meow1,AMD Ryzen 9 9950X 16-Core Processor,c++ (Ubuntu 15.2.0-4ubuntu4) 15.2.0,CMAKE_CXX_FLAGS:STRING= CMAKE_CXX_FLAGS_RELEASE:STRING=-O3 -DNDEBUG,wikimedia_wikipedia_mxbai,/home/yunchih/code/simsearch/python/out/local_query_embeddings_1024.parquet,/home/yunchih/code/simsearch/python/query_embeddings/combined.jsonl,313,1024,100,10,two_step_RF10,22,0,0.003246,0.000732,0.003386,0.012112,0.001402,0.021841,0.25111553767168043,0.19047619047619047,313
0bbeb0653a569e5394ac94a502549b079f7a055c,meow1,AMD Ryzen 9 9950X 16-Core Processor,c++ (Ubuntu 15.2.0-4ubuntu4) 15.2.0,CMAKE_CXX_FLAGS:STRING= CMAKE_CXX_FLAGS_RELEASE:STRING=-O3 -DNDEBUG,wikimedia_wikipedia_mxbai,/home/yunchih/code/simsearch/python/out/local_query_embeddings_1024.parquet,/home/yunchih/code/simsearch/python/query_embeddings/combined.jsonl,313,1024,100,10,two_step_mf_RF10,22,0,0.003426,0.000772,0.003376,0.11176,0.001413,0.121678,0.25111553767168043,0.19047619047619047,313
0bbeb0653a569e5394ac94a502549b079f7a055c,meow1,AMD Ryzen 9 9950X 16-Core Processor,c++ (Ubuntu 15.2.0-4ubuntu4) 15.2.0,CMAKE_CXX_FLAGS:STRING= CMAKE_CXX_FLAGS_RELEASE:STRING=-O3 -DNDEBUG,wikimedia_wikipedia_mxbai,/home/yunchih/code/simsearch/python/out/local_query_embeddings_1024.parquet,/home/yunchih/code/simsearch/python/query_embeddings/combined.jsonl,313,1024,100,0,float32_avx2,23,0,0.0,0.0,0.0,0.0,0.0,0.012,1.0000000000000004,1.0,100
0bbeb0653a569e5394ac94a502549b079f7a055c,meow1,AMD Ryzen 9 9950X 16-Core Processor,c++ (Ubuntu 15.2.0-4ubuntu4) 15.2.0,CMAKE_CXX_FLAGS:STRING= CMAKE_CXX_FLAGS_RELEASE:STRING=-O3 -DNDEBUG,wikimedia_wikipedia_mxbai,/home/yunchih/code/simsearch/python/out/local_query_embeddings_1024.parquet,/home/yunchih/code/simsearch/python/query_embeddings/combined.jsonl,313,1024,100,0,binary,23,0,0.003346,0.000792,0.001052,0.0,0.0,0.005891,1.0000000000000004,1.0,100
0bbeb0653a569e5394ac94a502549b079f7a055c,meow1,AMD Ryzen 9 9950X 16-Core Processor,c++ (Ubuntu 15.2.0-4ubuntu4) 15.2.0,CMAKE_CXX_FLAGS:STRING= CMAKE_CXX_FLAGS_RELEASE:STRING=-O3 -DNDEBUG,wikimedia_wikipedia_mxbai,/home/yunchih/code/simsearch/python/out/local_query_embeddings_1024.parquet,/home/yunchih/code/simsearch/python/query_embeddings/combined.jsonl,313,1024,100,10,two_step_RF10,23,0,0.003236,0.000771,0.003357,0.012163,0.001413,0.021901,0.25111553767168043,0.19047619047619047,313
0bbeb0653a569e5394ac94a502549b079f7a055c,meow1,AMD Ryzen 9 9950X 16-Core Processor,c++ (Ubuntu 15.2.0-4ubuntu4) 15.2.0,CMAKE_CXX_FLAGS:STRING= CMAKE_CXX_FLAGS_RELEASE:STRING=-O3 -DNDEBUG,wikimedia_wikipedia_mxbai,/home/yunchih/code/simsearch/python/out/local_query_embeddings_1024.parquet,/home/yunchih/code/simsearch/python/query_embeddings/combined.jsonl,313,1024,100,10,two_step_mf_RF10,23,0,0.003266,0.000801,0.003406,0.087535,0.001432,0.097373,0.25111553767168043,0.19047619047619047,313
0bbeb0653a569e5394ac94a502549b079f7a055c,meow1,AMD Ryzen 9 9950X 16-Core Processor,c++ (Ubuntu 15.2.0-4ubuntu4) 15.2.0,CMAKE_CXX_FLAGS:STRING= CMAKE_CXX_FLAGS_RELEASE:STRING=-O3 -DNDEBUG,wikimedia_wikipedia_mxbai,/home/yunchih/code/simsearch/python/out/local_query_embeddings_1024.parquet,/home/yunchih/code/simsearch/python/query_embeddings/combined.jsonl,313,1024,100,0,float32_avx2,24,0,0.0,0.0,0.0,0.0,0.0,0.012,1.0000000000000004,1.0,100
0bbeb0653a569e5394ac94a502549b079f7a055c,meow1,AMD Ryzen 9 9950X 16-Core Processor,c++ (Ubuntu 15.2.0-4ubuntu4) 15.2.0,CMAKE_CXX_FLAGS:STRING= CMAKE_CXX_FLAGS_RELEASE:STRING=-O3 -DNDEBUG,wikimedia_wikipedia_mxbai,/home/yunchih/code/simsearch/python/out/local_query_embeddings_1024.parquet,/home/yunchih/code/simsearch/python/query_embeddings/combined.jsonl,313,1024,100,0,binary,24,0,0.003346,0.000772,0.001022,0.0,0.0,0.005831,1.0000000000000004,1.0,100
0bbeb0653a569e5394ac94a502549b079f7a055c,meow1,AMD Ryzen 9 9950X 16-Core Processor,c++ (Ubuntu 15.2.0-4ubuntu4) 15.2.0,CMAKE_CXX_FLAGS:STRING= CMAKE_CXX_FLAGS_RELEASE:STRING=-O3 -DNDEBUG,wikimedia_wikipedia_mxbai,/home/yunchih/code/simsearch/python/out/local_query_embeddings_1024.parquet,/home/yunchih/code/simsearch/python/query_embeddings/combined.jsonl,313,1024,100,10,two_step_RF10,24,0,0.003136,0.000751,0.003387,0.012143,0.001463,0.021841,0.25111553767168043,0.19047619047619047,313
0bbeb0653a569e5394ac94a502549b079f7a055c,meow1,AMD Ryzen 9 9950X 16-Core Processor,c++ (Ubuntu 15.2.0-4ubuntu4) 15.2.0,CMAKE_CXX_FLAGS:STRING= CMAKE_CXX_FLAGS_RELEASE:STRING=-O3 -DNDEBUG,wikimedia_wikipedia_mxbai,/home/yunchih/code/simsearch/python/out/local_query_embeddings_1024.parquet,/home/yunchih/code/simsearch/python/query_embeddings/combined.jsonl,313,1024,100,10,two_step_mf_RF10,24,0,0.003257,0.000801,0.003377,0.09057,0.001373,0.100319,0.25111553767168043,0.19047619047619047,313
